# Blender v2.80 (sub 35) OBJ File: 'earth.blend'
# www.blender.org
mtllib earth.mtl
o globe_Sphere.004
v -1.376764 -0.760870 -0.861453
v -1.257947 -0.858184 -0.947414
v -1.127016 -0.947234 -1.024250
v -0.985231 -1.027161 -1.091222
v -0.674652 -1.156664 -1.193095
v -0.508850 -1.204993 -1.227015
v -0.338147 -1.241718 -1.249119
v -0.164188 -1.266484 -1.259192
v 0.011353 -1.279053 -1.257139
v 0.186784 -1.279304 -1.242979
v 0.360417 -1.267234 -1.216849
v 0.530578 -1.242961 -1.178999
v 0.853983 -1.158852 -1.069711
v 1.004111 -1.099826 -0.999324
v 1.144568 -1.030208 -0.919314
v 1.274004 -0.950669 -0.830450
v 1.391169 -0.861975 -0.733588
v 1.494937 -0.764979 -0.629661
v 1.716563 -0.433870 -0.285783
v 1.758173 -0.313671 -0.164138
v 1.782851 -0.190451 -0.040913
v 1.780625 0.060288 0.205530
v 1.753743 0.185391 0.326373
v 1.709971 0.308709 0.444074
v -1.574993 -0.557109 -0.652326
v -1.485087 -0.679800 -0.740873
v -1.380879 -0.795943 -0.822285
v -1.263371 -0.904422 -0.895778
v -1.133697 -1.004190 -0.960644
v -0.993105 -1.094287 -1.016259
v -0.842949 -1.173846 -1.062086
v -0.684675 -1.242100 -1.097685
v -0.519806 -1.298392 -1.122713
v -0.349932 -1.342180 -1.136928
v -0.176688 -1.373042 -1.140194
v -0.001742 -1.390680 -1.132480
v 0.173221 -1.394926 -1.113859
v 0.346515 -1.385737 -1.084511
v 0.516473 -1.363204 -1.044718
v 0.681456 -1.327541 -0.994864
v 0.839877 -1.279094 -0.935430
v 0.990209 -1.218329 -0.866986
v 1.131005 -1.145830 -0.790193
v 1.260909 -1.062297 -0.705790
v 1.378669 -0.968532 -0.614590
v 1.483152 -0.865441 -0.517471
v 1.573352 -0.754015 -0.415368
v 1.648399 -0.635327 -0.309265
v 1.707571 -0.510520 -0.200184
v 1.750299 -0.380797 -0.089175
v 1.776170 -0.247407 0.022693
v 1.784935 -0.111634 0.134342
v 1.776511 0.025214 0.244698
v 1.750978 0.161819 0.352697
v 1.708582 0.296866 0.457299
v -1.577068 -0.567617 -0.638099
v -1.489217 -0.700714 -0.712557
v -1.387023 -0.827063 -0.780153
v -1.271472 -0.945446 -0.840235
v -1.143675 -1.054725 -0.892226
v -1.004865 -1.153846 -0.935623
v -0.856377 -1.241855 -0.970011
v -0.699642 -1.317904 -0.995056
v -0.536168 -1.381260 -1.010519
v -0.367532 -1.431315 -1.016249
v -0.195355 -1.467585 -1.012193
v -0.021297 -1.489722 -0.998388
v 0.152966 -1.497512 -0.974969
v 0.325755 -1.490880 -0.942160
v 0.495408 -1.469889 -0.900278
v 0.660290 -1.434744 -0.849725
v 0.818812 -1.385780 -0.790989
v 0.969449 -1.323471 -0.724636
v 1.110750 -1.248416 -0.651303
v 1.241353 -1.161338 -0.571699
v 1.360002 -1.063076 -0.486588
v 1.465553 -0.954576 -0.396792
v 1.556990 -0.836883 -0.303174
v 1.633432 -0.711130 -0.206636
v 1.694143 -0.578529 -0.108109
v 1.738539 -0.440356 -0.008540
v 1.766192 -0.297942 0.091111
v 1.776835 -0.152658 0.189885
v 1.770367 -0.005905 0.286830
v 1.746848 0.140905 0.381012
v 1.706507 0.286359 0.471525
v -1.579807 -0.576681 -0.623019
v -1.494668 -0.718756 -0.682541
v -1.395134 -0.853908 -0.735490
v -1.282165 -0.980837 -0.781356
v -1.156847 -1.098319 -0.819697
v -1.020388 -1.205225 -0.850144
v -0.874103 -1.300523 -0.872404
v -0.719400 -1.383297 -0.886262
v -0.557768 -1.452748 -0.891584
v -0.390764 -1.508209 -0.888320
v -0.219998 -1.549145 -0.876502
v -0.047112 -1.575162 -0.856242
v 0.126227 -1.586009 -0.827736
v 0.298350 -1.581582 -0.791258
v 0.467600 -1.561924 -0.747160
v 0.632348 -1.527223 -0.695867
v 0.791005 -1.477815 -0.637871
v 0.942044 -1.414174 -0.573733
v 1.084011 -1.336914 -0.504070
v 1.215538 -1.246778 -0.429552
v 1.335359 -1.144636 -0.350897
v 1.442320 -1.031470 -0.268863
v 1.535390 -0.908371 -0.184240
v 1.613674 -0.776523 -0.097842
v 1.676417 -0.637197 -0.010502
v 1.723015 -0.491735 0.076939
v 1.753020 -0.341536 0.163639
v 1.766142 -0.188049 0.248764
v 1.762255 -0.032750 0.331492
v 1.741397 0.122863 0.411028
v 1.703768 0.277294 0.486606
v -1.583182 -0.584210 -0.607238
v -1.501385 -0.733740 -0.651132
v -1.405129 -0.876204 -0.688754
v -1.295341 -1.010230 -0.719744
v -1.173078 -1.134527 -0.743803
v -1.039517 -1.247897 -0.760698
v -0.895946 -1.349250 -0.770267
v -0.743746 -1.437608 -0.772418
v -0.584383 -1.512122 -0.767130
v -0.419393 -1.572073 -0.754454
v -0.250363 -1.616884 -0.734513
v -0.078922 -1.646124 -0.707498
v 0.093279 -1.659510 -0.673669
v 0.264581 -1.656915 -0.633352
v 0.433335 -1.638362 -0.586936
v 0.597917 -1.604032 -0.534867
v 0.756739 -1.554253 -0.477647
v 0.908275 -1.489507 -0.415828
v 1.051063 -1.410415 -0.350003
v 1.183728 -1.317740 -0.280808
v 1.304994 -1.212375 -0.208909
v 1.413692 -1.095334 -0.134997
v 1.508775 -0.967744 -0.059786
v 1.589328 -0.830835 0.016002
v 1.654574 -0.685924 0.091635
v 1.703887 -0.534407 0.166386
v 1.736789 -0.377744 0.239534
v 1.752966 -0.217442 0.310376
v 1.752261 -0.055047 0.378228
v 1.734680 0.107879 0.442438
v 1.700393 0.269766 0.502387
v -1.587158 -0.590125 -0.590919
v -1.509299 -0.745514 -0.618651
v -1.416905 -0.893723 -0.640426
v -1.310865 -1.033325 -0.656032
v -1.192200 -1.162975 -0.665321
v -1.062055 -1.281425 -0.668202
v -0.921681 -1.387535 -0.664648
v -0.772431 -1.480281 -0.654693
v -0.615741 -1.558772 -0.638433
v -0.453122 -1.622251 -0.616025
v -0.286139 -1.670107 -0.587684
v -0.116401 -1.701879 -0.553683
v 0.054459 -1.717261 -0.514350
v 0.224794 -1.716104 -0.470064
v 0.392964 -1.698421 -0.421250
v 0.557350 -1.664381 -0.368380
v 0.716369 -1.614311 -0.311961
v 0.868488 -1.548696 -0.252539
v 1.012243 -1.468165 -0.190684
v 1.146250 -1.373495 -0.126993
v 1.269217 -1.265598 -0.062079
v 1.379962 -1.145512 0.003432
v 1.477417 -1.014395 0.068911
v 1.560643 -0.873508 0.133726
v 1.628839 -0.724209 0.197254
v 1.681349 -0.567935 0.258881
v 1.717667 -0.406192 0.318016
v 1.737442 -0.240537 0.374088
v 1.740485 -0.072565 0.426557
v 1.726766 0.096105 0.474918
v 1.696417 0.263850 0.518705
v -1.591695 -0.594367 -0.574230
v -1.518329 -0.753955 -0.585434
v -1.430341 -0.906283 -0.590999
v -1.328577 -1.049883 -0.590873
v -1.214019 -1.183372 -0.585057
v -1.087770 -1.305465 -0.573606
v -0.951044 -1.414985 -0.556631
v -0.805159 -1.510878 -0.534296
v -0.651521 -1.592220 -0.506815
v -0.491607 -1.658229 -0.474453
v -0.326960 -1.708268 -0.437521
v -0.159163 -1.741855 -0.396376
v 0.010167 -1.758667 -0.351414
v 0.179398 -1.758543 -0.303067
v 0.346902 -1.741482 -0.251802
v 0.511065 -1.707651 -0.198112
v 0.670306 -1.657373 -0.142514
v 0.823092 -1.591134 -0.085543
v 0.967951 -1.509572 -0.027748
v 1.103487 -1.413471 0.030313
v 1.228397 -1.303759 0.088083
v 1.341477 -1.181490 0.145005
v 1.441638 -1.047843 0.200530
v 1.527914 -0.904105 0.254124
v 1.599476 -0.751659 0.305270
v 1.655634 -0.591975 0.353477
v 1.695848 -0.426589 0.398279
v 1.719729 -0.257095 0.439246
v 1.727049 -0.085126 0.475983
v 1.717736 0.087664 0.508136
v 1.691880 0.259609 0.535395
v -1.596746 -0.596890 -0.557341
v -1.528382 -0.758979 -0.551819
v -1.445299 -0.913758 -0.540983
v -1.348297 -1.059736 -0.524937
v -1.238310 -1.195510 -0.503835
v -1.116398 -1.319769 -0.477881
v -0.983734 -1.431319 -0.447325
v -0.841596 -1.529084 -0.412461
v -0.691354 -1.612123 -0.373624
v -0.534453 -1.679637 -0.331190
v -0.372405 -1.730975 -0.285565
v -0.206770 -1.765642 -0.237191
v -0.039144 -1.783306 -0.186533
v 0.128859 -1.783795 -0.134077
v 0.295620 -1.767105 -0.080331
v 0.459535 -1.733398 -0.025811
v 0.619024 -1.682996 0.028957
v 0.772552 -1.616387 0.083447
v 0.918640 -1.534210 0.137133
v 1.055880 -1.437259 0.189498
v 1.182952 -1.326466 0.240039
v 1.298632 -1.202898 0.288267
v 1.401805 -1.067746 0.333720
v 1.491477 -0.922311 0.375959
v 1.566786 -0.767993 0.414577
v 1.627006 -0.606279 0.449202
v 1.671557 -0.438726 0.479501
v 1.700010 -0.266948 0.505183
v 1.712091 -0.092600 0.525999
v 1.707683 0.082641 0.541750
v 1.686830 0.257085 0.552283
v -1.602259 -0.597670 -0.540427
v -1.539355 -0.760532 -0.518153
v -1.461626 -0.916068 -0.490890
v -1.369821 -1.062783 -0.458899
v -1.264824 -1.199262 -0.422488
v -1.147646 -1.324192 -0.382009
v -1.019416 -1.436369 -0.337850
v -0.881368 -1.534713 -0.290438
v -0.734832 -1.618277 -0.240229
v -0.581219 -1.686256 -0.187707
v -0.422008 -1.737995 -0.133376
v -0.258734 -1.772996 -0.077761
v -0.092967 -1.790923 -0.021398
v 0.073694 -1.791602 0.035172
v 0.239646 -1.775027 0.091403
v 0.403290 -1.741358 0.146754
v 0.563050 -1.690918 0.200692
v 0.717388 -1.624194 0.252697
v 0.864817 -1.541828 0.302268
v 1.003917 -1.444613 0.348928
v 1.133348 -1.333486 0.392228
v 1.251866 -1.209517 0.431750
v 1.358326 -1.073899 0.467115
v 1.451706 -0.927939 0.497981
v 1.531105 -0.773043 0.524051
v 1.595758 -0.610701 0.545074
v 1.645043 -0.442479 0.560848
v 1.678486 -0.269994 0.571221
v 1.695764 -0.094910 0.576092
v 1.696710 0.081088 0.575416
v 1.681317 0.256305 0.569197
v -1.608177 -0.596699 -0.523660
v -1.551135 -0.758598 -0.484781
v -1.479155 -0.913192 -0.441234
v -1.392929 -1.058991 -0.393437
v -1.293289 -1.194591 -0.341851
v -1.181193 -1.318687 -0.286973
v -1.057723 -1.430083 -0.229331
v -0.924065 -1.527706 -0.169481
v -0.781509 -1.610617 -0.107998
v -0.631426 -1.678017 -0.045476
v -0.475262 -1.729256 0.017485
v -0.314521 -1.763842 0.080277
v -0.150751 -1.781441 0.142296
v 0.014471 -1.781884 0.202945
v 0.179553 -1.765166 0.261640
v 0.342907 -1.731449 0.317814
v 0.502958 -1.681057 0.370928
v 0.658165 -1.614476 0.420469
v 0.807033 -1.532346 0.465962
v 0.948130 -1.435459 0.506967
v 1.080095 -1.324747 0.543089
v 1.201659 -1.201278 0.573981
v 1.311650 -1.066240 0.599346
v 1.409008 -0.920933 0.618938
v 1.492798 -0.766757 0.632570
v 1.562211 -0.605196 0.640110
v 1.616579 -0.437808 0.641485
v 1.655378 -0.266203 0.636682
v 1.678235 -0.092034 0.625748
v 1.684930 0.083021 0.608788
v 1.675398 0.257276 0.585964
v -1.614441 -0.593987 -0.507213
v -1.563602 -0.753199 -0.452045
v -1.497705 -0.905158 -0.392524
v -1.417383 -1.048400 -0.329223
v -1.323412 -1.181545 -0.262751
v -1.216695 -1.303311 -0.193749
v -1.098262 -1.412526 -0.122881
v -0.969251 -1.508137 -0.050829
v -0.830906 -1.589224 0.021711
v -0.684558 -1.655006 0.094044
v -0.531618 -1.704849 0.165470
v -0.373559 -1.738273 0.235303
v -0.211901 -1.754958 0.302869
v -0.048203 -1.754740 0.367519
v 0.115959 -1.737624 0.428630
v 0.279005 -1.703774 0.485612
v 0.439363 -1.653515 0.537918
v 0.595490 -1.587332 0.585044
v 0.745883 -1.505862 0.626535
v 0.889092 -1.409890 0.661992
v 1.023738 -1.300340 0.691074
v 1.148526 -1.178267 0.713501
v 1.262253 -1.044846 0.729056
v 1.363823 -0.901363 0.737590
v 1.452259 -0.749200 0.739020
v 1.526709 -0.589821 0.733334
v 1.586455 -0.424762 0.720585
v 1.630924 -0.255612 0.700896
v 1.659685 -0.084000 0.674457
v 1.672463 0.088420 0.641523
v 1.669135 0.259989 0.602411
v -1.620985 -0.589560 -0.491254
v -1.576627 -0.744389 -0.420281
v -1.517085 -0.892049 -0.345261
v -1.442933 -1.031118 -0.266916
v -1.354885 -1.160257 -0.186000
v -1.253788 -1.278222 -0.103293
v -1.140617 -1.383877 -0.019592
v -1.016461 -1.476205 0.064299
v -0.882516 -1.554316 0.147569
v -0.740072 -1.617458 0.229420
v -0.590500 -1.665022 0.309060
v -0.435242 -1.696552 0.385725
v -0.275791 -1.711744 0.458674
v -0.113685 -1.710450 0.527206
v 0.049515 -1.692683 0.590661
v 0.212240 -1.658615 0.648428
v 0.372919 -1.608574 0.699950
v 0.530008 -1.543041 0.744731
v 0.681993 -1.462648 0.782340
v 0.827409 -1.368169 0.812414
v 0.964857 -1.260513 0.834665
v 1.093013 -1.140719 0.848877
v 1.210642 -1.009938 0.854914
v 1.316613 -0.869431 0.852718
v 1.409903 -0.720551 0.842310
v 1.489616 -0.564732 0.823789
v 1.554983 -0.403474 0.797336
v 1.605374 -0.238330 0.763203
v 1.640305 -0.070891 0.721720
v 1.659438 0.097230 0.673287
v 1.662590 0.264415 0.618370
v -1.627743 -0.583466 -0.475947
v -1.590077 -0.732259 -0.389816
v -1.537099 -0.874000 -0.299930
v -1.469316 -1.007324 -0.207155
v -1.387384 -1.130947 -0.112386
v -1.292091 -1.243678 -0.016535
v -1.184354 -1.344432 0.079476
v -1.065211 -1.432238 0.174722
v -0.935809 -1.506251 0.268284
v -0.797395 -1.565758 0.359264
v -0.651302 -1.610186 0.446783
v -0.498937 -1.639107 0.529999
v -0.341766 -1.652243 0.608112
v -0.181304 -1.649466 0.680367
v -0.019096 -1.630804 0.746071
v 0.143297 -1.596437 0.804590
v 0.304309 -1.546695 0.855360
v 0.462390 -1.482058 0.897892
v 0.616018 -1.403147 0.931777
v 0.763714 -1.310723 0.956689
v 0.904055 -1.205677 0.972387
v 1.035689 -1.089019 0.978721
v 1.157349 -0.961874 0.975628
v 1.267863 -0.825465 0.963141
v 1.366166 -0.681106 0.941377
v 1.451313 -0.530188 0.910548
v 1.522483 -0.374164 0.870950
v 1.578991 -0.214536 0.822963
v 1.620291 -0.052842 0.767052
v 1.645988 0.109361 0.703753
v 1.655833 0.270510 0.633676
v -1.634645 -0.575765 -0.461450
v -1.603814 -0.716932 -0.360960
v -1.557539 -0.851195 -0.256995
v -1.496263 -0.977260 -0.150554
v -1.420577 -1.093914 -0.042664
v -1.331210 -1.200032 0.065637
v -1.229024 -1.294594 0.173306
v -1.115001 -1.376688 0.279307
v -0.990240 -1.445524 0.382617
v -0.855942 -1.500438 0.482242
v -0.713401 -1.540902 0.577224
v -0.563990 -1.566527 0.666646
v -0.409147 -1.577066 0.749648
v -0.250364 -1.572416 0.825431
v -0.089170 -1.552622 0.893264
v 0.072883 -1.517877 0.952495
v 0.234234 -1.468513 1.002553
v 0.393330 -1.405007 1.042955
v 0.548637 -1.327970 1.073314
v 0.698660 -1.238144 1.093335
v 0.841956 -1.136393 1.102828
v 0.977142 -1.023699 1.101699
v 1.102919 -0.901146 1.089961
v 1.218073 -0.769914 1.067726
v 1.321497 -0.631268 1.035208
v 1.412194 -0.486542 0.992720
v 1.489290 -0.337131 0.940672
v 1.552045 -0.184472 0.879564
v 1.599852 -0.030037 0.809986
v 1.632251 0.124687 0.732608
v 1.648931 0.278210 0.648174
v -1.641620 -0.566538 -0.447910
v -1.617697 -0.698567 -0.334012
v -1.578196 -0.823869 -0.216897
v -1.523495 -0.941236 -0.097693
v -1.454122 -1.049539 0.022451
v -1.370746 -1.147734 0.142379
v -1.274168 -1.234875 0.260936
v -1.165319 -1.310124 0.376980
v -1.045248 -1.372756 0.489394
v -0.915111 -1.422168 0.597095
v -0.776160 -1.457882 0.699045
v -0.629734 -1.479557 0.794263
v -0.477244 -1.486984 0.881832
v -0.320158 -1.480089 0.960908
v -0.159989 -1.458940 1.030731
v 0.001722 -1.423742 1.090627
v 0.163416 -1.374831 1.140020
v 0.323536 -1.312681 1.178433
v 0.480540 -1.237888 1.205498
v 0.632916 -1.151174 1.220952
v 0.779197 -1.053373 1.224649
v 0.917974 -0.945429 1.216552
v 1.047910 -0.828378 1.196738
v 1.167754 -0.703351 1.165399
v 1.276352 -0.571549 1.122838
v 1.372659 -0.434243 1.069462
v 1.455745 -0.292756 1.005787
v 1.524812 -0.148448 0.932425
v 1.579195 -0.002711 0.850084
v 1.618368 0.143052 0.759556
v 1.641956 0.287437 0.661713
v -1.648596 -0.555879 -0.435468
v -1.631583 -0.677352 -0.309247
v -1.598858 -0.792302 -0.180048
v -1.550734 -0.899621 -0.049115
v -1.487676 -0.998277 0.082290
v -1.410291 -1.087318 0.212904
v -1.319323 -1.165888 0.341466
v -1.215650 -1.233230 0.466741
v -1.100270 -1.288695 0.587521
v -0.974294 -1.331749 0.702642
v -0.838934 -1.361978 0.810996
v -0.695495 -1.379090 0.911541
v -0.545358 -1.382921 1.003306
v -0.389969 -1.373434 1.085410
v -0.230825 -1.350719 1.157060
v -0.069457 -1.314997 1.217567
v 0.092579 -1.266610 1.266349
v 0.253724 -1.206025 1.302934
v 0.412426 -1.133826 1.326972
v 0.567155 -1.050707 1.338230
v 0.716423 -0.957469 1.336601
v 0.858791 -0.855011 1.322099
v 0.992888 -0.744317 1.294865
v 1.117423 -0.626456 1.255160
v 1.231197 -0.502562 1.203368
v 1.333114 -0.373828 1.139986
v 1.422192 -0.241494 1.065626
v 1.497573 -0.106833 0.981003
v 1.558532 0.028856 0.886933
v 1.604482 0.164267 0.784321
v 1.634979 0.298096 0.674155
v -1.655503 -0.543898 -0.424250
v -1.645331 -0.653505 -0.286920
v -1.619313 -0.756818 -0.146826
v -1.577700 -0.852842 -0.005319
v -1.520893 -0.940654 0.136240
v -1.449440 -1.019406 0.276487
v -1.364027 -1.088341 0.414071
v -1.265478 -1.146794 0.547667
v -1.154741 -1.194203 0.675989
v -1.032884 -1.230112 0.797801
v -0.901080 -1.254173 0.911929
v -0.760598 -1.266156 1.017275
v -0.612790 -1.265946 1.112825
v -0.459081 -1.253544 1.197657
v -0.300952 -1.229069 1.270956
v -0.139923 -1.192758 1.332014
v 0.022453 -1.144960 1.380244
v 0.184612 -1.086136 1.415181
v 0.344994 -1.016851 1.436491
v 0.502053 -0.937773 1.443965
v 0.654277 -0.849664 1.437533
v 0.800200 -0.753373 1.417258
v 0.938417 -0.649826 1.383333
v 1.067596 -0.540021 1.336086
v 1.186494 -0.425015 1.275972
v 1.293965 -0.305916 1.203569
v 1.388974 -0.183871 1.119576
v 1.470607 -0.060055 1.024800
v 1.538077 0.064340 0.920155
v 1.590735 0.188114 0.806648
v 1.628073 0.310077 0.685373
v -1.662270 -0.530717 -0.414372
v -1.658798 -0.627269 -0.267259
v -1.639352 -0.717781 -0.117572
v -1.604117 -0.801380 0.033248
v -1.553434 -0.877261 0.183747
v -1.487791 -0.944694 0.332476
v -1.407819 -1.003029 0.478004
v -1.314290 -1.051704 0.618928
v -1.208103 -1.090251 0.753892
v -1.090281 -1.118298 0.881595
v -0.961959 -1.135574 1.000808
v -0.824373 -1.141915 1.110382
v -0.678848 -1.137259 1.209264
v -0.526785 -1.121650 1.296499
v -0.369650 -1.095239 1.371248
v -0.208954 -1.058280 1.432792
v -0.046246 -1.011130 1.480537
v 0.116908 -0.954242 1.514023
v 0.278936 -0.888163 1.532929
v 0.438277 -0.813532 1.537072
v 0.593398 -0.731065 1.526412
v 0.742803 -0.641559 1.501052
v 0.885056 -0.545873 1.461236
v 1.018784 -0.444930 1.407347
v 1.142701 -0.339703 1.339905
v 1.255614 -0.231204 1.259558
v 1.356433 -0.120478 1.167082
v 1.444190 -0.008592 1.063366
v 1.518039 0.103376 0.949409
v 1.577268 0.214350 0.826309
v 1.621306 0.323258 0.695251
v -1.668826 -0.516471 -0.405935
v -1.671847 -0.598915 -0.250466
v -1.658768 -0.675592 -0.092585
v -1.629713 -0.745762 0.066188
v -1.584964 -0.808750 0.224323
v -1.524951 -0.863949 0.380298
v -1.450251 -0.910828 0.532610
v -1.361585 -0.948935 0.679793
v -1.259806 -0.977903 0.820429
v -1.145895 -0.997454 0.953164
v -1.020948 -1.007398 1.076720
v -0.886168 -1.007641 1.189906
v -0.742854 -0.998180 1.291633
v -0.592386 -0.979105 1.380921
v -0.436214 -0.950601 1.456910
v -0.275840 -0.912943 1.518868
v -0.112810 -0.866492 1.566198
v 0.051307 -0.811697 1.598445
v 0.214930 -0.749084 1.615299
v 0.376482 -0.679258 1.616595
v 0.534409 -0.602889 1.602324
v 0.687190 -0.520715 1.572621
v 0.833352 -0.433526 1.527773
v 0.971488 -0.342162 1.468212
v 1.100269 -0.247502 1.394511
v 1.218454 -0.150459 1.307380
v 1.324903 -0.051967 1.207658
v 1.418594 0.047026 1.096306
v 1.498623 0.145566 0.974396
v 1.564219 0.242704 0.843102
v 1.614750 0.337504 0.703688
v -1.675104 -0.501307 -0.399026
v -1.684344 -0.568734 -0.236714
v -1.677362 -0.630683 -0.072123
v -1.654227 -0.686558 0.093163
v -1.615160 -0.735822 0.257552
v -1.560538 -0.777999 0.419460
v -1.490888 -0.812684 0.577328
v -1.406880 -0.839541 0.729637
v -1.309322 -0.858314 0.874919
v -1.199155 -0.868821 1.011775
v -1.077440 -0.870960 1.138887
v -0.945348 -0.864712 1.255031
v -0.804152 -0.850136 1.359088
v -0.655211 -0.827373 1.450057
v -0.499961 -0.796641 1.527061
v -0.339896 -0.758238 1.589358
v -0.176557 -0.712532 1.636349
v -0.011518 -0.659964 1.667581
v 0.153632 -0.601041 1.682754
v 0.317303 -0.536329 1.681720
v 0.477917 -0.466451 1.664491
v 0.633929 -0.392082 1.631232
v 0.783836 -0.313937 1.582263
v 0.926194 -0.232768 1.518056
v 1.059632 -0.149358 1.439229
v 1.182866 -0.064509 1.346542
v 1.294708 0.020961 1.240887
v 1.394081 0.106229 1.123281
v 1.480028 0.190474 0.994858
v 1.551722 0.272885 0.856853
v 1.608472 0.352668 0.710597
v -1.681041 -0.485381 -0.393715
v -1.696160 -0.537034 -0.226144
v -1.694944 -0.583516 -0.056395
v -1.677405 -0.624378 0.113898
v -1.643711 -0.659227 0.283093
v -1.594188 -0.687726 0.449561
v -1.529312 -0.709604 0.611700
v -1.449708 -0.724647 0.767949
v -1.356142 -0.732711 0.916802
v -1.249516 -0.733719 1.056825
v -1.130856 -0.727661 1.186670
v -1.001306 -0.714595 1.305088
v -0.862112 -0.694647 1.410936
v -0.714616 -0.668009 1.503197
v -0.560237 -0.634938 1.580981
v -0.400464 -0.595752 1.643540
v -0.236833 -0.550828 1.690269
v -0.070922 -0.500601 1.720721
v 0.095672 -0.445551 1.734602
v 0.261345 -0.386211 1.731777
v 0.424501 -0.323152 1.712274
v 0.583569 -0.256980 1.676282
v 0.737016 -0.188334 1.624146
v 0.883366 -0.117874 1.556368
v 1.021209 -0.046278 1.473601
v 1.149216 0.025763 1.376643
v 1.266156 0.097556 1.266428
v 1.370903 0.168410 1.144016
v 1.462446 0.237641 1.010586
v 1.539906 0.304585 0.867424
v 1.602535 0.368594 0.715908
v -1.686575 -0.468855 -0.390057
v -1.707175 -0.504142 -0.218864
v -1.711333 -0.534574 -0.045562
v -1.699011 -0.559857 0.128178
v -1.670326 -0.579749 0.300683
v -1.625555 -0.594058 0.470293
v -1.565129 -0.602645 0.635374
v -1.489630 -0.605429 0.794335
v -1.399785 -0.602382 0.945648
v -1.296460 -0.593534 1.087853
v -1.180648 -0.578969 1.219580
v -1.053467 -0.558829 1.339563
v -0.916140 -0.533307 1.446646
v -0.769990 -0.502650 1.539796
v -0.616424 -0.467150 1.618118
v -0.456923 -0.427153 1.680856
v -0.293020 -0.383041 1.727406
v -0.126296 -0.335241 1.757321
v 0.041645 -0.284212 1.770311
v 0.209184 -0.230446 1.766253
v 0.374709 -0.174460 1.745184
v 0.536625 -0.116795 1.707309
v 0.693373 -0.058005 1.652992
v 0.843444 0.001344 1.582754
v 0.985391 0.060680 1.497275
v 1.117850 0.119432 1.397375
v 1.239542 0.177033 1.284019
v 1.349297 0.232930 1.158296
v 1.446057 0.286583 1.021419
v 1.528891 0.337477 0.874704
v 1.597001 0.385120 0.719566
v -1.691649 -0.451900 -0.388090
v -1.717274 -0.470395 -0.214949
v -1.726362 -0.484360 -0.039737
v -1.718822 -0.493660 0.135858
v -1.694730 -0.498206 0.310144
v -1.654317 -0.497954 0.481443
v -1.597972 -0.492907 0.648105
v -1.526237 -0.483112 0.808526
v -1.439804 -0.468665 0.961161
v -1.339505 -0.449704 1.104539
v -1.226305 -0.426413 1.237279
v -1.101296 -0.399014 1.358104
v -0.965680 -0.367774 1.465850
v -0.820765 -0.332991 1.559479
v -0.667945 -0.295001 1.638090
v -0.508693 -0.254171 1.700925
v -0.344541 -0.210892 1.747378
v -0.177071 -0.165583 1.777004
v -0.007896 -0.118678 1.789516
v 0.161355 -0.070631 1.784794
v 0.329052 -0.021904 1.762883
v 0.493580 0.027034 1.723996
v 0.653354 0.075712 1.668505
v 0.806837 0.123661 1.596945
v 0.952549 0.170419 1.510006
v 1.089088 0.215536 1.408525
v 1.215137 0.258576 1.293479
v 1.329485 0.299127 1.165976
v 1.431029 0.336797 1.027244
v 1.518791 0.371224 0.878619
v 1.591927 0.402075 0.721533
v -1.696212 -0.434689 -0.387834
v -1.726356 -0.436139 -0.214439
v -1.739874 -0.433388 -0.038978
v -1.736636 -0.426464 0.136858
v -1.716674 -0.415433 0.311376
v -1.680179 -0.400401 0.482895
v -1.627503 -0.381513 0.649764
v -1.559153 -0.358951 0.810375
v -1.475788 -0.332932 0.963182
v -1.378210 -0.303706 1.106713
v -1.267359 -0.271556 1.239585
v -1.144303 -0.236790 1.360520
v -1.010226 -0.199744 1.468353
v -0.866421 -0.160774 1.562044
v -0.714271 -0.120256 1.640692
v -0.555243 -0.078580 1.703539
v -0.390867 -0.036147 1.749980
v -0.222727 0.006634 1.779568
v -0.052442 0.049351 1.792018
v 0.118348 0.091593 1.787209
v 0.287998 0.132953 1.765189
v 0.454875 0.173032 1.726170
v 0.617371 0.211446 1.670526
v 0.773921 0.247822 1.598794
v 0.923018 0.281812 1.511665
v 1.063226 0.313089 1.409977
v 1.193194 0.341349 1.294712
v 1.311671 0.366323 1.166977
v 1.417516 0.387769 1.028003
v 1.509710 0.405480 0.879129
v 1.587364 0.419286 0.721789
v -1.700216 -0.417398 -0.389291
v -1.734326 -0.401725 -0.217339
v -1.751733 -0.382183 -0.043293
v -1.752270 -0.358960 0.131170
v -1.735932 -0.332280 0.304369
v -1.702875 -0.302400 0.474636
v -1.653419 -0.269608 0.640333
v -1.588040 -0.234219 0.799863
v -1.507367 -0.196575 0.951691
v -1.412178 -0.157037 1.094353
v -1.303388 -0.115988 1.226475
v -1.182046 -0.073821 1.346786
v -1.049320 -0.030943 1.454127
v -0.906488 0.012233 1.547464
v -0.754927 0.055291 1.625897
v -0.596096 0.097817 1.688674
v -0.431523 0.139401 1.735186
v -0.262795 0.179641 1.764988
v -0.091536 0.218152 1.777792
v 0.080605 0.254562 1.773475
v 0.251969 0.288521 1.752079
v 0.420907 0.319701 1.713809
v 0.585791 0.347802 1.659035
v 0.745034 0.372553 1.588282
v 0.897101 0.393717 1.502234
v 1.040529 0.411089 1.401718
v 1.173936 0.424502 1.287704
v 1.296037 0.433827 1.161288
v 1.405657 0.438974 1.023688
v 1.501740 0.439893 0.876229
v 1.583360 0.436576 0.720332
v -1.703621 -0.400207 -0.392447
v -1.741103 -0.367508 -0.223620
v -1.761817 -0.331269 -0.052638
v -1.765563 -0.291840 0.118849
v -1.752306 -0.249600 0.289193
v -1.722174 -0.204957 0.456750
v -1.675456 -0.158340 0.619910
v -1.612602 -0.110198 0.777099
v -1.534219 -0.060994 0.926805
v -1.441060 -0.011203 1.067584
v -1.334022 0.038695 1.198082
v -1.214137 0.088221 1.317042
v -1.082560 0.136898 1.423319
v -0.940557 0.184256 1.515888
v -0.789496 0.229840 1.593858
v -0.630831 0.273210 1.656480
v -0.466092 0.313949 1.703147
v -0.296863 0.351664 1.733413
v -0.124776 0.385993 1.746984
v 0.048513 0.416605 1.743732
v 0.221335 0.443204 1.723686
v 0.392025 0.465535 1.687041
v 0.558940 0.483383 1.634148
v 0.720472 0.496575 1.565518
v 0.875065 0.504985 1.481811
v 1.021231 0.508532 1.383833
v 1.157562 0.507182 1.272528
v 1.282745 0.500947 1.148968
v 1.395574 0.489888 1.014342
v 1.494963 0.474110 0.869948
v 1.579955 0.453767 0.717176
v -1.706391 -0.383290 -0.397268
v -1.746616 -0.333837 -0.233216
v -1.770021 -0.281169 -0.066918
v -1.776379 -0.225792 0.100025
v -1.765629 -0.168242 0.266004
v -1.737876 -0.109071 0.429421
v -1.693385 -0.048850 0.588703
v -1.632587 0.011842 0.742315
v -1.556066 0.072419 0.888779
v -1.464559 0.132300 1.026683
v -1.358948 0.190906 1.154699
v -1.240249 0.247673 1.271595
v -1.109606 0.302056 1.376246
v -0.968277 0.353529 1.467642
v -0.817622 0.401598 1.544904
v -0.659094 0.445799 1.607288
v -0.494218 0.485708 1.654192
v -0.324583 0.520938 1.685166
v -0.151822 0.551151 1.699911
v 0.022402 0.576056 1.698285
v 0.196409 0.595414 1.680303
v 0.368525 0.609038 1.646140
v 0.537092 0.616796 1.596123
v 0.700487 0.618614 1.530734
v 0.857135 0.614475 1.450604
v 1.005529 0.604418 1.356503
v 1.144239 0.588540 1.249339
v 1.271929 0.566994 1.130143
v 1.387370 0.539988 1.000063
v 1.489450 0.507781 0.860351
v 1.577185 0.470684 0.712355
v -1.708499 -0.366821 -0.403707
v -1.750811 -0.301059 -0.246031
v -1.776262 -0.232396 -0.085985
v -1.784606 -0.161496 0.074888
v -1.775764 -0.089040 0.235040
v -1.749820 -0.015727 0.392929
v -1.707025 0.057737 0.547033
v -1.647789 0.130646 0.695869
v -1.572685 0.202297 0.838004
v -1.482435 0.271999 0.972068
v -1.377908 0.339082 1.096771
v -1.260112 0.402899 1.210911
v -1.130180 0.462836 1.313390
v -0.989363 0.518316 1.403220
v -0.839018 0.568804 1.479535
v -0.680594 0.613814 1.541603
v -0.515614 0.652914 1.588824
v -0.345669 0.685724 1.620744
v -0.172395 0.711931 1.637055
v 0.002539 0.731282 1.637600
v 0.177448 0.743591 1.622375
v 0.350649 0.748737 1.591525
v 0.520473 0.746674 1.545348
v 0.685284 0.737419 1.484288
v 0.843496 0.721063 1.408934
v 0.993585 0.697762 1.320011
v 1.134104 0.667742 1.218376
v 1.263701 0.631291 1.105007
v 1.381129 0.588760 0.980996
v 1.485255 0.540559 0.847537
v 1.575078 0.487152 0.705916
v -1.709922 -0.350970 -0.411695
v -1.753643 -0.269509 -0.261931
v -1.780476 -0.185452 -0.109645
v -1.790161 -0.099609 0.043698
v -1.782607 -0.012807 0.196620
v -1.757885 0.074118 0.347648
v -1.716233 0.160329 0.495328
v -1.658054 0.244997 0.638237
v -1.583906 0.327305 0.775001
v -1.494505 0.406462 0.904300
v -1.390710 0.481703 1.024891
v -1.273523 0.552306 1.135611
v -1.144070 0.617589 1.235396
v -1.003600 0.676925 1.323282
v -0.853464 0.729742 1.398424
v -0.695109 0.775531 1.460100
v -0.530060 0.813851 1.507713
v -0.359906 0.844334 1.540807
v -0.186286 0.866684 1.559061
v -0.010872 0.880689 1.562301
v 0.164647 0.886212 1.550495
v 0.338580 0.883200 1.523757
v 0.509252 0.871682 1.482345
v 0.675020 0.851770 1.426656
v 0.834287 0.823655 1.357229
v 0.985520 0.787607 1.274730
v 1.127261 0.743975 1.179955
v 1.258146 0.693177 1.073817
v 1.376915 0.635704 0.957336
v 1.482423 0.572108 0.831636
v 1.573655 0.503003 0.697928
v -1.710645 -0.335899 -0.421153
v -1.755083 -0.239512 -0.280755
v -1.782619 -0.140818 -0.137653
v -1.792987 -0.040768 0.006774
v -1.786087 0.059674 0.151136
v -1.761986 0.159542 0.294043
v -1.720917 0.257873 0.434117
v -1.663274 0.353721 0.570011
v -1.589613 0.446163 0.700416
v -1.500644 0.534307 0.824075
v -1.397222 0.617306 0.939798
v -1.280344 0.694360 1.046470
v -1.151135 0.764727 1.143064
v -1.010841 0.827729 1.228650
v -0.860812 0.882760 1.302403
v -0.702492 0.929290 1.363614
v -0.537408 0.966870 1.411691
v -0.367147 0.995138 1.446175
v -0.193351 1.013822 1.466730
v -0.017693 1.022743 1.473159
v 0.158135 1.021815 1.465402
v 0.332441 1.011046 1.443532
v 0.503545 0.990539 1.407760
v 0.669800 0.960494 1.358430
v 0.829604 0.921198 1.296018
v 0.981418 0.873031 1.221125
v 1.123781 0.816456 1.134472
v 1.255321 0.752018 1.036893
v 1.374772 0.680338 0.929328
v 1.480983 0.602105 0.812813
v 1.572931 0.518074 0.688470
v -1.710662 -0.321763 -0.431982
v -1.755117 -0.211376 -0.302308
v -1.782669 -0.098953 -0.169723
v -1.793053 0.014423 -0.035504
v -1.786169 0.127660 0.099057
v -1.762083 0.239668 0.232664
v -1.721028 0.349367 0.364030
v -1.663398 0.455702 0.491891
v -1.589748 0.557648 0.615015
v -1.500789 0.654224 0.732216
v -1.397375 0.744499 0.842364
v -1.280505 0.827604 0.944401
v -1.151302 0.902740 1.037343
v -1.011012 0.969181 1.120294
v -0.860985 1.026289 1.192456
v -0.702667 1.073513 1.253135
v -0.537581 1.110398 1.301745
v -0.367319 1.136589 1.337819
v -0.193518 1.151835 1.361008
v -0.017854 1.155988 1.371090
v 0.157982 1.149008 1.367968
v 0.332296 1.130962 1.351673
v 0.503410 1.102025 1.322359
v 0.669676 1.062474 1.280310
v 0.829493 1.012692 1.225932
v 0.981321 0.953157 1.159746
v 1.123698 0.884442 1.082393
v 1.255254 0.807210 0.994615
v 1.374721 0.722203 0.897258
v 1.480949 0.630242 0.791260
v 1.572914 0.532211 0.677642
v -1.709973 -0.308706 -0.444071
v -1.753744 -0.185388 -0.326370
v -1.780627 -0.060285 -0.205527
v -1.790361 0.065400 -0.082703
v -1.782853 0.190454 0.040916
v -1.758174 0.313674 0.164141
v -1.716564 0.433873 0.285786
v -1.658422 0.549894 0.404678
v -1.584310 0.660619 0.519674
v -1.494939 0.764982 0.629664
v -1.391170 0.861977 0.733590
v -1.274004 0.950672 0.830452
v -1.144570 1.030211 0.919316
v -1.004112 1.099828 0.999327
v -0.853983 1.158854 1.069713
v -0.695631 1.206720 1.129798
v -0.530579 1.242964 1.179001
v -0.360418 1.267237 1.216851
v -0.186785 1.279306 1.242982
v -0.011354 1.279055 1.257141
v 0.164187 1.266486 1.259194
v 0.338146 1.241720 1.249121
v 0.508849 1.204996 1.227018
v 0.674651 1.156666 1.193098
v 0.833956 1.097198 1.147687
v 0.985230 1.027163 1.091224
v 1.127015 0.947236 1.024252
v 1.257947 0.858186 0.947415
v 1.376764 0.760871 0.861455
v 1.482322 0.656229 0.767198
v 1.573604 0.545267 0.665552
v -1.708583 -0.296863 -0.457296
v -1.750979 -0.161817 -0.352694
v -1.776513 -0.025211 -0.244695
v -1.784937 0.111637 -0.134339
v -1.776171 0.247410 -0.022690
v -1.750300 0.380800 0.089178
v -1.707572 0.510523 0.200187
v -1.648400 0.635330 0.309268
v -1.573353 0.754018 0.415371
v -1.483153 0.865444 0.517473
v -1.378670 0.968535 0.614592
v -1.260909 1.062299 0.705792
v -1.131006 1.145833 0.790196
v -0.990210 1.218331 0.866989
v -0.839878 1.279097 0.935432
v -0.681457 1.327544 0.994867
v -0.516473 1.363206 1.044720
v -0.346516 1.385740 1.084513
v -0.173222 1.394928 1.113861
v 0.001741 1.390682 1.132482
v 0.176687 1.373044 1.140196
v 0.349931 1.342182 1.136931
v 0.519806 1.298394 1.122715
v 0.684674 1.242102 1.097687
v 0.842948 1.173848 1.062088
v 0.993105 1.094289 1.016260
v 1.133697 1.004192 0.960646
v 1.263371 0.904423 0.895780
v 1.380878 0.795945 0.822286
v 1.485087 0.679801 0.740874
v 1.574993 0.557110 0.652327
v -1.706509 -0.286355 -0.471523
v -1.746850 -0.140902 -0.381010
v -1.770368 0.005908 -0.286827
v -1.776837 0.152662 -0.189882
v -1.766193 0.297945 -0.091108
v -1.738540 0.440359 0.008543
v -1.694144 0.578531 0.108111
v -1.633433 0.711133 0.206639
v -1.556991 0.836886 0.303177
v -1.465554 0.954579 0.396794
v -1.360003 1.063079 0.486591
v -1.241354 1.161341 0.571701
v -1.110751 1.248419 0.651306
v -0.969450 1.323474 0.724638
v -0.818813 1.385783 0.790991
v -0.660290 1.434747 0.849728
v -0.495409 1.469892 0.900280
v -0.325756 1.490882 0.942163
v -0.152966 1.497514 0.974971
v 0.021297 1.489724 0.998390
v 0.195354 1.467588 1.012195
v 0.367530 1.431318 1.016252
v 0.536168 1.381263 1.010521
v 0.699641 1.317906 0.995058
v 0.856376 1.241856 0.970013
v 1.004864 1.153848 0.935625
v 1.143675 1.054727 0.892228
v 1.271471 0.945448 0.840237
v 1.387022 0.827064 0.780155
v 1.489216 0.700715 0.712559
v 1.577068 0.567618 0.638101
v -1.703770 -0.277291 -0.486604
v -1.741398 -0.122860 -0.411026
v -1.762257 0.032754 -0.331490
v -1.766144 0.188052 -0.248761
v -1.753021 0.341540 -0.163637
v -1.723017 0.491738 -0.076937
v -1.676418 0.637200 0.010504
v -1.613675 0.776526 0.097844
v -1.535391 0.908374 0.184242
v -1.442321 1.031474 0.268865
v -1.335360 1.144639 0.350900
v -1.215539 1.246781 0.429554
v -1.084012 1.336917 0.504072
v -0.942045 1.414177 0.573736
v -0.791005 1.477818 0.637873
v -0.632348 1.527226 0.695869
v -0.467601 1.561927 0.747162
v -0.298351 1.581585 0.791260
v -0.126227 1.586012 0.827738
v 0.047112 1.575164 0.856244
v 0.219997 1.549147 0.876504
v 0.390763 1.508212 0.888323
v 0.557767 1.452751 0.891586
v 0.719399 1.383299 0.886264
v 0.874103 1.300525 0.872406
v 1.020388 1.205227 0.850146
v 1.156846 1.098322 0.819699
v 1.282164 0.980839 0.781358
v 1.395134 0.853910 0.735492
v 1.494667 0.718757 0.682542
v 1.579806 0.576683 0.623020
v -1.700395 -0.269762 -0.502384
v -1.734681 -0.107876 -0.442435
v -1.752262 0.055050 -0.378226
v -1.752967 0.217446 -0.310373
v -1.736791 0.377747 -0.239531
v -1.703888 0.534410 -0.166383
v -1.654575 0.685927 -0.091632
v -1.589329 0.830838 -0.016000
v -1.508776 0.967748 0.059788
v -1.413693 1.095337 0.134999
v -1.304995 1.212378 0.208911
v -1.183729 1.317743 0.280810
v -1.051064 1.410418 0.350006
v -0.908276 1.489509 0.415830
v -0.756740 1.554256 0.477649
v -0.597917 1.604035 0.534870
v -0.433336 1.638365 0.586938
v -0.264582 1.656918 0.633355
v -0.093279 1.659513 0.673671
v 0.078922 1.646126 0.707500
v 0.250362 1.616886 0.734515
v 0.419392 1.572076 0.754457
v 0.584383 1.512124 0.767132
v 0.743745 1.437610 0.772420
v 0.895945 1.349252 0.770269
v 1.039517 1.247899 0.760700
v 1.173077 1.134529 0.743805
v 1.295340 1.010232 0.719746
v 1.405128 0.876206 0.688756
v 1.501384 0.733741 0.651133
v 1.583181 0.584211 0.607239
v -1.696419 -0.263847 -0.518703
v -1.726767 -0.096102 -0.474916
v -1.740486 0.072568 -0.426555
v -1.737443 0.240540 -0.374085
v -1.717668 0.406195 -0.318013
v -1.681350 0.567938 -0.258879
v -1.628840 0.724212 -0.197251
v -1.560644 0.873511 -0.133724
v -1.477418 1.014398 -0.068909
v -1.379963 1.145516 -0.003430
v -1.269218 1.265601 0.062082
v -1.146250 1.373498 0.126995
v -1.012244 1.468168 0.190687
v -0.868489 1.548699 0.252541
v -0.716369 1.614314 0.311963
v -0.557351 1.664384 0.368382
v -0.392965 1.698423 0.421252
v -0.224795 1.716107 0.470066
v -0.054460 1.717263 0.514352
v 0.116400 1.701881 0.553685
v 0.286139 1.670109 0.587686
v 0.453121 1.622254 0.616027
v 0.615741 1.558775 0.638435
v 0.772430 1.480283 0.654695
v 0.921680 1.387537 0.664650
v 1.062054 1.281427 0.668204
v 1.192200 1.162977 0.665323
v 1.310864 1.033326 0.656034
v 1.416904 0.893724 0.640427
v 1.509299 0.745515 0.618653
v 1.587157 0.590126 0.590921
v -1.691882 -0.259606 -0.535393
v -1.717737 -0.087661 -0.508133
v -1.727050 0.085129 -0.475981
v -1.719731 0.257099 -0.439244
v -1.695849 0.426593 -0.398277
v -1.655635 0.591978 -0.353475
v -1.599477 0.751662 -0.305268
v -1.527915 0.904107 -0.254122
v -1.441639 1.047846 -0.200528
v -1.341478 1.181493 -0.145003
v -1.228398 1.303761 -0.088081
v -1.103488 1.413474 -0.030312
v -0.967952 1.509575 0.027751
v -0.823093 1.591137 0.085545
v -0.670307 1.657376 0.142515
v -0.511066 1.707654 0.198114
v -0.346903 1.741485 0.251804
v -0.179399 1.758546 0.303070
v -0.010167 1.758670 0.351416
v 0.159162 1.741857 0.396378
v 0.326959 1.708270 0.437523
v 0.491606 1.658232 0.474455
v 0.651520 1.592223 0.506817
v 0.805159 1.510880 0.534298
v 0.951043 1.414987 0.556633
v 1.087769 1.305467 0.573608
v 1.214019 1.183375 0.585059
v 1.328577 1.049885 0.590875
v 1.430340 0.906285 0.591001
v 1.518328 0.753956 0.585435
v 1.591694 0.594368 0.574231
v -1.686831 -0.257082 -0.552281
v -1.707684 -0.082638 -0.541748
v -1.712092 0.092603 -0.525997
v -1.700011 0.266952 -0.505181
v -1.671558 0.438730 -0.479499
v -1.627007 0.606282 -0.449200
v -1.566787 0.767996 -0.414574
v -1.491478 0.922313 -0.375957
v -1.401806 1.067749 -0.333718
v -1.298633 1.202901 -0.288266
v -1.182953 1.326468 -0.240037
v -1.055881 1.437261 -0.189497
v -0.918641 1.534214 -0.137131
v -0.772553 1.616390 -0.083445
v -0.619025 1.682999 -0.028956
v -0.459536 1.733401 0.025813
v -0.295621 1.767108 0.080333
v -0.128859 1.783798 0.134080
v 0.039144 1.783309 0.186535
v 0.206769 1.765645 0.237193
v 0.372404 1.730977 0.285567
v 0.534452 1.679640 0.331192
v 0.691353 1.612126 0.373626
v 0.841596 1.529086 0.412463
v 0.983734 1.431321 0.447327
v 1.116398 1.319771 0.477883
v 1.238310 1.195512 0.503837
v 1.348296 1.059738 0.524939
v 1.445298 0.913759 0.540985
v 1.528381 0.758979 0.551821
v 1.596745 0.596891 0.557343
v 1.649731 0.429054 0.557497
v -1.681318 -0.256302 -0.569196
v -1.696711 -0.081085 -0.575414
v -1.695765 0.094914 -0.576090
v -1.678487 0.269998 -0.571219
v -1.645044 0.442482 -0.560846
v -1.595759 0.610705 -0.545072
v -1.531106 0.773046 -0.524049
v -1.451707 0.927942 -0.497979
v -1.358328 1.073903 -0.467113
v -1.251866 1.209520 -0.431749
v -1.133349 1.333489 -0.392226
v -1.003917 1.444616 -0.348927
v -0.864818 1.541831 -0.302266
v -0.717389 1.624197 -0.252695
v -0.563051 1.690921 -0.200690
v -0.403291 1.741361 -0.146753
v -0.239647 1.775030 -0.091402
v -0.073695 1.791605 -0.035170
v 0.092967 1.790926 0.021400
v 0.258733 1.772999 0.077763
v 0.422008 1.737997 0.133378
v 0.581218 1.686259 0.187709
v 0.734831 1.618279 0.240231
v 0.881367 1.534715 0.290441
v 1.019415 1.436370 0.337852
v 1.147646 1.324193 0.382011
v 1.264823 1.199264 0.422490
v 1.369821 1.062784 0.458901
v 1.461625 0.916070 0.490892
v 1.539354 0.760532 0.518155
v 1.602258 0.597671 0.540429
v -1.675400 -0.257273 -0.585963
v -1.684931 -0.083018 -0.608786
v -1.678236 0.092038 -0.625747
v -1.655379 0.266207 -0.636681
v -1.616580 0.437812 -0.641484
v -1.562212 0.605200 -0.640108
v -1.492799 0.766760 -0.632568
v -1.409009 0.920936 -0.618937
v -1.311651 1.066243 -0.599344
v -1.201659 1.201282 -0.573980
v -1.080096 1.324750 -0.543087
v -0.948130 1.435461 -0.506965
v -0.807034 1.532349 -0.465960
v -0.658165 1.614479 -0.420468
v -0.502958 1.681060 -0.370927
v -0.342907 1.731453 -0.317812
v -0.179554 1.765169 -0.261638
v -0.014472 1.781887 -0.202943
v 0.150750 1.781444 -0.142294
v 0.314520 1.763844 -0.080275
v 0.475261 1.729259 -0.017484
v 0.631425 1.678020 0.045477
v 0.781508 1.610620 0.108000
v 0.924064 1.527708 0.169483
v 1.057722 1.430085 0.229333
v 1.181193 1.318689 0.286975
v 1.293288 1.194593 0.341853
v 1.392928 1.058993 0.393439
v 1.479154 0.913193 0.441236
v 1.551134 0.758599 0.484783
v 1.608177 0.596700 0.523662
v -1.669136 -0.259986 -0.602410
v -1.672464 -0.088417 -0.641522
v -1.659687 0.084004 -0.674456
v -1.630925 0.255616 -0.700895
v -1.586456 0.424765 -0.720583
v -1.526709 0.589824 -0.733332
v -1.452260 0.749202 -0.739019
v -1.363823 0.901366 -0.737588
v -1.262253 1.044850 -0.729054
v -1.148527 1.178270 -0.713499
v -1.023739 1.300343 -0.691073
v -0.889092 1.409892 -0.661991
v -0.745884 1.505865 -0.626533
v -0.595491 1.587335 -0.585042
v -0.439364 1.653518 -0.537917
v -0.279005 1.703777 -0.485611
v -0.115960 1.737627 -0.428629
v 0.048203 1.754743 -0.367518
v 0.211901 1.754960 -0.302868
v 0.373558 1.738276 -0.235301
v 0.531618 1.704851 -0.165469
v 0.684557 1.655009 -0.094042
v 0.830905 1.589226 -0.021710
v 0.969250 1.508139 0.050831
v 1.098261 1.412527 0.122883
v 1.216695 1.303313 0.193751
v 1.323411 1.181547 0.262753
v 1.417383 1.048402 0.329225
v 1.497704 0.905160 0.392526
v 1.563601 0.753200 0.452047
v 1.614440 0.593987 0.507215
v -1.662592 -0.264412 -0.618369
v -1.659439 -0.097227 -0.673286
v -1.640306 0.070895 -0.721719
v -1.605375 0.238334 -0.763202
v -1.554983 0.403478 -0.797334
v -1.489617 0.564735 -0.823788
v -1.409904 0.720554 -0.842308
v -1.316613 0.869434 -0.852716
v -1.210643 1.009942 -0.854913
v -1.093014 1.140722 -0.848876
v -0.964858 1.260516 -0.834663
v -0.827409 1.368171 -0.812413
v -0.681993 1.462651 -0.782338
v -0.530009 1.543044 -0.744729
v -0.372920 1.608577 -0.699949
v -0.212240 1.658618 -0.648426
v -0.049516 1.692686 -0.590660
v 0.113685 1.710452 -0.527205
v 0.275791 1.711746 -0.458673
v 0.435241 1.696555 -0.385723
v 0.590499 1.665025 -0.309059
v 0.740071 1.617461 -0.229418
v 0.882515 1.554318 -0.147568
v 1.016460 1.476207 -0.064297
v 1.140616 1.383879 0.019594
v 1.253788 1.278224 0.103296
v 1.354884 1.160259 0.186002
v 1.442933 1.031120 0.266918
v 1.517085 0.892051 0.345263
v 1.576626 0.744390 0.420284
v 1.620984 0.589561 0.491256
v -1.655834 -0.270507 -0.633675
v -1.645989 -0.109357 -0.703752
v -1.620292 0.052845 -0.767051
v -1.578991 0.214539 -0.822962
v -1.522484 0.374167 -0.870948
v -1.451314 0.530191 -0.910547
v -1.366167 0.681109 -0.941376
v -1.267863 0.825467 -0.963140
v -1.157350 0.961877 -0.975627
v -1.035690 1.089023 -0.978720
v -0.904055 1.205680 -0.972386
v -0.763714 1.310726 -0.956687
v -0.616019 1.403151 -0.931776
v -0.462391 1.482061 -0.897891
v -0.304309 1.546698 -0.855359
v -0.143297 1.596440 -0.804588
v 0.019095 1.630807 -0.746070
v 0.181303 1.649469 -0.680366
v 0.341765 1.652245 -0.608110
v 0.498936 1.639109 -0.529998
v 0.651302 1.610188 -0.446782
v 0.797395 1.565761 -0.359262
v 0.935809 1.506254 -0.268283
v 1.065210 1.432240 -0.174720
v 1.184353 1.344434 -0.079474
v 1.292090 1.243680 0.016537
v 1.387384 1.130949 0.112388
v 1.469316 1.007326 0.207158
v 1.537098 0.874001 0.299932
v 1.590076 0.732260 0.389818
v 1.627742 0.583467 0.475949
v -1.648932 -0.278207 -0.648173
v -1.632252 -0.124684 -0.732607
v -1.599852 0.030041 -0.809985
v -1.552045 0.184476 -0.879564
v -1.489291 0.337134 -0.940671
v -1.412194 0.486545 -0.992719
v -1.321497 0.631271 -1.035206
v -1.218073 0.769917 -1.067725
v -1.102919 0.901150 -1.089960
v -0.977143 1.023703 -1.101699
v -0.841956 1.136396 -1.102827
v -0.698661 1.238146 -1.093334
v -0.548638 1.327973 -1.073313
v -0.393330 1.405010 -1.042954
v -0.234235 1.468516 -1.002552
v -0.072884 1.517880 -0.952494
v 0.089169 1.552625 -0.893264
v 0.250364 1.572419 -0.825430
v 0.409147 1.577068 -0.749647
v 0.563990 1.566529 -0.666645
v 0.713401 1.540905 -0.577223
v 0.855941 1.500441 -0.482241
v 0.990239 1.445526 -0.382616
v 1.115000 1.376690 -0.279305
v 1.229023 1.294596 -0.173305
v 1.331210 1.200034 -0.065635
v 1.420576 1.093916 0.042666
v 1.496262 0.977262 0.150557
v 1.557538 0.851197 0.256997
v 1.603813 0.716933 0.360963
v 1.634644 0.575766 0.461452
v -1.641957 -0.287434 -0.661712
v -1.618369 -0.143049 -0.759555
v -1.579195 0.002714 -0.850083
v -1.524813 0.148452 -0.932424
v -1.455746 0.292759 -1.005786
v -1.372659 0.434247 -1.069461
v -1.276353 0.571552 -1.122836
v -1.167755 0.703353 -1.165399
v -1.047911 0.828382 -1.196738
v -0.917974 0.945432 -1.216551
v -0.779198 1.053376 -1.224648
v -0.632916 1.151176 -1.220952
v -0.480540 1.237891 -1.205497
v -0.323536 1.312684 -1.178432
v -0.163416 1.374834 -1.140019
v -0.001722 1.423745 -1.090626
v 0.159988 1.458943 -1.030730
v 0.320158 1.480092 -0.960908
v 0.477244 1.486986 -0.881831
v 0.629734 1.479560 -0.794262
v 0.776160 1.457885 -0.699044
v 0.915110 1.422171 -0.597094
v 1.045248 1.372759 -0.489393
v 1.165319 1.310126 -0.376979
v 1.274167 1.234877 -0.260935
v 1.370745 1.147735 -0.142377
v 1.454122 1.049541 -0.022449
v 1.523494 0.941238 0.097696
v 1.578195 0.823870 0.216900
v 1.617696 0.698568 0.334015
v 1.641618 0.566540 0.447913
v -1.649732 -0.429051 -0.557497
v -1.634980 -0.298093 -0.674155
v -1.604483 -0.164264 -0.784320
v -1.558533 -0.028853 -0.886932
v -1.497574 0.106837 -0.981002
v -1.422192 0.241497 -1.065625
v -1.333114 0.373831 -1.139985
v -1.231198 0.502565 -1.203366
v -1.117424 0.626459 -1.255159
v -0.992889 0.744321 -1.294864
v -0.858791 0.855014 -1.322098
v -0.716423 0.957472 -1.336600
v -0.567156 1.050709 -1.338229
v -0.412426 1.133829 -1.326971
v -0.253725 1.206028 -1.302933
v -0.092580 1.266613 -1.266348
v 0.069457 1.315000 -1.217566
v 0.230824 1.350722 -1.157059
v 0.389969 1.373437 -1.085409
v 0.545358 1.382924 -1.003305
v 0.695495 1.379092 -0.911539
v 0.838934 1.361980 -0.810995
v 0.974293 1.331752 -0.702641
v 1.100270 1.288697 -0.587519
v 1.215650 1.233232 -0.466739
v 1.319323 1.165890 -0.341465
v 1.410290 1.087320 -0.212902
v 1.487675 0.998279 -0.082288
v 1.550733 0.899623 0.049118
v 1.598857 0.792303 0.180051
v 1.631583 0.677353 0.309250
v 1.648595 0.555881 0.435470
v -1.628073 -0.310074 -0.685372
v -1.590735 -0.188111 -0.806647
v -1.538078 -0.064337 -0.920154
v -1.470608 0.060058 -1.024799
v -1.388975 0.183874 -1.119575
v -1.293965 0.305919 -1.203568
v -1.186494 0.425018 -1.275971
v -1.067596 0.540023 -1.336085
v -0.938417 0.649829 -1.383332
v -0.800201 0.753376 -1.417257
v -0.654278 0.849667 -1.437532
v -0.502053 0.937775 -1.443964
v -0.344994 1.016854 -1.436490
v -0.184612 1.086138 -1.415181
v -0.022453 1.144963 -1.380243
v 0.139923 1.192761 -1.332013
v 0.300951 1.229072 -1.270955
v 0.459081 1.253547 -1.197657
v 0.612790 1.265949 -1.112824
v 0.760597 1.266159 -1.017274
v 0.901079 1.254175 -0.911928
v 1.032884 1.230115 -0.797800
v 1.154741 1.194206 -0.675988
v 1.265477 1.146796 -0.547665
v 1.364026 1.088343 -0.414069
v 1.449439 1.019408 -0.276485
v 1.520893 0.940656 -0.136238
v 1.577700 0.852844 0.005321
v 1.619312 0.756819 0.146829
v 1.645330 0.653506 0.286923
v 1.655502 0.543899 0.424253
v -1.621307 -0.323256 -0.695251
v -1.577268 -0.214347 -0.826308
v -1.518039 -0.103374 -0.949409
v -1.444191 0.008595 -1.063366
v -1.356434 0.120481 -1.167082
v -1.255614 0.231207 -1.259558
v -1.142702 0.339706 -1.339904
v -1.018785 0.444933 -1.407346
v -0.885056 0.545876 -1.461235
v -0.742804 0.641562 -1.501052
v -0.593398 0.731068 -1.526411
v -0.438277 0.813534 -1.537071
v -0.278936 0.888167 -1.532929
v -0.116908 0.954244 -1.514023
v 0.046245 1.011132 -1.480536
v 0.208953 1.058283 -1.432791
v 0.369649 1.095241 -1.371248
v 0.526785 1.121653 -1.296499
v 0.678848 1.137262 -1.209263
v 0.824373 1.141917 -1.110381
v 0.961959 1.135576 -1.000807
v 1.090280 1.118300 -0.881594
v 1.208102 1.090253 -0.753891
v 1.314289 1.051706 -0.618926
v 1.407819 1.003031 -0.478002
v 1.487790 0.944696 -0.332474
v 1.553434 0.877263 -0.183745
v 1.604116 0.801382 -0.033245
v 1.639351 0.717782 0.117574
v 1.658797 0.627270 0.267262
v 1.662268 0.530718 0.414375
v -1.614751 -0.337501 -0.703687
v -1.564219 -0.242701 -0.843101
v -1.498623 -0.145563 -0.974395
v -1.418594 -0.047023 -1.096305
v -1.324904 0.051970 -1.207658
v -1.218454 0.150462 -1.307379
v -1.100269 0.247505 -1.394510
v -0.971489 0.342164 -1.468211
v -0.833352 0.433529 -1.527773
v -0.687190 0.520718 -1.572621
v -0.534410 0.602892 -1.602323
v -0.376483 0.679260 -1.616595
v -0.214930 0.749087 -1.615298
v -0.051307 0.811700 -1.598445
v 0.112810 0.866495 -1.566198
v 0.275840 0.912946 -1.518867
v 0.436214 0.950604 -1.456909
v 0.105726 1.631229 0.325722
v 0.256194 1.650303 0.415010
v 0.886168 1.007643 -1.189905
v 1.020947 1.007400 -1.076719
v 1.145894 0.997457 -0.953164
v 1.259806 0.977906 -0.820428
v 1.361585 0.948937 -0.679791
v 1.450251 0.910830 -0.532608
v 1.524950 0.863951 -0.380295
v 1.584964 0.808752 -0.224321
v 1.629713 0.745763 -0.066185
v 1.658767 0.675593 0.092588
v 1.671846 0.598917 0.250469
v 1.668824 0.516472 0.405938
v -1.608473 -0.352665 -0.710597
v -1.551723 -0.272882 -0.856853
v -1.480029 -0.190472 -0.994857
v -1.394081 -0.106226 -1.123281
v -1.294708 -0.020958 -1.240887
v -1.182866 0.064512 -1.346542
v -1.059633 0.149361 -1.439229
v -0.926194 0.232771 -1.518055
v -0.783836 0.313940 -1.582263
v -0.633929 0.392085 -1.631232
v -0.477917 0.466454 -1.664490
v -0.317303 0.536331 -1.681719
v -0.153632 0.601043 -1.682753
v 0.011518 0.659967 -1.667581
v 0.176557 0.712534 -1.636349
v 0.339896 0.758240 -1.589358
v 0.499961 0.796643 -1.527060
v 0.168551 1.479496 0.256586
v 0.317492 1.502259 0.347555
v 0.945348 0.864714 -1.255030
v 1.077440 0.870962 -1.138886
v 1.199155 0.868824 -1.011774
v 1.309322 0.858317 -0.874918
v 1.406879 0.839544 -0.729636
v 1.490888 0.812686 -0.577327
v 1.560538 0.778001 -0.419458
v 1.615159 0.735824 -0.257550
v 1.654226 0.686560 -0.093161
v 1.677361 0.630685 0.072125
v 1.684343 0.568735 0.236717
v 1.675103 0.501309 0.399029
v -1.602536 -0.368592 -0.715908
v -1.539906 -0.304582 -0.867423
v -1.462447 -0.237639 -1.010585
v -1.370903 -0.168407 -1.144015
v -1.266156 -0.097554 -1.266428
v -1.149216 -0.025761 -1.376643
v -1.021209 0.046281 -1.473601
v -0.883366 0.117876 -1.556368
v -0.737016 0.188337 -1.624146
v -0.583569 0.256983 -1.676282
v -0.424501 0.323154 -1.712274
v -0.261345 0.386213 -1.731776
v -0.095672 0.445554 -1.734602
v 0.070922 0.500603 -1.720721
v 0.236833 0.550831 -1.690269
v 0.400464 0.595754 -1.643539
v 0.560237 0.634940 -1.580981
v 0.714616 0.668011 -1.503197
v 0.862112 0.694649 -1.410936
v 1.001305 0.714596 -1.305087
v 1.130856 0.727662 -1.186669
v 1.249516 0.733721 -1.056825
v 1.356142 0.732713 -0.916801
v 1.449707 0.724649 -0.767948
v 1.529312 0.709606 -0.611699
v 1.594188 0.687729 -0.449559
v 1.643711 0.659229 -0.283091
v 1.677404 0.624380 -0.113895
v 1.694943 0.583517 0.056397
v 1.696159 0.537036 0.226147
v 1.681040 0.485382 0.393718
v -1.597002 -0.385117 -0.719565
v -1.528892 -0.337474 -0.874703
v -1.446058 -0.286581 -1.021418
v -1.349297 -0.232928 -1.158296
v -1.239542 -0.177031 -1.284018
v -1.117850 -0.119429 -1.397375
v -0.985392 -0.060678 -1.497274
v -0.843444 -0.001342 -1.582754
v -0.693373 0.058008 -1.652992
v -0.536625 0.116797 -1.707309
v -0.374709 0.174463 -1.745184
v -0.209184 0.230448 -1.766252
v -0.041645 0.284214 -1.770311
v 0.126296 0.335243 -1.757321
v 0.293020 0.383043 -1.727406
v 0.456922 0.427155 -1.680856
v 0.616424 0.467152 -1.618118
v 0.769990 0.502652 -1.539796
v 0.916139 0.533310 -1.446645
v 1.053466 0.558831 -1.339563
v 1.180648 0.578971 -1.219580
v 1.296459 0.593536 -1.087852
v 1.399785 0.602384 -0.945647
v 1.489630 0.605431 -0.794334
v 1.565129 0.602647 -0.635372
v 1.625555 0.594060 -0.470291
v 1.670325 0.579751 -0.300681
v 1.699010 0.559859 -0.128175
v 1.711332 0.534576 0.045565
v 1.707173 0.504144 0.218867
v 1.686574 0.468857 0.390060
v -1.591927 -0.402073 -0.721532
v -1.518792 -0.371221 -0.878619
v -1.431030 -0.336795 -1.027243
v -1.329485 -0.299125 -1.165976
v -1.215137 -0.258574 -1.293479
v -1.089088 -0.215533 -1.408525
v -0.952549 -0.170417 -1.510006
v -0.806837 -0.123659 -1.596945
v -0.653354 -0.075710 -1.668505
v -0.493580 -0.027032 -1.723996
v -0.329052 0.021906 -1.762883
v -0.161355 0.070633 -1.784793
v 0.007896 0.118681 -1.789516
v 0.177071 0.165585 -1.777004
v 0.344541 0.210894 -1.747378
v 0.508693 0.254173 -1.700924
v 0.667945 0.295003 -1.638089
v 0.820765 0.332993 -1.559479
v 0.965680 0.367776 -1.465850
v 1.101296 0.399016 -1.358104
v 1.226305 0.426414 -1.237279
v 1.339505 0.449707 -1.104539
v 1.439804 0.468667 -0.961160
v 1.526237 0.483114 -0.808525
v 1.597971 0.492908 -0.648104
v 1.654316 0.497956 -0.481441
v 1.694730 0.498208 -0.310142
v 1.718822 0.493662 -0.135855
v 1.726360 0.484361 0.039739
v 1.717273 0.470396 0.214952
v 1.691648 0.451901 0.388093
v -1.587365 -0.419284 -0.721789
v -1.509710 -0.405478 -0.879129
v -1.417517 -0.387766 -1.028003
v -1.311671 -0.366321 -1.166976
v -1.193194 -0.341347 -1.294711
v -1.063226 -0.313086 -1.409977
v -0.923018 -0.281810 -1.511665
v -0.773921 -0.247820 -1.598794
v -0.617370 -0.211443 -1.670526
v -0.454874 -0.173031 -1.726170
v -0.287998 -0.132951 -1.765189
v -0.118348 -0.091592 -1.787209
v 0.052442 -0.049349 -1.792018
v 0.222727 -0.006632 -1.779568
v 0.390867 0.036149 -1.749980
v 0.555243 0.078582 -1.703539
v 0.714271 0.120258 -1.640692
v 0.866421 0.160776 -1.562044
v 1.010226 0.199746 -1.468352
v 1.144303 0.236792 -1.360520
v 1.267359 0.271557 -1.239585
v 1.378210 0.303708 -1.106713
v 1.475788 0.332934 -0.963181
v 1.559153 0.358953 -0.810374
v 1.627502 0.381515 -0.649763
v 1.680178 0.400403 -0.482893
v 1.716673 0.415435 -0.311374
v 1.736636 0.426466 -0.136856
v 1.739873 0.433390 0.038980
v 1.726355 0.436140 0.214442
v 1.696211 0.434690 0.387837
v -1.583360 -0.436574 -0.720331
v -1.501740 -0.439891 -0.876229
v -1.405658 -0.438972 -1.023687
v -1.296038 -0.433825 -1.161287
v -1.173936 -0.424500 -1.287704
v -1.040529 -0.411087 -1.401718
v -0.897101 -0.393715 -1.502234
v -0.745034 -0.372552 -1.588282
v -0.585791 -0.347800 -1.659035
v -0.420907 -0.319699 -1.713810
v -0.251969 -0.288519 -1.752079
v -0.080605 -0.254561 -1.773475
v 0.091536 -0.218151 -1.777792
v 0.262795 -0.179640 -1.764988
v 0.431523 -0.139399 -1.735186
v 0.596096 -0.097815 -1.688673
v 0.754927 -0.055290 -1.625897
v 0.906489 -0.012231 -1.547464
v 1.049320 0.030945 -1.454126
v 1.182045 0.073822 -1.346785
v 1.303388 0.115989 -1.226474
v 1.412178 0.157039 -1.094352
v 1.507367 0.196577 -0.951690
v 1.588040 0.234221 -0.799862
v 1.653419 0.269610 -0.640332
v 1.702875 0.302402 -0.474634
v 1.735931 0.332282 -0.304366
v 1.752269 0.358962 -0.131167
v 1.751732 0.382185 0.043296
v 1.734325 0.401727 0.217342
v 1.700215 0.417401 0.389294
v -1.579956 -0.453766 -0.717176
v -1.494964 -0.474109 -0.869948
v -1.395574 -0.489886 -1.014342
v -1.282745 -0.500945 -1.148967
v -1.157562 -0.507180 -1.272527
v -1.021231 -0.508531 -1.383832
v -0.875065 -0.504984 -1.481810
v -0.720472 -0.496574 -1.565517
v -0.558939 -0.483381 -1.634149
v -0.392025 -0.465534 -1.687041
v -0.221335 -0.443202 -1.723686
v -0.048513 -0.416603 -1.743731
v 0.124776 -0.385991 -1.746985
v 0.296863 -0.351663 -1.733413
v 0.466092 -0.313948 -1.703147
v 0.630831 -0.273208 -1.656479
v 0.789496 -0.229838 -1.593858
v 0.940557 -0.184254 -1.515888
v 1.082560 -0.136896 -1.423319
v 1.214137 -0.088220 -1.317042
v 1.334022 -0.038694 -1.198082
v 1.441059 0.011205 -1.067584
v 1.534218 0.060996 -0.926804
v 1.612602 0.110200 -0.777098
v 1.675455 0.158342 -0.619908
v 1.722173 0.204959 -0.456748
v 1.752306 0.249602 -0.289190
v 1.765562 0.291842 -0.118847
v 1.761815 0.331271 0.052641
v 1.741101 0.367510 0.223622
v 1.703620 0.400209 0.392449
v -1.577185 -0.470682 -0.712354
v -1.489450 -0.507779 -0.860351
v -1.387370 -0.539986 -1.000062
v -1.271929 -0.566993 -1.130142
v -1.144239 -0.588539 -1.249339
v -1.005529 -0.604416 -1.356503
v -0.857135 -0.614473 -1.450603
v -0.700487 -0.618613 -1.530734
v -0.537092 -0.616795 -1.596123
v -0.368525 -0.609037 -1.646140
v -0.196409 -0.595413 -1.680303
v -0.022402 -0.576055 -1.698284
v 0.151822 -0.551150 -1.699911
v 0.324583 -0.520936 -1.685166
v 0.494219 -0.485706 -1.654192
v 0.659094 -0.445798 -1.607288
v 0.817623 -0.401597 -1.544904
v 0.968277 -0.353528 -1.467642
v 1.109606 -0.302054 -1.376245
v 1.240249 -0.247672 -1.271595
v 1.358948 -0.190905 -1.154698
v 1.464559 -0.132298 -1.026683
v 1.556066 -0.072418 -0.888778
v 1.632587 -0.011840 -0.742314
v 1.693385 0.048852 -0.588701
v 1.737875 0.109073 -0.429419
v 1.765629 0.168244 -0.266002
v 1.776378 0.225795 -0.100022
v 1.770020 0.281171 0.066921
v 1.746615 0.333839 0.233219
v 1.706390 0.383292 0.397271
v -1.575078 -0.487151 -0.705916
v -1.485255 -0.540558 -0.847536
v -1.381129 -0.588759 -0.980995
v -1.263701 -0.631289 -1.105006
v -1.134104 -0.667741 -1.218375
v -0.993584 -0.697761 -1.320010
v -0.843496 -0.721061 -1.408933
v -0.685284 -0.737418 -1.484288
v -0.520473 -0.746673 -1.545348
v -0.350649 -0.748737 -1.591525
v -0.177448 -0.743589 -1.622374
v -0.002539 -0.731281 -1.637599
v 0.172396 -0.711930 -1.637055
v 0.345670 -0.685723 -1.620744
v 0.515615 -0.652912 -1.588824
v 0.680594 -0.613813 -1.541603
v 0.839019 -0.568803 -1.479535
v 0.989363 -0.518315 -1.403219
v 1.130180 -0.462835 -1.313389
v 1.260112 -0.402898 -1.210910
v 1.377908 -0.339081 -1.096770
v 1.482435 -0.271998 -0.972068
v 1.572685 -0.202295 -0.838003
v 1.647789 -0.130645 -0.695868
v 1.707024 -0.057736 -0.547031
v 1.749820 0.015729 -0.392926
v 1.775763 0.089042 -0.235038
v 1.784605 0.161498 -0.074886
v 1.776261 0.232398 0.085988
v 1.750810 0.301061 0.246034
v 1.708497 0.366824 0.403709
v -1.573655 -0.503002 -0.697927
v -1.482424 -0.572107 -0.831636
v -1.376915 -0.635703 -0.957336
v -1.258146 -0.693176 -1.073816
v -1.127261 -0.743973 -1.179954
v -0.985520 -0.787606 -1.274729
v -0.834287 -0.823653 -1.357228
v -0.675020 -0.851769 -1.426656
v -0.509252 -0.871682 -1.482345
v -0.338579 -0.883199 -1.523757
v -0.164647 -0.886211 -1.550494
v 0.010872 -0.880688 -1.562300
v 0.186287 -0.866684 -1.559061
v 0.359907 -0.844333 -1.540806
v 0.530060 -0.813851 -1.507712
v 0.695110 -0.775530 -1.460099
v 0.853465 -0.729741 -1.398424
v 1.003600 -0.676924 -1.323282
v 1.144070 -0.617588 -1.235395
v 1.273523 -0.552305 -1.135611
v 1.390710 -0.481702 -1.024890
v 1.494505 -0.406460 -0.904300
v 1.583906 -0.327304 -0.775000
v 1.658053 -0.244995 -0.638236
v 1.716233 -0.160328 -0.495326
v 1.757884 -0.074116 -0.347645
v 1.782606 0.012809 -0.196618
v 1.790160 0.099612 -0.043696
v 1.780474 0.185455 0.109647
v 1.753641 0.269512 0.261934
v 1.709920 0.350973 0.411698
v -1.572932 -0.518073 -0.688470
v -1.480983 -0.602104 -0.812812
v -1.374772 -0.680336 -0.929327
v -1.255321 -0.752017 -1.036892
v -1.123781 -0.816455 -1.134471
v -0.981418 -0.873030 -1.221124
v -0.829604 -0.921197 -1.296018
v -0.669799 -0.960493 -1.358430
v -0.503545 -0.990539 -1.407760
v -0.332441 -1.011045 -1.443532
v -0.158135 -1.021814 -1.465401
v 0.017693 -1.022743 -1.473158
v 0.193352 -1.013822 -1.466730
v 0.367148 -0.995137 -1.446174
v 0.537408 -0.966869 -1.411691
v 0.702493 -0.929289 -1.363613
v 0.860812 -0.882760 -1.302402
v 1.010841 -0.827729 -1.228650
v 1.151136 -0.764726 -1.143064
v 1.280344 -0.694359 -1.046469
v 1.397221 -0.617305 -0.939797
v 1.500643 -0.534306 -0.824075
v 1.589613 -0.446161 -0.700415
v 1.663274 -0.353719 -0.570010
v 1.720917 -0.257871 -0.434116
v 1.761986 -0.159540 -0.294041
v 1.786086 -0.059672 -0.151134
v 1.792986 0.040771 -0.006772
v 1.782618 0.140821 0.137656
v 1.755082 0.239515 0.280758
v 1.710644 0.335902 0.421155
v -1.572914 -0.532210 -0.677641
v -1.480949 -0.630241 -0.791259
v -1.374722 -0.722202 -0.897257
v -1.255254 -0.807209 -0.994614
v -1.123698 -0.884441 -1.082392
v -0.981321 -0.953156 -1.159746
v -0.829493 -1.012691 -1.225931
v -0.669676 -1.062474 -1.280309
v -0.503410 -1.102025 -1.322359
v -0.332296 -1.130962 -1.351672
v -0.157982 -1.149007 -1.367968
v 0.017854 -1.155987 -1.371089
v 0.193519 -1.151834 -1.361008
v 0.367319 -1.136589 -1.337818
v 0.537582 -1.110397 -1.301744
v 0.702667 -1.073512 -1.253134
v 0.860986 -1.026288 -1.192456
v 1.011012 -0.969180 -1.120294
v 1.151303 -0.902739 -1.037342
v 1.280505 -0.827604 -0.944400
v 1.397375 -0.744499 -0.842363
v 1.500789 -0.654223 -0.732215
v 1.589748 -0.557647 -0.615014
v 1.663397 -0.455700 -0.491890
v 1.721027 -0.349366 -0.364029
v 1.762083 -0.239666 -0.232662
v 1.786169 -0.127658 -0.099055
v 1.793052 -0.014421 0.035507
v 1.782668 0.098955 0.169726
v 1.755116 0.211378 0.302311
v 1.710661 0.321766 0.431984
v -1.573604 -0.545266 -0.665552
v -1.482322 -0.656228 -0.767197
v -0.833956 -1.097197 -1.147686
v 0.695631 -1.206719 -1.129797
v 1.584309 -0.660618 -0.519673
v 1.658422 -0.549892 -0.404677
v 1.790360 -0.065397 0.082706
vt 0.883484 0.278306
vt 0.889081 0.259514
vt 0.870081 0.245778
vt 0.864741 0.267436
vt 0.637377 0.339301
vt 0.627164 0.315190
vt 0.613604 0.335744
vt 0.623545 0.358026
vt 0.901160 0.291294
vt 0.906585 0.275420
vt 0.652049 0.321669
vt 0.641811 0.295804
vt 0.917760 0.306115
vt 0.922676 0.293133
vt 0.667668 0.305357
vt 0.657710 0.277859
vt 0.506223 0.570035
vt 0.505099 0.567756
vt 0.494222 0.590946
vt 0.933330 0.322497
vt 0.937493 0.312330
vt 0.684319 0.290618
vt 0.675005 0.261673
vt 0.517858 0.548715
vt 0.515619 0.544240
vt 0.947959 0.340187
vt 0.951199 0.332731
vt 0.702048 0.277727
vt 0.693788 0.247602
vt 0.529236 0.527111
vt 0.525905 0.520510
vt 0.961753 0.358960
vt 0.963964 0.354101
vt 0.720841 0.266967
vt 0.714061 0.236030
vt 0.540461 0.505342
vt 0.536072 0.496672
vt 0.974831 0.378615
vt 0.975951 0.376239
vt 0.740605 0.258615
vt 0.735690 0.227339
vt 0.551638 0.483519
vt 0.546230 0.472828
vt 0.987312 0.398975
vt 0.761156 0.252915
vt 0.758377 0.221863
vt 0.562869 0.461755
vt 0.556493 0.449076
vt 0.782220 0.250052
vt 0.781665 0.219838
vt 0.574257 0.440162
vt 0.566972 0.425523
vt 0.803456 0.250124
vt 0.804994 0.221356
vt 0.585907 0.418859
vt 0.577790 0.402279
vt 0.824502 0.253128
vt 0.827798 0.226349
vt 0.597928 0.397972
vt 0.589073 0.379469
vt 0.845020 0.258961
vt 0.849601 0.234597
vt 0.610435 0.377642
vt 0.600960 0.357235
vt 0.549545 0.437623
vt 0.540355 0.463200
vt 0.781949 0.189616
vt 0.755673 0.190750
vt 0.558999 0.412244
vt 0.808000 0.192767
vt 0.568849 0.387164
vt 0.832941 0.200010
vt 0.579241 0.362499
vt 0.856133 0.210939
vt 0.590340 0.338387
vt 0.877253 0.225034
vt 0.602335 0.314994
vt 0.896259 0.241753
vt 0.615442 0.292527
vt 0.913286 0.260598
vt 0.629903 0.271241
vt 0.928565 0.281138
vt 0.645977 0.251454
vt 0.503868 0.565711
vt 0.942354 0.303018
vt 0.663914 0.233556
vt 0.513182 0.540226
vt 0.954907 0.325951
vt 0.683911 0.218011
vt 0.522289 0.514587
vt 0.966453 0.349706
vt 0.706031 0.205345
vt 0.531309 0.488884
vt 0.977195 0.374098
vt 0.730109 0.196098
vt 0.559096 0.373705
vt 0.550365 0.400481
vt 0.840587 0.174374
vt 0.813094 0.164510
vt 0.568414 0.347293
vt 0.865149 0.188317
vt 0.578507 0.321370
vt 0.886613 0.205546
vt 0.589605 0.296092
vt 0.905209 0.225336
vt 0.601982 0.271663
vt 0.921337 0.247086
vt 0.615976 0.248351
vt 0.935433 0.270326
vt 0.631980 0.226506
vt 0.502545 0.563920
vt 0.947892 0.294700
vt 0.650426 0.206592
vt 0.510569 0.536712
vt 0.959053 0.319936
vt 0.671721 0.189202
vt 0.518418 0.509400
vt 0.969196 0.345828
vt 0.696109 0.175054
vt 0.526208 0.482051
vt 0.978552 0.372217
vt 0.723453 0.164941
vt 0.534051 0.454735
vt 0.753016 0.159586
vt 0.542063 0.427520
vt 0.783442 0.159438
vt 0.565434 0.306487
vt 0.556602 0.334098
vt 0.898552 0.187759
vt 0.877352 0.167198
vt 0.575315 0.279401
vt 0.916099 0.210632
vt 0.586578 0.253026
vt 0.930779 0.235166
vt 0.599661 0.227614
vt 0.943259 0.260901
vt 0.615130 0.203525
vt 0.501141 0.562400
vt 0.954064 0.287514
vt 0.633693 0.181271
vt 0.507805 0.533732
vt 0.963597 0.314775
vt 0.656154 0.161573
vt 0.514326 0.504997
vt 0.972166 0.342517
vt 0.683210 0.145405
vt 0.520812 0.476244
vt 0.980008 0.370615
vt 0.714981 0.133953
vt 0.527365 0.447523
vt 0.750367 0.128381
vt 0.534093 0.418886
vt 0.786837 0.129388
vt 0.541113 0.390390
vt 0.821340 0.136840
vt 0.548562 0.362100
vt 0.851735 0.149847
vt 0.569095 0.237116
vt 0.559439 0.265327
vt 0.941583 0.225136
vt 0.929021 0.198062
vt 0.580632 0.209637
vt 0.951977 0.253061
vt 0.594787 0.183208
vt 0.499672 0.561167
vt 0.960806 0.281587
vt 0.612618 0.158330
vt 0.504915 0.531314
vt 0.968488 0.310544
vt 0.635579 0.135799
vt 0.510049 0.501421
vt 0.975327 0.339814
vt 0.665388 0.116860
vt 0.515165 0.471522
vt 0.981545 0.369312
vt 0.703202 0.103299
vt 0.520349 0.441647
vt 0.747666 0.097143
vt 0.525697 0.411832
vt 0.793571 0.099625
vt 0.531311 0.382114
vt 0.834654 0.110218
vt 0.537316 0.352537
vt 0.867872 0.127081
vt 0.543863 0.323160
vt 0.893583 0.148245
vt 0.551149 0.294056
vt 0.913430 0.172228
vt 0.570433 0.166467
vt 0.558734 0.195140
vt 0.498150 0.560232
vt 0.968025 0.277034
vt 0.961473 0.246994
vt 0.585982 0.138862
vt 0.501926 0.529480
vt 0.973664 0.307310
vt 0.607623 0.113039
vt 0.505626 0.498709
vt 0.978644 0.337755
vt 0.638985 0.090361
vt 0.509317 0.467936
vt 0.983148 0.368322
vt 0.684619 0.073371
vt 0.513068 0.437178
vt 0.744773 0.065882
vt 0.516951 0.406453
vt 0.807067 0.070518
vt 0.521048 0.375783
vt 0.856604 0.085567
vt 0.525459 0.345192
vt 0.891042 0.107151
vt 0.530308 0.314714
vt 0.914657 0.132368
vt 0.535766 0.284391
vt 0.931438 0.159622
vt 0.542066 0.254286
vt 0.943925 0.188080
vt 0.549550 0.224489
vt 0.953631 0.217290
vt 0.569574 0.095234
vt 0.552988 0.124363
vt 0.501096 0.496888
vt 0.498865 0.528250
vt 0.982074 0.336368
vt 0.979050 0.305126
vt 0.597372 0.067983
vt 0.503323 0.465526
vt 0.984799 0.367656
vt 0.649281 0.045349
vt 0.505591 0.434169
vt 0.741213 0.034605
vt 0.507944 0.402826
vt 0.837229 0.043176
vt 0.510436 0.371504
vt 0.893477 0.064862
vt 0.513131 0.340212
vt 0.923336 0.091752
vt 0.516112 0.308963
vt 0.940902 0.120722
vt 0.519495 0.277774
vt 0.952387 0.150664
vt 0.523442 0.246671
vt 0.960537 0.181126
vt 0.528203 0.215690
vt 0.966693 0.211894
vt 0.534171 0.184894
vt 0.971576 0.242855
vt 0.542020 0.154386
vt 0.496590 0.559604
vt 0.975608 0.273946
vt 0.565534 0.024015
vt 0.532980 0.054060
vt 0.497994 0.432660
vt 0.497240 0.464317
vt 0.986478 0.367322
vt 0.732755 0.003331
vt 0.498776 0.401004
vt 0.916623 0.022189
vt 0.499606 0.369351
vt 0.951986 0.052086
vt 0.500506 0.337701
vt 0.964795 0.083143
vt 0.501505 0.306056
vt 0.971412 0.114511
vt 0.502643 0.274418
vt 0.975502 0.146003
vt 0.503978 0.242789
vt 0.978323 0.177558
vt 0.505603 0.211175
vt 0.980420 0.209149
vt 0.507664 0.179583
vt 0.982067 0.240762
vt 0.510426 0.148025
vt 0.495007 0.559290
vt 0.983418 0.272390
vt 0.514409 0.116527
vt 0.495762 0.527633
vt 0.984566 0.304028
vt 0.520797 0.085148
vt 0.496501 0.495975
vt 0.985573 0.335672
vt 1.059533 0.022361
vt 1.241614 0.003721
vt 0.488703 0.369365
vt 0.489554 0.401016
vt 1.023495 0.052174
vt 0.487780 0.337717
vt 1.010387 0.083200
vt 0.486757 0.306074
vt 1.003609 0.114550
vt 0.485590 0.274439
vt 0.999417 0.146033
vt 0.484221 0.242814
vt 0.996526 0.177581
vt 0.482556 0.211204
vt 0.994377 0.209166
vt 0.480443 0.179616
vt 0.992689 0.240775
vt 0.477613 0.148065
vt 0.493418 0.559292
vt 0.991304 0.272400
vt 0.473532 0.116578
vt 0.492644 0.527637
vt 0.990126 0.304034
vt 0.466989 0.085215
vt 0.491886 0.495981
vt 0.989095 0.335677
vt 0.454524 0.054156
vt 0.491128 0.464325
vt 0.988166 0.367324
vt 0.421346 0.024188
vt 0.490356 0.432670
vt 0.255436 0.003721
vt 0.024208 0.083200
vt 0.065573 0.091907
vt 0.095553 0.065082
vt 0.037317 0.052174
vt 0.472153 0.309017
vt 0.475158 0.340259
vt 0.017430 0.114550
vt 0.047900 0.120836
vt 0.468743 0.277837
vt 0.013239 0.146033
vt 0.036334 0.150751
vt 0.464764 0.246743
vt 0.010348 0.177581
vt 0.028124 0.181192
vt 0.459967 0.215775
vt 0.008199 0.209166
vt 0.021920 0.211945
vt 0.453954 0.184993
vt 0.006511 0.240775
vt 0.016998 0.242894
vt 0.446048 0.154503
vt 0.491835 0.559610
vt 0.005126 0.272400
vt 0.012933 0.273975
vt 0.435007 0.124506
vt 0.489541 0.528261
vt 0.003948 0.304034
vt 0.009463 0.305146
vt 0.418327 0.095415
vt 0.487292 0.496905
vt 0.002916 0.335677
vt 0.006415 0.336381
vt 0.390424 0.068222
vt 0.485046 0.465548
vt 0.001988 0.367324
vt 0.003667 0.367662
vt 0.338530 0.045675
vt 0.482760 0.434198
vt 0.001134 0.398975
vt 0.247178 0.034995
vt 0.480387 0.402860
vt 0.073355 0.022361
vt 0.151787 0.043495
vt 0.477875 0.371544
vt 0.057250 0.159759
vt 0.074083 0.132543
vt 0.446154 0.254403
vt 0.452481 0.284493
vt 0.044717 0.188187
vt 0.438639 0.224624
vt 0.034971 0.217373
vt 0.429420 0.195296
vt 0.027094 0.247058
vt 0.417683 0.166649
vt 0.490276 0.560242
vt 0.020512 0.277082
vt 0.402093 0.139077
vt 0.486481 0.529500
vt 0.014848 0.307344
vt 0.380417 0.113297
vt 0.482763 0.498738
vt 0.009843 0.337776
vt 0.349055 0.090672
vt 0.479054 0.467974
vt 0.005317 0.368332
vt 0.303524 0.073737
vt 0.475285 0.437225
vt 0.243633 0.066272
vt 0.471383 0.406510
vt 0.181616 0.070874
vt 0.467266 0.375849
vt 0.132191 0.085856
vt 0.462835 0.345270
vt 0.097744 0.107376
vt 0.457963 0.314803
vt 0.047005 0.225248
vt 0.059597 0.198204
vt 0.407558 0.209841
vt 0.419119 0.237296
vt 0.036582 0.253149
vt 0.393381 0.183441
vt 0.488754 0.561181
vt 0.027727 0.281653
vt 0.375533 0.158598
vt 0.483493 0.531341
vt 0.020020 0.310590
vt 0.352570 0.136105
vt 0.478341 0.501461
vt 0.013158 0.339843
vt 0.322792 0.117206
vt 0.473209 0.471574
vt 0.006920 0.369326
vt 0.285065 0.103678
vt 0.468006 0.441712
vt 0.240745 0.097533
vt 0.462641 0.411910
vt 0.194989 0.099993
vt 0.457008 0.382205
vt 0.154001 0.110541
vt 0.450985 0.352643
vt 0.120812 0.127351
vt 0.444418 0.323281
vt 0.095092 0.148464
vt 0.437111 0.294194
vt 0.075220 0.172405
vt 0.428799 0.265484
vt 0.034462 0.287596
vt 0.045290 0.261009
vt 0.354519 0.181574
vt 0.373085 0.203797
vt 0.480605 0.533766
vt 0.487285 0.562418
vt 0.024907 0.314833
vt 0.332070 0.161908
vt 0.474066 0.505046
vt 0.016318 0.342554
vt 0.305050 0.145769
vt 0.467564 0.476310
vt 0.008456 0.370633
vt 0.273343 0.134338
vt 0.460995 0.447605
vt 0.238045 0.128770
vt 0.454250 0.418984
vt 0.201667 0.129761
vt 0.447213 0.390505
vt 0.167234 0.137180
vt 0.439747 0.362232
vt 0.136876 0.150143
vt 0.431690 0.334249
vt 0.111268 0.167450
vt 0.422841 0.306658
vt 0.090059 0.187968
vt 0.412942 0.279594
vt 0.072495 0.210803
vt 0.401662 0.253242
vt 0.057793 0.235303
vt 0.388564 0.227857
vt 0.019285 0.345873
vt 0.029447 0.320006
vt 0.292197 0.175429
vt 0.316554 0.189555
vt 0.462171 0.482130
vt 0.469977 0.509460
vt 0.009910 0.372238
vt 0.264900 0.165329
vt 0.454312 0.454832
vt 0.235397 0.159975
vt 0.446286 0.427637
vt 0.205032 0.159813
vt 0.437968 0.400618
vt 0.175431 0.164860
vt 0.429223 0.373862
vt 0.147972 0.174688
vt 0.419890 0.347471
vt 0.123426 0.188591
vt 0.409782 0.321569
vt 0.101963 0.205780
vt 0.398672 0.296315
vt 0.083359 0.225531
vt 0.386283 0.271911
vt 0.067217 0.247245
vt 0.372281 0.248624
vt 0.053104 0.270453
vt 0.356274 0.226806
vt 0.485883 0.563940
vt 0.040627 0.294797
vt 0.337833 0.206920
vt 0.477842 0.536753
vt 0.011266 0.374123
vt 0.232739 0.191138
vt 0.258260 0.196487
vt 0.438810 0.437757
vt 0.448013 0.463313
vt 0.206506 0.189992
vt 0.429342 0.412400
vt 0.180494 0.193122
vt 0.419479 0.387342
vt 0.155582 0.200335
vt 0.409075 0.362700
vt 0.132408 0.211228
vt 0.397965 0.338611
vt 0.111294 0.225285
vt 0.385961 0.315242
vt 0.092287 0.241967
vt 0.372847 0.292799
vt 0.075251 0.260775
vt 0.358382 0.271538
vt 0.059960 0.281280
vt 0.342309 0.251775
vt 0.484561 0.565735
vt 0.046156 0.303128
vt 0.324379 0.233900
vt 0.475231 0.540273
vt 0.033587 0.326031
vt 0.304398 0.218376
vt 0.466109 0.514657
vt 0.022025 0.349758
vt 0.282304 0.205725
vt 0.457075 0.488975
vt 0.183478 0.221714
vt 0.206778 0.220215
vt 0.410549 0.402477
vt 0.421378 0.425697
vt 0.160698 0.226680
vt 0.399256 0.379690
vt 0.138912 0.234897
vt 0.387359 0.357481
vt 0.118442 0.246043
vt 0.374709 0.336013
vt 0.099444 0.259743
vt 0.361144 0.315482
vt 0.081935 0.275612
vt 0.346496 0.296119
vt 0.065836 0.293289
vt 0.330601 0.278196
vt 0.483332 0.567783
vt 0.051008 0.312451
vt 0.313314 0.262029
vt 0.472796 0.544292
vt 0.037289 0.332820
vt 0.294545 0.247974
vt 0.462496 0.520588
vt 0.024511 0.354159
vt 0.274292 0.236415
vt 0.452316 0.496775
vt 0.012509 0.376267
vt 0.252690 0.227729
vt 0.442144 0.472955
vt 0.230034 0.222251
vt 0.431869 0.449227
vt 0.143471 0.259268
vt 0.163975 0.253463
vt 0.377898 0.377905
vt 0.390412 0.398211
vt 0.123760 0.267711
vt 0.364784 0.358312
vt 0.105022 0.278546
vt 0.350949 0.339609
vt 0.087345 0.291498
vt 0.336277 0.321998
vt 0.070741 0.306282
vt 0.320662 0.305705
vt 0.482208 0.570065
vt 0.055162 0.322628
vt 0.304019 0.290984
vt 0.470560 0.548774
vt 0.040524 0.340284
vt 0.286302 0.278105
vt 0.459169 0.527197
vt 0.026718 0.359023
vt 0.267526 0.267354
vt 0.447931 0.505455
vt 0.013627 0.378645
vt 0.247781 0.259005
vt 0.436742 0.483659
vt 0.227253 0.253302
vt 0.425500 0.461921
vt 0.206214 0.250428
vt 0.414102 0.440353
vt 0.185001 0.250483
vt 0.402442 0.419074
vt 0.109205 0.298115
vt 0.127545 0.290021
vt 0.342044 0.364901
vt 0.356041 0.381874
vt 0.091572 0.308202
vt 0.327425 0.348895
vt 0.074704 0.320074
vt 0.312111 0.334042
vt 0.481201 0.572559
vt 0.058612 0.333518
vt 0.296047 0.320543
vt 0.468543 0.553674
vt 0.043271 0.348325
vt 0.279208 0.308609
vt 0.456157 0.534423
vt 0.028627 0.364292
vt 0.261602 0.298454
vt 0.443953 0.514933
vt 0.014609 0.381233
vt 0.243287 0.290282
vt 0.431839 0.495323
vt 0.224372 0.284280
vt 0.419728 0.475710
vt 0.205020 0.280595
vt 0.407528 0.456213
vt 0.185434 0.279326
vt 0.395150 0.436952
vt 0.165844 0.280505
vt 0.382504 0.418050
vt 0.146479 0.284102
vt 0.369498 0.399643
vt 0.077766 0.334490
vt 0.094712 0.325521
vt 0.304649 0.363016
vt 0.319690 0.376596
vt 0.480321 0.575241
vt 0.061364 0.344986
vt 0.289073 0.350556
vt 0.466765 0.558948
vt 0.045521 0.356846
vt 0.272941 0.339380
vt 0.453485 0.542199
vt 0.030225 0.369905
vt 0.256255 0.329653
vt 0.440409 0.525122
vt 0.015445 0.384001
vt 0.239042 0.321535
vt 0.427462 0.507840
vt 0.221364 0.315171
vt 0.414570 0.490470
vt 0.203314 0.310684
vt 0.401660 0.473130
vt 0.185010 0.308168
vt 0.388655 0.455939
vt 0.166595 0.307675
vt 0.375482 0.439016
vt 0.148219 0.309218
vt 0.362069 0.422487
vt 0.130030 0.312762
vt 0.348343 0.406480
vt 0.112159 0.318233
vt 0.334237 0.391135
vt 0.465245 0.564546
vt 0.479578 0.578084
vt 0.047270 0.365750
vt 0.063432 0.356898
vt 0.267273 0.370342
vt 0.282854 0.380912
vt 0.451178 0.550455
vt 0.031502 0.375800
vt 0.251295 0.360910
vt 0.437325 0.535935
vt 0.016128 0.386919
vt 0.234930 0.352743
vt 0.423633 0.521102
vt 0.218203 0.345959
vt 0.410042 0.506073
vt 0.201163 0.340665
vt 0.396495 0.490961
vt 0.183875 0.336949
vt 0.382933 0.475879
vt 0.166422 0.334873
vt 0.369296 0.460940
vt 0.148896 0.334476
vt 0.355526 0.446258
vt 0.131397 0.335764
vt 0.341566 0.431950
vt 0.114020 0.338714
vt 0.327365 0.418136
vt 0.096854 0.343275
vt 0.312872 0.404940
vt 0.079973 0.349369
vt 0.298047 0.392488
vt 0.434726 0.547277
vt 0.449256 0.559117
vt 0.016653 0.389958
vt 0.032451 0.381913
vt 0.230858 0.383884
vt 0.246585 0.392189
vt 0.420372 0.535001
vt 0.214858 0.376626
vt 0.406155 0.522398
vt 0.198602 0.370509
vt 0.392033 0.509572
vt 0.182119 0.365615
vt 0.377962 0.496628
vt 0.165453 0.362013
vt 0.363897 0.483671
vt 0.148653 0.359758
vt 0.349793 0.470805
vt 0.131782 0.358882
vt 0.335604 0.458135
vt 0.114901 0.359400
vt 0.321290 0.445765
vt 0.098078 0.361303
vt 0.306808 0.433802
vt 0.081371 0.364562
vt 0.292124 0.422354
vt 0.478979 0.581061
vt 0.064837 0.369130
vt 0.277207 0.411531
vt 0.463997 0.570415
vt 0.048519 0.374940
vt 0.262033 0.401439
vt 0.402921 0.539324
vt 0.417699 0.549428
vt 0.195640 0.400183
vt 0.211295 0.407151
vt 0.388272 0.528835
vt 0.179794 0.394115
vt 0.373724 0.518055
vt 0.163769 0.389020
vt 0.359247 0.507079
vt 0.147590 0.384962
vt 0.344806 0.496000
vt 0.131285 0.381992
vt 0.330368 0.484913
vt 0.114892 0.380149
vt 0.315900 0.473910
vt 0.098451 0.379460
vt 0.301368 0.463086
vt 0.082006 0.379932
vt 0.286740 0.452536
vt 0.478531 0.584141
vt 0.065600 0.381560
vt 0.271988 0.442353
vt 0.463037 0.576500
vt 0.049276 0.384321
vt 0.257086 0.432630
vt 0.447740 0.568108
vt 0.033070 0.388179
vt 0.242012 0.423462
vt 0.432632 0.559054
vt 0.017015 0.393084
vt 0.226752 0.414939
vt 0.370209 0.540039
vt 0.385217 0.548629
vt 0.161420 0.415822
vt 0.176921 0.422398
vt 0.355315 0.531045
vt 0.145771 0.409994
vt 0.340516 0.521732
vt 0.129979 0.404979
vt 0.325788 0.512183
vt 0.114059 0.400836
vt 0.311107 0.502483
vt 0.098029 0.397612
vt 0.296447 0.492717
vt 0.081915 0.395348
vt 0.281780 0.482971
vt 0.478240 0.587294
vt 0.065744 0.394072
vt 0.267081 0.473330
vt 0.462377 0.582744
vt 0.049549 0.393799
vt 0.252323 0.463879
vt 0.446649 0.577348
vt 0.033361 0.394534
vt 0.237483 0.454702
vt 0.431067 0.571168
vt 0.017212 0.396266
vt 0.222539 0.445883
vt 0.415637 0.564272
vt 0.207473 0.437506
vt 0.400355 0.556734
vt 0.192270 0.429651
vt 0.336887 0.547904
vt 0.352086 0.555464
vt 0.127910 0.427737
vt 0.143234 0.434764
vt 0.321809 0.539860
vt 0.112452 0.421338
vt 0.306839 0.531411
vt 0.096858 0.415635
vt 0.291958 0.522635
vt 0.081136 0.410689
vt 0.277148 0.513613
vt 0.478111 0.590490
vt 0.065294 0.406556
vt 0.262386 0.504426
vt 0.462027 0.589087
vt 0.049351 0.403285
vt 0.247649 0.495155
vt 0.446000 0.586754
vt 0.033326 0.400914
vt 0.232912 0.485883
vt 0.430052 0.583520
vt 0.017245 0.399471
vt 0.218152 0.476691
vt 0.414206 0.579422
vt 0.203344 0.467660
vt 0.398478 0.574510
vt 0.188467 0.458872
vt 0.382879 0.568836
vt 0.173501 0.450408
vt 0.367415 0.562465
vt 0.158428 0.442345
vt 0.303041 0.560635
vt 0.318396 0.567874
vt 0.094973 0.433407
vt 0.110105 0.441541
vt 0.287834 0.552792
vt 0.079697 0.425836
vt 0.272763 0.544423
vt 0.478145 0.593694
vt 0.064272 0.418905
vt 0.257816 0.535608
vt 0.461997 0.595466
vt 0.048696 0.412689
vt 0.242974 0.526432
vt 0.445807 0.596240
vt 0.032973 0.407255
vt 0.228215 0.516978
vt 0.429609 0.596005
vt 0.017113 0.402666
vt 0.213516 0.507330
vt 0.413435 0.594764
vt 0.198851 0.497575
vt 0.397316 0.592534
vt 0.184193 0.487796
vt 0.381282 0.589342
vt 0.169515 0.478081
vt 0.365356 0.585227
vt 0.154791 0.468513
vt 0.349558 0.580237
vt 0.139996 0.459177
vt 0.333902 0.574431
vt 0.125108 0.450159
vt 0.268552 0.575369
vt 0.284015 0.583149
vt 0.478345 0.596876
vt 0.062700 0.431016
vt 0.077627 0.440675
vt 0.253287 0.566849
vt 0.462291 0.601821
vt 0.047599 0.421926
vt 0.238210 0.557680
vt 0.446087 0.605718
vt 0.032309 0.413498
vt 0.223305 0.547953
vt 0.429762 0.608517
vt 0.016820 0.405819
vt 0.208551 0.537763
vt 0.413354 0.610181
vt 0.193923 0.527202
vt 0.396905 0.610688
vt 0.179392 0.516364
vt 0.380459 0.610030
vt 0.164926 0.505345
vt 0.364059 0.608217
vt 0.150492 0.494238
vt 0.347748 0.605272
vt 0.136056 0.483137
vt 0.331561 0.601236
vt 0.121583 0.472136
vt 0.315530 0.596159
vt 0.107041 0.461329
vt 0.299676 0.590106
vt 0.092399 0.450811
vt 0.159682 0.532116
vt 0.173995 0.544504
vt 0.363573 0.631327
vt 0.380460 0.630780
vt 0.145497 0.519426
vt 0.346694 0.630478
vt 0.131396 0.506537
vt 0.329887 0.628245
vt 0.117336 0.493555
vt 0.313211 0.624662
vt 0.103271 0.480585
vt 0.296719 0.619783
vt 0.089156 0.467730
vt 0.280455 0.613676
vt 0.074947 0.455096
vt 0.264447 0.606424
vt 0.478709 0.600002
vt 0.060601 0.442788
vt 0.248713 0.598122
vt 0.462915 0.608085
vt 0.046078 0.430914
vt 0.233260 0.588870
vt 0.446849 0.615097
vt 0.031345 0.419581
vt 0.218081 0.578773
vt 0.430532 0.620945
vt 0.016371 0.408898
vt 0.203161 0.567941
vt 0.413997 0.625549
vt 0.188476 0.556481
vt 0.397288 0.628844
vt 0.125988 0.529260
vt 0.139754 0.543964
vt 0.328927 0.655387
vt 0.346462 0.655760
vt 0.112356 0.514296
vt 0.311462 0.653330
vt 0.098800 0.499187
vt 0.294163 0.649628
vt 0.085261 0.484047
vt 0.277112 0.644345
vt 0.071679 0.468988
vt 0.260375 0.637567
vt 0.479235 0.603039
vt 0.057995 0.454125
vt 0.244000 0.629401
vt 0.463868 0.614196
vt 0.044152 0.439571
vt 0.228015 0.619966
vt 0.448105 0.624284
vt 0.030094 0.425447
vt 0.212428 0.609389
vt 0.431945 0.633173
vt 0.015770 0.411873
vt 0.197232 0.597802
vt 0.415405 0.640740
vt 0.182404 0.585338
vt 0.398523 0.646870
vt 0.167911 0.572125
vt 0.381353 0.651464
vt 0.153710 0.558293
vt 0.363970 0.654445
vt 0.093628 0.517007
vt 0.106625 0.534225
vt 0.292018 0.679611
vt 0.310336 0.682112
vt 0.080725 0.499641
vt 0.273953 0.675134
vt 0.067843 0.482242
vt 0.256262 0.668775
vt 0.479920 0.605956
vt 0.054906 0.464930
vt 0.239037 0.660657
vt 0.465149 0.620088
vt 0.041839 0.447822
vt 0.222341 0.650926
vt 0.449860 0.633184
vt 0.028570 0.431041
vt 0.206201 0.639741
vt 0.434022 0.645081
vt 0.015025 0.414714
vt 0.190620 0.627269
vt 0.417623 0.655614
vt 0.175575 0.613674
vt 0.400677 0.664619
vt 0.161027 0.599118
vt 0.383227 0.671941
vt 0.146923 0.583753
vt 0.365350 0.677444
vt 0.133200 0.567725
vt 0.347151 0.681017
vt 0.119791 0.551172
vt 0.328764 0.682584
vt 0.063459 0.494749
vt 0.075560 0.514388
vt 0.252015 0.700029
vt 0.270947 0.706027
vt 0.480758 0.608722
vt 0.051356 0.475111
vt 0.233684 0.691856
vt 0.466750 0.625697
vt 0.039163 0.455591
vt 0.216065 0.681693
vt 0.452116 0.641700
vt 0.026789 0.436310
vt 0.199216 0.669749
vt 0.436782 0.656542
vt 0.014143 0.417394
vt 0.183146 0.656236
vt 0.420696 0.670023
vt 0.167828 0.641367
vt 0.403829 0.681932
vt 0.153208 0.625341
vt 0.386195 0.692053
vt 0.139213 0.608347
vt 0.367850 0.700181
vt 0.125759 0.590556
vt 0.348906 0.706131
vt 0.112759 0.572125
vt 0.329528 0.709754
vt 0.100119 0.553199
vt 0.309922 0.710955
vt 0.087750 0.533912
vt 0.290318 0.709701
vt 0.468664 0.630962
vt 0.481742 0.611307
vt 0.036147 0.462810
vt 0.047373 0.484579
vt 0.208959 0.712194
vt 0.227752 0.722954
vt 0.454869 0.649734
vt 0.024769 0.441206
vt 0.191230 0.699302
vt 0.440241 0.667424
vt 0.013135 0.419885
vt 0.174579 0.684564
vt 0.424670 0.683806
vt 0.158960 0.668252
vt 0.408071 0.698627
vt 0.144288 0.650620
vt 0.390395 0.711614
vt 0.130456 0.631895
vt 0.371652 0.722485
vt 0.117346 0.612279
vt 0.351931 0.730960
vt 0.104839 0.591949
vt 0.331412 0.736793
vt 0.092818 0.571062
vt 0.310367 0.739797
vt 0.081168 0.549758
vt 0.289130 0.739869
vt 0.069780 0.528165
vt 0.268067 0.737005
vt 0.058550 0.506401
vt 0.247516 0.731306
vt 0.444404 0.677591
vt 0.458110 0.657190
vt 0.012010 0.422165
vt 0.022530 0.445681
vt 0.164621 0.712061
vt 0.181916 0.728248
vt 0.429587 0.696788
vt 0.148722 0.694117
vt 0.413496 0.714501
vt 0.134075 0.674731
vt 0.395991 0.730407
vt 0.120515 0.654177
vt 0.376991 0.744143
vt 0.107871 0.632685
vt 0.356512 0.755324
vt 0.095984 0.610452
vt 0.334709 0.763572
vt 0.084701 0.587642
vt 0.311905 0.768564
vt 0.073883 0.564398
vt 0.288575 0.770083
vt 0.063404 0.540844
vt 0.265288 0.768057
vt 0.053142 0.517093
vt 0.242601 0.762581
vt 0.482861 0.613682
vt 0.042983 0.493248
vt 0.220972 0.753890
vt 0.470874 0.635820
vt 0.032816 0.469411
vt 0.200699 0.742319
vt 0.420196 0.729323
vt 0.435475 0.708783
vt 0.122353 0.697393
vt 0.136814 0.718679
vt 0.403169 0.748168
vt 0.109246 0.674926
vt 0.384164 0.764887
vt 0.097251 0.651534
vt 0.363043 0.778982
vt 0.086152 0.627422
vt 0.339851 0.789911
vt 0.075760 0.602757
vt 0.314911 0.797153
vt 0.065910 0.577677
vt 0.288860 0.800305
vt 0.056456 0.552298
vt 0.262584 0.799171
vt 0.047266 0.526721
vt 0.237020 0.793822
vt 0.484106 0.615823
vt 0.038220 0.501037
vt 0.212942 0.784576
vt 0.473363 0.640215
vt 0.029200 0.475333
vt 0.190822 0.771910
vt 0.461817 0.663971
vt 0.020093 0.449695
vt 0.170825 0.756365
vt 0.449265 0.686904
vt 0.010779 0.424210
vt 0.152888 0.738467
vt 0.393524 0.784375
vt 0.412119 0.764585
vt 0.085419 0.668551
vt 0.096516 0.693829
vt 0.372060 0.801604
vt 0.075325 0.642627
vt 0.347498 0.815547
vt 0.066007 0.616215
vt 0.320004 0.825410
vt 0.057276 0.589440
vt 0.290353 0.830483
vt 0.048974 0.562401
vt 0.259926 0.830335
vt 0.040963 0.535186
vt 0.230363 0.824979
vt 0.485463 0.617705
vt 0.033119 0.507870
vt 0.203020 0.814866
vt 0.476107 0.644093
vt 0.025329 0.480521
vt 0.178632 0.800719
vt 0.465963 0.669985
vt 0.017480 0.453208
vt 0.157337 0.783328
vt 0.454802 0.695221
vt 0.009456 0.426001
vt 0.138891 0.763414
vt 0.442343 0.719595
vt 0.122887 0.741570
vt 0.428248 0.742835
vt 0.108893 0.718257
vt 0.358646 0.840074
vt 0.384263 0.822722
vt 0.055474 0.627821
vt 0.063513 0.655823
vt 0.328250 0.853081
vt 0.048024 0.599531
vt 0.293747 0.860533
vt 0.041004 0.571035
vt 0.257278 0.861540
vt 0.034276 0.542398
vt 0.221892 0.855967
vt 0.486918 0.619306
vt 0.027723 0.513677
vt 0.190120 0.844515
vt 0.479076 0.647405
vt 0.021237 0.484924
vt 0.163065 0.828347
vt 0.470508 0.675146
vt 0.014716 0.456188
vt 0.140604 0.808649
vt 0.460975 0.702407
vt 0.008053 0.427521
vt 0.122041 0.786395
vt 0.450169 0.729020
vt 0.106572 0.762307
vt 0.437689 0.754755
vt 0.093489 0.736895
vt 0.423009 0.779289
vt 0.082226 0.710519
vt 0.405463 0.802162
vt 0.072345 0.683434
vt 0.300481 0.890296
vt 0.341564 0.879703
vt 0.032608 0.578089
vt 0.038222 0.607807
vt 0.254577 0.892777
vt 0.027261 0.548273
vt 0.210113 0.886621
vt 0.488456 0.620609
vt 0.022076 0.518399
vt 0.172299 0.873061
vt 0.482238 0.650108
vt 0.016960 0.488500
vt 0.142490 0.854121
vt 0.475399 0.679377
vt 0.011826 0.458607
vt 0.119529 0.831590
vt 0.467716 0.708334
vt 0.006583 0.428754
vt 0.101698 0.806713
vt 0.458888 0.736860
vt 0.087543 0.780284
vt 0.448493 0.764785
vt 0.076006 0.752804
vt 0.435932 0.791859
vt 0.066350 0.724594
vt 0.420340 0.817693
vt 0.058060 0.695865
vt 0.400494 0.841676
vt 0.050774 0.666761
vt 0.374783 0.862839
vt 0.044227 0.637384
vt 0.191530 0.916549
vt 0.251684 0.924039
vt 0.490059 0.621600
vt 0.016228 0.521985
vt 0.019979 0.552743
vt 0.145896 0.899559
vt 0.485555 0.652166
vt 0.012537 0.491212
vt 0.114534 0.876881
vt 0.480574 0.682611
vt 0.008837 0.460440
vt 0.092893 0.851059
vt 0.474936 0.712888
vt 0.005061 0.429689
vt 0.077344 0.823454
vt 0.468384 0.742928
vt 0.065646 0.794781
vt 0.460542 0.772631
vt 0.056462 0.765432
vt 0.450835 0.801841
vt 0.048977 0.735635
vt 0.438349 0.830298
vt 0.042677 0.705530
vt 0.421567 0.857553
vt 0.037219 0.675207
vt 0.397952 0.882770
vt 0.032370 0.644728
vt 0.363514 0.904353
vt 0.027959 0.614138
vt 0.313977 0.919403
vt 0.023862 0.583468
vt 0.076485 0.894687
vt 0.104283 0.921937
vt 0.485961 0.684796
vt 0.488984 0.653553
vt 0.005776 0.461671
vt 0.008007 0.493033
vt 0.059899 0.865558
vt 0.482519 0.715976
vt 0.003501 0.430316
vt 0.048932 0.835534
vt 0.478487 0.747066
vt 0.041082 0.805027
vt 0.473603 0.778028
vt 0.035114 0.774230
vt 0.467448 0.808795
vt 0.030353 0.743250
vt 0.459298 0.839257
vt 0.026406 0.712147
vt 0.447813 0.869199
vt 0.023023 0.680958
vt 0.430246 0.898169
vt 0.020042 0.649709
vt 0.400386 0.925058
vt 0.017347 0.618417
vt 0.344139 0.946745
vt 0.014855 0.587095
vt 0.248123 0.955316
vt 0.012502 0.555752
vt 0.156192 0.944571
vt 0.491709 0.622266
vt 0.010234 0.524395
vt 0.017337 0.841896
vt 0.021320 0.873394
vt 0.488977 0.749159
vt 0.490328 0.717532
vt 0.001919 0.430631
vt 0.014575 0.810338
vt 0.487330 0.780772
vt 0.012514 0.778745
vt 0.485234 0.812363
vt 0.010890 0.747131
vt 0.482413 0.843918
vt 0.009554 0.715503
vt 0.478323 0.875411
vt 0.008416 0.683865
vt 0.471706 0.906778
vt 0.007417 0.652220
vt 0.458895 0.937835
vt 0.006517 0.620570
vt 0.423533 0.967732
vt 0.005687 0.588916
vt 0.239664 0.986589
vt 0.004905 0.557261
vt 0.072446 0.965905
vt 0.493389 0.622599
vt 0.004152 0.525604
vt 0.039892 0.935861
vt 0.492483 0.654249
vt 0.003413 0.493946
vt 0.027708 0.904772
vt 0.491477 0.685894
vt 0.002673 0.462288
vt 0.998692 0.778745
vt 0.975645 0.778717
vt 0.973533 0.810304
vt 1.000754 0.810338
vt 0.503437 0.812340
vt 0.501288 0.780755
vt 0.997068 0.747131
vt 0.977310 0.747107
vt 0.506328 0.843889
vt 0.995732 0.715503
vt 0.978679 0.715482
vt 0.510519 0.875371
vt 0.994594 0.683865
vt 0.979846 0.683846
vt 0.517297 0.906721
vt 0.993595 0.652220
vt 0.980870 0.652204
vt 0.530406 0.937747
vt 0.992695 0.620570
vt 0.981792 0.620556
vt 0.566443 0.967560
vt 0.991865 0.588916
vt 0.982643 0.588905
vt 1.225842 0.986589
vt 0.748528 0.986200
vt 0.991083 0.557261
vt 0.983445 0.557251
vt 1.058624 0.965905
vt 0.914437 0.965733
vt 0.495077 0.622597
vt 0.990330 0.525604
vt 0.984217 0.525596
vt 1.026070 0.935861
vt 0.947614 0.935764
vt 0.496005 0.654245
vt 0.989591 0.493946
vt 0.984975 0.493940
vt 1.013886 0.904772
vt 0.960079 0.904706
vt 0.497037 0.685887
vt 0.988851 0.462288
vt 0.985733 0.462284
vt 1.007498 0.873394
vt 0.966621 0.873343
vt 0.498214 0.717522
vt 0.988097 0.430631
vt 0.986507 0.430629
vt 1.003515 0.841896
vt 0.970702 0.841855
vt 0.499600 0.749146
vt 0.961832 0.712084
vt 0.957854 0.743178
vt 0.540989 0.869085
vt 0.529423 0.839171
vt 0.965242 0.680904
vt 0.558661 0.898014
vt 0.968248 0.649662
vt 0.588642 0.924839
vt 0.970964 0.618377
vt 0.644876 0.946426
vt 0.973476 0.587061
vt 0.740268 0.954926
vt 0.975849 0.555723
vt 0.831620 0.944246
vt 0.496756 0.622259
vt 0.978135 0.524373
vt 0.883514 0.921699
vt 0.499504 0.653540
vt 0.980381 0.493016
vt 0.911417 0.894506
vt 0.502552 0.684775
vt 0.982630 0.461660
vt 0.928097 0.865415
vt 0.506022 0.715946
vt 0.984925 0.430310
vt 0.939137 0.835417
vt 0.510087 0.747027
vt 0.947043 0.804928
vt 0.515009 0.777976
vt 0.953056 0.774146
vt 0.521213 0.808729
vt 0.955925 0.644651
vt 0.951053 0.675118
vt 0.625280 0.904065
vt 0.590833 0.882545
vt 0.960356 0.614071
vt 0.674705 0.919048
vt 0.964472 0.583411
vt 0.736723 0.923649
vt 0.968374 0.552696
vt 0.796613 0.916184
vt 0.498406 0.621589
vt 0.972143 0.521947
vt 0.842144 0.899249
vt 0.502932 0.652145
vt 0.975853 0.491183
vt 0.873506 0.876623
vt 0.507936 0.682577
vt 0.979570 0.460421
vt 0.895182 0.850843
vt 0.513601 0.712840
vt 0.983365 0.429679
vt 0.910772 0.823272
vt 0.520183 0.742864
vt 0.922510 0.794625
vt 0.528060 0.772548
vt 0.931728 0.765297
vt 0.537806 0.801734
vt 0.939243 0.735518
vt 0.550339 0.830163
vt 0.945571 0.705428
vt 0.567172 0.857378
vt 0.955730 0.578011
vt 0.950098 0.607716
vt 0.733834 0.892388
vt 0.688079 0.889928
vt 0.961096 0.548209
vt 0.778155 0.886243
vt 0.500009 0.620595
vt 0.966298 0.518347
vt 0.815882 0.872715
vt 0.506247 0.650078
vt 0.971431 0.488460
vt 0.845660 0.853815
vt 0.513109 0.679331
vt 0.976582 0.458580
vt 0.868622 0.831323
vt 0.520816 0.708269
vt 0.981844 0.428740
vt 0.886470 0.806480
vt 0.529671 0.736773
vt 0.900648 0.780080
vt 0.540094 0.764673
vt 0.912208 0.752625
vt 0.552686 0.791717
vt 0.921888 0.724437
vt 0.568309 0.817516
vt 0.930200 0.695727
vt 0.588181 0.841457
vt 0.937507 0.666640
vt 0.613902 0.862571
vt 0.944074 0.637278
vt 0.647090 0.879381
vt 0.501545 0.619288
vt 0.960653 0.513611
vt 0.954084 0.542316
vt 0.798139 0.844151
vt 0.766432 0.855583
vt 0.509407 0.647367
vt 0.967156 0.484874
vt 0.825160 0.828013
vt 0.517996 0.675088
vt 0.973694 0.456155
vt 0.847609 0.808347
vt 0.527551 0.702325
vt 0.980375 0.427503
vt 0.866174 0.786124
vt 0.538379 0.728912
vt 0.881654 0.762064
vt 0.550882 0.754618
vt 0.894751 0.736679
vt 0.565584 0.779118
vt 0.906031 0.710327
vt 0.583148 0.801953
vt 0.915930 0.683263
vt 0.604357 0.822471
vt 0.924779 0.655672
vt 0.629965 0.839778
vt 0.932836 0.627689
vt 0.660323 0.852741
vt 0.940302 0.599416
vt 0.694756 0.860160
vt 0.947339 0.570937
vt 0.731134 0.861151
vt 0.522536 0.669915
vt 0.512374 0.644048
vt 0.970932 0.453168
vt 0.963066 0.480461
vt 0.830922 0.783001
vt 0.809644 0.800367
vt 0.533715 0.695124
vt 0.978972 0.425980
vt 0.849364 0.763115
vt 0.546193 0.719468
vt 0.865370 0.741297
vt 0.560306 0.742676
vt 0.879372 0.718010
vt 0.576449 0.764390
vt 0.891761 0.693606
vt 0.595052 0.784142
vt 0.902872 0.668352
vt 0.616515 0.801331
vt 0.912979 0.642450
vt 0.641061 0.815233
vt 0.922312 0.616059
vt 0.668520 0.825062
vt 0.931058 0.589303
vt 0.698121 0.830108
vt 0.939375 0.562284
vt 0.728486 0.829946
vt 0.947402 0.535088
vt 0.757990 0.824592
vt 0.502999 0.617683
vt 0.955260 0.507791
vt 0.785286 0.814492
vt 0.553049 0.708641
vt 0.539245 0.686794
vt 0.977650 0.424186
vt 0.851471 0.718383
vt 0.835398 0.738146
vt 0.568340 0.729146
vt 0.865936 0.697122
vt 0.585376 0.747954
vt 0.879050 0.674679
vt 0.604383 0.764636
vt 0.891055 0.651310
vt 0.625497 0.778693
vt 0.902164 0.627221
vt 0.648671 0.789587
vt 0.912568 0.602579
vt 0.673583 0.796799
vt 0.922431 0.577521
vt 0.699595 0.799929
vt 0.931899 0.552163
vt 0.725828 0.798783
vt 0.941103 0.526608
vt 0.751350 0.793434
vt 0.504355 0.615798
vt 0.950164 0.500946
vt 0.775393 0.784196
vt 0.515114 0.640163
vt 0.959198 0.475264
vt 0.797488 0.771545
vt 0.526676 0.663891
vt 0.968321 0.449648
vt 0.817469 0.756021
vt 0.592533 0.730178
vt 0.575024 0.714309
vt 0.867799 0.653908
vt 0.854234 0.674439
vt 0.611531 0.743878
vt 0.880449 0.632440
vt 0.632001 0.755024
vt 0.892345 0.610231
vt 0.653787 0.763241
vt 0.903638 0.587444
vt 0.676568 0.768207
vt 0.914467 0.564224
vt 0.699867 0.769706
vt 0.924958 0.540694
vt 0.723123 0.767671
vt 0.935233 0.516966
vt 0.745779 0.762192
vt 0.505598 0.613654
vt 0.945405 0.493146
vt 0.767382 0.753506
vt 0.517600 0.635762
vt 0.955585 0.469333
vt 0.787634 0.741947
vt 0.530378 0.657101
vt 0.965886 0.445628
vt 0.806403 0.727892
vt 0.544097 0.677470
vt 0.976421 0.422138
vt 0.823690 0.711725
vt 0.558925 0.696632
vt 0.839586 0.693802
vt 0.636561 0.730653
vt 0.616849 0.722211
vt 0.883501 0.591710
vt 0.870988 0.612016
vt 0.657064 0.736458
vt 0.895532 0.570847
vt 0.678090 0.739438
vt 0.907191 0.549568
vt 0.699303 0.739493
vt 0.918589 0.528000
vt 0.720343 0.736619
vt 0.929831 0.506262
vt 0.740871 0.730916
vt 0.506716 0.611276
vt 0.941020 0.484466
vt 0.760615 0.722567
vt 0.519807 0.630898
vt 0.952259 0.462724
vt 0.779391 0.711816
vt 0.533613 0.649638
vt 0.963649 0.441147
vt 0.797108 0.698937
vt 0.548251 0.667293
vt 0.975297 0.419856
vt 0.813752 0.684216
vt 0.563830 0.683639
vt 0.829367 0.667923
vt 0.580434 0.698424
vt 0.844038 0.650312
vt 0.598111 0.711375
vt 0.857873 0.631609
vt 0.678523 0.710595
vt 0.658933 0.709416
vt 0.900617 0.533707
vt 0.888240 0.552969
vt 0.698109 0.709326
vt 0.912817 0.514210
vt 0.717461 0.705641
vt 0.924928 0.494598
vt 0.736376 0.699639
vt 0.507698 0.608688
vt 0.937042 0.474988
vt 0.754691 0.691468
vt 0.521716 0.625629
vt 0.949247 0.455498
vt 0.772297 0.681312
vt 0.536360 0.641596
vt 0.961632 0.436247
vt 0.789137 0.669378
vt 0.551701 0.656403
vt 0.974290 0.417361
vt 0.805200 0.655879
vt 0.567793 0.669847
vt 0.820514 0.641026
vt 0.584661 0.681720
vt 0.835133 0.625020
vt 0.602295 0.691806
vt 0.849130 0.608047
vt 0.620634 0.699900
vt 0.862587 0.590278
vt 0.639568 0.705819
vt 0.875593 0.571871
vt 0.714454 0.674750
vt 0.696403 0.679237
vt 0.920551 0.482081
vt 0.907660 0.499451
vt 0.732131 0.668386
vt 0.508534 0.605921
vt 0.933498 0.464799
vt 0.749344 0.660268
vt 0.523314 0.620016
vt 0.946575 0.447722
vt 0.766030 0.650541
vt 0.538610 0.633075
vt 0.959855 0.430973
vt 0.782162 0.639365
vt 0.554453 0.644935
vt 0.973410 0.414680
vt 0.797738 0.626905
vt 0.570855 0.655432
vt 0.812779 0.613325
vt 0.587801 0.664401
vt 0.827327 0.598786
vt 0.605248 0.671688
vt 0.841432 0.583440
vt 0.623119 0.677159
vt 0.855158 0.567434
vt 0.641309 0.680703
vt 0.868572 0.550905
vt 0.659684 0.682246
vt 0.881744 0.533982
vt 0.678099 0.681753
vt 0.894749 0.516791
vt 0.744385 0.629011
vt 0.728019 0.637178
vt 0.524591 0.614121
vt 0.509217 0.603002
vt 0.944267 0.439466
vt 0.930415 0.453986
vt 0.760362 0.619579
vt 0.540359 0.624171
vt 0.958334 0.425375
vt 0.775944 0.609009
vt 0.556521 0.633023
vt 0.972667 0.411837
vt 0.791136 0.597433
vt 0.573062 0.640552
vt 0.805961 0.584981
vt 0.589943 0.646646
vt 0.820454 0.571785
vt 0.607109 0.651207
vt 0.834656 0.557971
vt 0.624486 0.654157
vt 0.848615 0.543663
vt 0.641986 0.655445
vt 0.862385 0.528981
vt 0.659511 0.655048
vt 0.876022 0.514042
vt 0.676965 0.652973
vt 0.889585 0.498960
vt 0.694252 0.649256
vt 0.903131 0.483848
vt 0.711292 0.643962
vt 0.916722 0.468819
vt 0.624871 0.631039
vt 0.607991 0.630522
vt 0.842882 0.519116
vt 0.828694 0.531786
vt 0.641743 0.630164
vt 0.856986 0.506249
vt 0.658542 0.627908
vt 0.871051 0.493293
vt 0.675209 0.624306
vt 0.885122 0.480349
vt 0.691691 0.619412
vt 0.899244 0.467523
vt 0.707947 0.613295
vt 0.913461 0.454920
vt 0.723948 0.606037
vt 0.509742 0.599963
vt 0.927815 0.442644
vt 0.739674 0.597732
vt 0.525540 0.608008
vt 0.942345 0.430804
vt 0.755122 0.588482
vt 0.541608 0.614981
vt 0.957087 0.419506
vt 0.770296 0.578390
vt 0.557926 0.620791
vt 0.972068 0.408860
vt 0.785214 0.567566
vt 0.574460 0.625359
vt 0.799897 0.556119
vt 0.591167 0.628618
vt 0.814379 0.544156
vt 0.656859 0.600901
vt 0.640679 0.604959
vt 0.866814 0.471866
vt 0.852336 0.482842
vt 0.672883 0.595806
vt 0.881361 0.461086
vt 0.688729 0.589738
vt 0.896010 0.450597
vt 0.704384 0.582770
vt 0.910789 0.440493
vt 0.719841 0.574982
vt 0.510104 0.596837
vt 0.925722 0.430867
vt 0.735101 0.566459
vt 0.526159 0.601742
vt 0.940830 0.421813
vt 0.750175 0.557291
vt 0.542365 0.605600
vt 0.956126 0.413421
vt 0.765077 0.547568
vt 0.558689 0.608361
vt 0.971620 0.405780
vt 0.779830 0.537385
vt 0.575095 0.609989
vt 0.794457 0.526834
vt 0.591540 0.610461
vt 0.808989 0.516011
vt 0.607981 0.609772
vt 0.823458 0.505008
vt 0.624374 0.607929
vt 0.837895 0.493921
vt 0.685359 0.560270
vt 0.670010 0.567523
vt 0.893445 0.433187
vt 0.878306 0.441292
vt 0.700562 0.552415
vt 0.908726 0.425649
vt 0.715628 0.544038
vt 0.510301 0.593655
vt 0.924157 0.418753
vt 0.730572 0.535219
vt 0.526450 0.595387
vt 0.939738 0.412573
vt 0.745412 0.526042
vt 0.542638 0.596122
vt 0.955466 0.407177
vt 0.760170 0.516591
vt 0.558834 0.595849
vt 0.971330 0.402627
vt 0.774869 0.506950
vt 0.575004 0.594573
vt 0.789536 0.497204
vt 0.591119 0.592309
vt 0.804196 0.487438
vt 0.607148 0.589085
vt 0.818877 0.477738
vt 0.623068 0.584942
vt 0.833605 0.468189
vt 0.638860 0.579927
vt 0.848404 0.458876
vt 0.654510 0.574099
vt 0.863298 0.449882
vt 0.711241 0.513230
vt 0.696433 0.522261
vt 0.510333 0.590450
vt 0.923142 0.406401
vt 0.907296 0.410499
vt 0.726001 0.504038
vt 0.526415 0.589007
vt 0.939089 0.403167
vt 0.740738 0.494766
vt 0.542440 0.586636
vt 0.955117 0.400834
vt 0.755475 0.485495
vt 0.558383 0.583365
vt 0.971200 0.399431
vt 0.770237 0.476308
vt 0.574225 0.579232
vt 0.785047 0.467286
vt 0.589947 0.574286
vt 0.799928 0.458510
vt 0.605541 0.568583
vt 0.814898 0.450060
vt 0.621000 0.562184
vt 0.829976 0.442017
vt 0.636323 0.555157
vt 0.845175 0.434457
vt 0.651517 0.547575
vt 0.860504 0.427456
vt 0.666590 0.539513
vt 0.875969 0.421084
vt 0.681556 0.531049
vt 0.891568 0.415411
vt 0.736063 0.463489
vt 0.721305 0.472943
vt 0.541785 0.577232
vt 0.526062 0.582666
vt 0.955086 0.394455
vt 0.938897 0.393681
vt 0.750905 0.454313
vt 0.557361 0.571016
vt 0.971234 0.396227
vt 0.765852 0.445498
vt 0.572786 0.564085
vt 0.780923 0.437129
vt 0.588062 0.556514
vt 0.796130 0.429285
vt 0.603194 0.548380
vt 0.811485 0.422047
vt 0.618197 0.539762
vt 0.826991 0.415490
vt 0.633085 0.530744
vt 0.842647 0.409684
vt 0.647880 0.521408
vt 0.858445 0.404694
vt 0.662604 0.511840
vt 0.874371 0.400579
vt 0.677282 0.502124
vt 0.890406 0.397387
vt 0.691940 0.492346
vt 0.906524 0.395156
vt 0.706605 0.482591
vt 0.510202 0.587255
vt 0.922699 0.393916
vt 0.761642 0.414552
vt 0.746376 0.423072
vt 0.570716 0.549246
vt 0.555789 0.558905
vt 0.971434 0.393045
vt 0.777104 0.406771
vt 0.585488 0.539110
vt 0.792765 0.399814
vt 0.600130 0.528592
vt 0.808619 0.393761
vt 0.614672 0.517785
vt 0.824650 0.388685
vt 0.629145 0.506784
vt 0.840837 0.384649
vt 0.643581 0.495683
vt 0.857148 0.381704
vt 0.658015 0.484576
vt 0.873548 0.379891
vt 0.672481 0.473556
vt 0.889994 0.379233
vt 0.687013 0.462719
vt 0.906443 0.379740
vt 0.701640 0.452158
vt 0.509909 0.584102
vt 0.922851 0.381404
vt 0.716394 0.441967
vt 0.525398 0.576423
vt 0.939176 0.384203
vt 0.731299 0.432241
vt 0.540688 0.567995
vt 0.955381 0.388100
vt 0.789809 0.370138
vt 0.773544 0.376245
vt 0.596361 0.509336
vt 0.582246 0.522190
vt 0.806300 0.365258
vt 0.610425 0.496365
vt 0.822976 0.361676
vt 0.624485 0.483384
vt 0.839783 0.359443
vt 0.638586 0.470495
vt 0.856663 0.358594
vt 0.652771 0.457804
vt 0.873549 0.359141
vt 0.667084 0.445417
vt 0.890377 0.361077
vt 0.681565 0.433440
vt 0.907086 0.364371
vt 0.696250 0.421980
vt 0.509460 0.581023
vt 0.923622 0.368976
vt 0.711170 0.411148
vt 0.524434 0.570340
vt 0.939939 0.374824
vt 0.726349 0.401051
vt 0.539167 0.559007
vt 0.956004 0.381836
vt 0.741802 0.391799
vt 0.553690 0.547132
vt 0.971798 0.389919
vt 0.757536 0.383497
vt 0.568036 0.534825
vt 0.822016 0.334534
vt 0.804551 0.336590
vt 0.619077 0.460661
vt 0.605445 0.475625
vt 0.839551 0.334160
vt 0.632843 0.445956
vt 0.857059 0.335476
vt 0.646799 0.431628
vt 0.874442 0.338457
vt 0.661000 0.417795
vt 0.891612 0.343051
vt 0.675493 0.404583
vt 0.908495 0.349181
vt 0.690321 0.392118
vt 0.508859 0.578048
vt 0.925034 0.356748
vt 0.705517 0.380531
vt 0.523183 0.564474
vt 0.941194 0.365637
vt 0.721104 0.369955
vt 0.537241 0.550349
vt 0.956957 0.375725
vt 0.737089 0.360520
vt 0.551084 0.535796
vt 0.972324 0.386882
vt 0.753464 0.352354
vt 0.564768 0.520932
vt 0.770201 0.345576
vt 0.578350 0.505874
vt 0.787252 0.340292
vt 0.591889 0.490734
vt 0.858439 0.312477
vt 0.840240 0.308904
vt 0.640012 0.406168
vt 0.626289 0.422196
vt 0.876316 0.317979
vt 0.654116 0.390803
vt 0.893766 0.325302
vt 0.668664 0.376246
vt 0.910712 0.334307
vt 0.683709 0.362652
vt 0.508114 0.575207
vt 0.927111 0.344840
vt 0.699290 0.350179
vt 0.521659 0.558880
vt 0.942949 0.356737
vt 0.715430 0.338995
vt 0.534928 0.542099
vt 0.958238 0.369833
vt 0.732126 0.329264
vt 0.547995 0.524991
vt 0.973009 0.383965
vt 0.749351 0.321146
vt 0.560932 0.507679
vt 0.767042 0.314786
vt 0.573814 0.490280
vt 0.785107 0.310310
vt 0.586717 0.472913
vt 0.803425 0.307808
vt 0.599714 0.455696
vt 0.821853 0.307336
vt 0.612880 0.438749
vt 0.896919 0.307989
vt 0.879284 0.297867
vt 0.660917 0.348554
vt 0.646297 0.364579
vt 0.913785 0.319898
vt 0.676235 0.333685
vt 0.507232 0.572527
vt 0.929872 0.333379
vt 0.692305 0.320172
vt 0.519878 0.553610
vt 0.945205 0.348221
vt 0.709154 0.308227
vt 0.532252 0.534329
vt 0.959840 0.364224
vt 0.726773 0.298065
vt 0.544445 0.514810
vt 0.973848 0.381199
vt 0.745104 0.289892
vt 0.556548 0.495172
vt 0.764036 0.283894
vt 0.568649 0.475532
vt 0.783407 0.280220
vt 0.580839 0.456009
vt 0.803011 0.278966
vt 0.593209 0.436721
vt 0.822617 0.280167
vt 0.605848 0.417796
vt 0.841995 0.283790
vt 0.618849 0.399365
vt 0.860939 0.289739
vt 0.632302 0.381574
vn 0.9568 -0.2427 -0.1602
vn 0.9518 -0.2855 -0.1124
vn 0.9187 -0.3550 -0.1731
vn 0.9243 -0.3073 -0.2264
vn 0.0069 -0.7132 -0.7009
vn -0.0004 -0.7754 -0.6314
vn -0.0978 -0.7657 -0.6357
vn -0.0908 -0.7062 -0.7021
vn 0.9801 -0.1758 -0.0924
vn 0.9756 -0.2133 -0.0505
vn 0.1046 -0.7133 -0.6930
vn 0.0970 -0.7778 -0.6210
vn 0.9939 -0.1072 -0.0238
vn 0.9902 -0.1390 0.0117
vn 0.2012 -0.7065 -0.6784
vn 0.1935 -0.7726 -0.6046
vn -0.8766 -0.3050 -0.3720
vn -0.8774 -0.3117 -0.3645
vn -0.9199 -0.2392 -0.3108
vn 0.9983 -0.0375 0.0451
vn 0.9952 -0.0634 0.0740
vn 0.2960 -0.6930 -0.6573
vn 0.2881 -0.7601 -0.5824
vn -0.8256 -0.3668 -0.4286
vn -0.8272 -0.3801 -0.4138
vn 0.9930 0.0325 0.1135
vn 0.9907 0.0129 0.1355
vn 0.3879 -0.6728 -0.6299
vn 0.3800 -0.7402 -0.5547
vn -0.7667 -0.4251 -0.4811
vn -0.7690 -0.4447 -0.4592
vn 0.9781 0.1023 0.1809
vn 0.9766 0.0890 0.1957
vn 0.4760 -0.6462 -0.5965
vn 0.4682 -0.7132 -0.5216
vn -0.7003 -0.4793 -0.5289
vn -0.7034 -0.5051 -0.5000
vn 0.9539 0.1710 0.2466
vn 0.9531 0.1643 0.2540
vn 0.5596 -0.6133 -0.5573
vn 0.5519 -0.6794 -0.4835
vn -0.6273 -0.5288 -0.5716
vn -0.6310 -0.5607 -0.5361
vn 0.9199 0.2392 0.3108
vn 0.6378 -0.5746 -0.5128
vn 0.6303 -0.6391 -0.4408
vn -0.5482 -0.5733 -0.6089
vn -0.5526 -0.6108 -0.5670
vn 0.7099 -0.5304 -0.4633
vn 0.7026 -0.5926 -0.3938
vn -0.4639 -0.6122 -0.6402
vn -0.4689 -0.6550 -0.5925
vn 0.7752 -0.4810 -0.4094
vn 0.7682 -0.5404 -0.3431
vn -0.3751 -0.6453 -0.6655
vn -0.3807 -0.6930 -0.6122
vn 0.8331 -0.4270 -0.3516
vn 0.8265 -0.4831 -0.2890
vn -0.2828 -0.6721 -0.6843
vn -0.2889 -0.7242 -0.6261
vn 0.8829 -0.3689 -0.2904
vn 0.8768 -0.4211 -0.2322
vn -0.1877 -0.6925 -0.6966
vn -0.1943 -0.7486 -0.6340
vn -0.5592 -0.6440 -0.5220
vn -0.6366 -0.5889 -0.4978
vn 0.6917 -0.6478 -0.3190
vn 0.6190 -0.6963 -0.3634
vn -0.4764 -0.6930 -0.5411
vn 0.7578 -0.5932 -0.2717
vn -0.3891 -0.7353 -0.5549
vn 0.8166 -0.5328 -0.2217
vn -0.2980 -0.7705 -0.5635
vn 0.8676 -0.4673 -0.1696
vn -0.2041 -0.7983 -0.5666
vn 0.9103 -0.3973 -0.1158
vn -0.1082 -0.8184 -0.5643
vn 0.9442 -0.3235 -0.0609
vn -0.0113 -0.8307 -0.5566
vn 0.9691 -0.2466 -0.0055
vn 0.0857 -0.8350 -0.5435
vn 0.9846 -0.1672 0.0500
vn 0.1819 -0.8312 -0.5253
vn -0.8786 -0.3177 -0.3565
vn 0.9907 -0.0863 0.1050
vn 0.2764 -0.8195 -0.5019
vn -0.8295 -0.3918 -0.3979
vn 0.9872 -0.0045 0.1591
vn 0.3681 -0.8000 -0.4738
vn -0.7724 -0.4622 -0.4355
vn 0.9743 0.0773 0.2116
vn 0.4564 -0.7727 -0.4411
vn -0.7079 -0.5281 -0.4689
vn 0.9519 0.1584 0.2621
vn 0.5403 -0.7381 -0.4042
vn -0.4001 -0.7718 -0.4942
vn -0.4863 -0.7258 -0.4866
vn 0.8037 -0.5757 -0.1503
vn 0.7441 -0.6387 -0.1960
vn -0.3100 -0.8104 -0.4971
vn 0.8556 -0.5072 -0.1032
vn -0.2170 -0.8412 -0.4953
vn 0.8993 -0.4338 -0.0551
vn -0.1219 -0.8639 -0.4886
vn 0.9344 -0.3563 -0.0064
vn -0.0257 -0.8783 -0.4773
vn 0.9604 -0.2753 0.0422
vn 0.0708 -0.8843 -0.4614
vn 0.9773 -0.1916 0.0905
vn 0.1666 -0.8818 -0.4411
vn -0.8802 -0.3228 -0.3479
vn 0.9847 -0.1061 0.1380
vn 0.2608 -0.8708 -0.4165
vn -0.8326 -0.4020 -0.3811
vn 0.9827 -0.0196 0.1841
vn 0.3526 -0.8515 -0.3880
vn -0.7770 -0.4772 -0.4105
vn 0.9712 0.0671 0.2285
vn 0.4409 -0.8240 -0.3557
vn -0.7139 -0.5479 -0.4360
vn 0.9504 0.1532 0.2706
vn 0.5250 -0.7886 -0.3200
vn -0.6440 -0.6133 -0.4573
vn 0.6041 -0.7456 -0.2812
vn -0.5679 -0.6727 -0.4742
vn 0.6773 -0.6955 -0.2398
vn -0.2330 -0.8768 -0.4206
vn -0.3249 -0.8435 -0.4277
vn 0.8857 -0.4641 0.0084
vn 0.8408 -0.5403 -0.0338
vn -0.1389 -0.9017 -0.4094
vn 0.9221 -0.3835 0.0506
vn -0.0434 -0.9179 -0.3944
vn 0.9497 -0.2991 0.0922
vn 0.0524 -0.9253 -0.3755
vn 0.9682 -0.2119 0.1330
vn 0.1478 -0.9238 -0.3531
vn -0.8821 -0.3271 -0.3390
vn 0.9774 -0.1226 0.1725
vn 0.2417 -0.9135 -0.3272
vn -0.8363 -0.4104 -0.3634
vn 0.9771 -0.0321 0.2103
vn 0.3334 -0.8944 -0.2982
vn -0.7826 -0.4897 -0.3843
vn 0.9674 0.0587 0.2461
vn 0.4218 -0.8667 -0.2664
vn -0.7213 -0.5643 -0.4015
vn 0.9485 0.1490 0.2796
vn 0.5061 -0.8306 -0.2319
vn -0.6531 -0.6335 -0.4149
vn 0.5857 -0.7866 -0.1953
vn -0.5786 -0.6966 -0.4242
vn 0.6596 -0.7351 -0.1568
vn -0.4985 -0.7530 -0.4295
vn 0.7271 -0.6764 -0.1168
vn -0.4137 -0.8021 -0.4306
vn 0.7877 -0.6113 -0.0756
vn -0.0643 -0.9490 -0.3086
vn -0.1588 -0.9314 -0.3275
vn 0.9371 -0.3179 0.1439
vn 0.9078 -0.4049 0.1095
vn 0.0308 -0.9575 -0.2867
vn 0.9575 -0.2278 0.1769
vn 0.1256 -0.9568 -0.2620
vn -0.8843 -0.3305 -0.3298
vn 0.9687 -0.1355 0.2081
vn 0.2192 -0.9470 -0.2348
vn -0.8408 -0.4170 -0.3452
vn 0.9705 -0.0419 0.2374
vn 0.3107 -0.9280 -0.2054
vn -0.7892 -0.4996 -0.3572
vn 0.9630 0.0521 0.2644
vn 0.3993 -0.9001 -0.1740
vn -0.7300 -0.5773 -0.3659
vn 0.9462 0.1456 0.2888
vn 0.4840 -0.8636 -0.1409
vn -0.6637 -0.6494 -0.3710
vn 0.5640 -0.8188 -0.1065
vn -0.5911 -0.7153 -0.3726
vn 0.6387 -0.7662 -0.0710
vn -0.5129 -0.7743 -0.3705
vn 0.7072 -0.7061 -0.0349
vn -0.4297 -0.8259 -0.3649
vn 0.7689 -0.6393 0.0016
vn -0.3424 -0.8695 -0.3558
vn 0.8232 -0.5664 0.0380
vn -0.2518 -0.9048 -0.3433
vn 0.8697 -0.4880 0.0741
vn 0.1003 -0.9805 -0.1689
vn 0.0061 -0.9806 -0.1958
vn -0.8869 -0.3328 -0.3203
vn 0.9587 -0.1447 0.2446
vn 0.9453 -0.2392 0.2217
vn 0.1935 -0.9710 -0.1403
vn -0.8459 -0.4218 -0.3265
vn 0.9630 -0.0489 0.2651
vn 0.2850 -0.9521 -0.1104
vn -0.7967 -0.5066 -0.3295
vn 0.9579 0.0473 0.2831
vn 0.3736 -0.9242 -0.0795
vn -0.7399 -0.5865 -0.3294
vn 0.9437 0.1432 0.2983
vn 0.4587 -0.8873 -0.0478
vn -0.6760 -0.6608 -0.3261
vn 0.5393 -0.8419 -0.0156
vn -0.6055 -0.7288 -0.3197
vn 0.6148 -0.7885 0.0167
vn -0.5293 -0.7897 -0.3102
vn 0.6844 -0.7274 0.0489
vn -0.4480 -0.8430 -0.2977
vn 0.7474 -0.6594 0.0806
vn -0.3624 -0.8882 -0.2824
vn 0.8033 -0.5850 0.1115
vn -0.2733 -0.9249 -0.2644
vn 0.8514 -0.5051 0.1413
vn -0.1816 -0.9527 -0.2438
vn 0.8914 -0.4202 0.1699
vn -0.0881 -0.9713 -0.2209
vn 0.9228 -0.3313 0.1967
vn 0.2562 -0.9665 -0.0144
vn 0.1650 -0.9853 -0.0447
vn -0.8051 -0.5108 -0.3015
vn -0.8515 -0.4246 -0.3076
vn 0.9523 0.0445 0.3020
vn 0.9546 -0.0531 0.2931
vn 0.3450 -0.9384 0.0161
vn -0.7509 -0.5920 -0.2925
vn 0.9408 0.1418 0.3079
vn 0.4305 -0.9014 0.0464
vn -0.6895 -0.6676 -0.2807
vn 0.5118 -0.8557 0.0763
vn -0.6215 -0.7367 -0.2662
vn 0.5883 -0.8017 0.1055
vn -0.5475 -0.7988 -0.2492
vn 0.6590 -0.7401 0.1336
vn -0.4683 -0.8531 -0.2297
vn 0.7235 -0.6713 0.1605
vn -0.3846 -0.8993 -0.2081
vn 0.7811 -0.5961 0.1858
vn -0.2972 -0.9368 -0.1844
vn 0.8311 -0.5152 0.2094
vn -0.2069 -0.9653 -0.1590
vn 0.8731 -0.4293 0.2309
vn -0.1147 -0.9846 -0.1321
vn 0.9068 -0.3393 0.2502
vn -0.0214 -0.9944 -0.1039
vn 0.9317 -0.2459 0.2671
vn 0.0721 -0.9946 -0.0746
vn -0.8898 -0.3343 -0.3107
vn 0.9477 -0.1503 0.2815
vn 0.3997 -0.9057 0.1408
vn 0.3138 -0.9429 0.1119
vn -0.7043 -0.6697 -0.2352
vn -0.7630 -0.5937 -0.2556
vn 0.9377 0.1413 0.3174
vn 0.4818 -0.8599 0.1684
vn -0.6390 -0.7392 -0.2127
vn 0.5593 -0.8058 0.1944
vn -0.5675 -0.8016 -0.1881
vn 0.6314 -0.7440 0.2185
vn -0.4905 -0.8563 -0.1616
vn 0.6974 -0.6750 0.2405
vn -0.4089 -0.9027 -0.1336
vn 0.7568 -0.5996 0.2603
vn -0.3233 -0.9405 -0.1044
vn 0.8089 -0.5183 0.2775
vn -0.2346 -0.9692 -0.0741
vn 0.8532 -0.4321 0.2920
vn -0.1437 -0.9887 -0.0432
vn 0.8893 -0.3417 0.3038
vn -0.0514 -0.9986 -0.0118
vn 0.9169 -0.2481 0.3126
vn 0.0414 -0.9989 0.0197
vn -0.8929 -0.3347 -0.3011
vn 0.9357 -0.1520 0.3184
vn 0.1338 -0.9897 0.0510
vn -0.8577 -0.4255 -0.2887
vn 0.9454 -0.0544 0.3212
vn 0.2249 -0.9709 0.0818
vn -0.8142 -0.5121 -0.2734
vn 0.9461 0.0436 0.3208
vn 0.5282 -0.8007 0.2825
vn 0.4496 -0.8546 0.2597
vn -0.5889 -0.7981 -0.1274
vn -0.6577 -0.7361 -0.1596
vn 0.6017 -0.7391 0.3027
vn -0.5144 -0.8524 -0.0941
vn 0.6694 -0.6704 0.3199
vn -0.4349 -0.8985 -0.0598
vn 0.7307 -0.5953 0.3340
vn -0.3513 -0.9359 -0.0250
vn 0.7851 -0.5144 0.3450
vn -0.2643 -0.9644 0.0100
vn 0.8318 -0.4286 0.3526
vn -0.1748 -0.9836 0.0450
vn 0.8706 -0.3387 0.3569
vn -0.0836 -0.9933 0.0795
vn 0.9010 -0.2454 0.3577
vn 0.0083 -0.9935 0.1133
vn -0.8962 -0.3342 -0.2916
vn 0.9227 -0.1498 0.3551
vn 0.1003 -0.9842 0.1459
vn -0.8643 -0.4244 -0.2699
vn 0.9356 -0.0528 0.3490
vn 0.1912 -0.9654 0.1772
vn -0.8241 -0.5105 -0.2456
vn 0.9395 0.0447 0.3396
vn 0.2803 -0.9374 0.2068
vn -0.7759 -0.5916 -0.2189
vn 0.9343 0.1419 0.3269
vn 0.3667 -0.9003 0.2344
vn -0.7203 -0.6671 -0.1902
vn 0.6398 -0.6576 0.3977
vn 0.5702 -0.7255 0.3852
vn -0.4625 -0.8865 0.0125
vn -0.5396 -0.8415 -0.0279
vn 0.7032 -0.5834 0.4064
vn -0.3809 -0.9231 0.0528
vn 0.7598 -0.5035 0.4112
vn -0.2958 -0.9507 0.0925
vn 0.8092 -0.4188 0.4121
vn -0.2077 -0.9693 0.1314
vn 0.8507 -0.3301 0.4089
vn -0.1177 -0.9785 0.1690
vn 0.8842 -0.2381 0.4019
vn -0.0266 -0.9784 0.2050
vn -0.8998 -0.3326 -0.2823
vn 0.9091 -0.1439 0.3910
vn 0.0648 -0.9688 0.2390
vn -0.8713 -0.4213 -0.2515
vn 0.9252 -0.0483 0.3763
vn 0.1556 -0.9500 0.2708
vn -0.8344 -0.5060 -0.2183
vn 0.9325 0.0478 0.3580
vn 0.2448 -0.9220 0.2999
vn -0.7896 -0.5857 -0.1830
vn 0.9308 0.1434 0.3363
vn 0.3317 -0.8852 0.3261
vn -0.7371 -0.6598 -0.1459
vn 0.4155 -0.8399 0.3492
vn -0.6775 -0.7276 -0.1075
vn 0.4953 -0.7865 0.3690
vn -0.6115 -0.7883 -0.0680
vn 0.7335 -0.4857 0.4755
vn 0.6744 -0.5639 0.4767
vn -0.3286 -0.9285 0.1726
vn -0.4119 -0.9021 0.1283
vn 0.7855 -0.4028 0.4697
vn -0.2421 -0.9460 0.2153
vn 0.8300 -0.3160 0.4595
vn -0.1534 -0.9544 0.2559
vn 0.8665 -0.2262 0.4448
vn -0.0631 -0.9537 0.2940
vn -0.9035 -0.3301 -0.2733
vn 0.8947 -0.1343 0.4259
vn 0.0277 -0.9438 0.3294
vn -0.8786 -0.4164 -0.2337
vn 0.9144 -0.0410 0.4028
vn 0.1183 -0.9248 0.3615
vn -0.8453 -0.4986 -0.1918
vn 0.9252 0.0527 0.3759
vn 0.2078 -0.8969 0.3902
vn -0.8039 -0.5760 -0.1481
vn 0.9271 0.1459 0.3453
vn 0.2952 -0.8605 0.4152
vn -0.7547 -0.6479 -0.1031
vn 0.3799 -0.8158 0.4361
vn -0.6983 -0.7135 -0.0569
vn 0.4609 -0.7632 0.4529
vn -0.6352 -0.7723 -0.0103
vn 0.5374 -0.7033 0.4653
vn -0.5659 -0.8236 0.0364
vn 0.6088 -0.6366 0.4733
vn -0.4913 -0.8670 0.0827
vn 0.8086 -0.2968 0.5080
vn 0.7611 -0.3808 0.5251
vn -0.1901 -0.9213 0.3392
vn -0.2777 -0.9140 0.2958
vn 0.8484 -0.2099 0.4859
vn -0.1008 -0.9197 0.3795
vn -0.9073 -0.3267 -0.2646
vn 0.8800 -0.1209 0.4593
vn -0.0105 -0.9093 0.4160
vn -0.8862 -0.4096 -0.2166
vn 0.9031 -0.0309 0.4282
vn 0.0799 -0.8901 0.4486
vn -0.8565 -0.4885 -0.1664
vn 0.9176 0.0595 0.3930
vn 0.1695 -0.8625 0.4769
vn -0.8186 -0.5627 -0.1147
vn 0.9232 0.1494 0.3540
vn 0.2575 -0.8265 0.5006
vn -0.7729 -0.6315 -0.0619
vn 0.3431 -0.7826 0.5195
vn -0.7197 -0.6942 -0.0085
vn 0.4253 -0.7312 0.5333
vn -0.6596 -0.7503 0.0450
vn 0.5035 -0.6727 0.5421
vn -0.5931 -0.7991 0.0980
vn 0.5768 -0.6078 0.5457
vn -0.5210 -0.8402 0.1501
vn 0.6446 -0.5371 0.5440
vn -0.4439 -0.8733 0.2008
vn 0.7063 -0.4611 0.5371
vn -0.3625 -0.8979 0.2495
vn 0.8649 -0.1041 0.4910
vn 0.8298 -0.1892 0.5249
vn -0.0496 -0.8657 0.4981
vn -0.1393 -0.8767 0.4603
vn -0.8939 -0.4010 -0.2004
vn -0.9112 -0.3223 -0.2564
vn 0.8917 -0.0181 0.4523
vn 0.0406 -0.8463 0.5311
vn -0.8680 -0.4757 -0.1424
vn 0.9099 0.0681 0.4092
vn 0.1304 -0.8188 0.5589
vn -0.8337 -0.5459 -0.0830
vn 0.9193 0.1538 0.3622
vn 0.2190 -0.7835 0.5814
vn -0.7914 -0.6108 -0.0229
vn 0.3055 -0.7407 0.5984
vn -0.7415 -0.6699 0.0374
vn 0.3890 -0.6907 0.6095
vn -0.6845 -0.7224 0.0974
vn 0.4689 -0.6341 0.6149
vn -0.6209 -0.7681 0.1564
vn 0.5442 -0.5714 0.6143
vn -0.5514 -0.8063 0.2139
vn 0.6143 -0.5032 0.6078
vn -0.4765 -0.8368 0.2694
vn 0.6785 -0.4301 0.5955
vn -0.3971 -0.8593 0.3222
vn 0.7361 -0.3529 0.5774
vn -0.3139 -0.8735 0.3720
vn 0.7868 -0.2724 0.5538
vn -0.2277 -0.8793 0.4182
vn 0.9021 0.0785 0.4243
vn 0.8801 -0.0027 0.4747
vn 0.0910 -0.7666 0.6356
vn 0.0009 -0.7938 0.6081
vn -0.8489 -0.5257 -0.0535
vn -0.8795 -0.4604 -0.1199
vn 0.9154 0.1590 0.3699
vn 0.1801 -0.7320 0.6570
vn -0.8102 -0.5860 0.0135
vn 0.2675 -0.6904 0.6721
vn -0.7636 -0.6406 0.0803
vn 0.3524 -0.6422 0.6807
vn -0.7097 -0.6891 0.1463
vn 0.4339 -0.5878 0.6828
vn -0.6490 -0.7309 0.2109
vn 0.5112 -0.5277 0.6784
vn -0.5821 -0.7657 0.2735
vn 0.5836 -0.4626 0.6674
vn -0.5096 -0.7932 0.3334
vn 0.6504 -0.3930 0.6500
vn -0.4321 -0.8130 0.3902
vn 0.7109 -0.3196 0.6264
vn -0.3506 -0.8250 0.4432
vn 0.7647 -0.2431 0.5967
vn -0.2657 -0.8291 0.4919
vn 0.8111 -0.1643 0.5613
vn -0.1782 -0.8252 0.5359
vn -0.9152 -0.3171 -0.2487
vn 0.8497 -0.0840 0.5205
vn -0.0891 -0.8134 0.5748
vn -0.9017 -0.3906 -0.1852
vn 0.9114 0.1650 0.3769
vn 0.2295 -0.6324 0.7398
vn 0.1412 -0.6726 0.7264
vn -0.7857 -0.6069 0.1197
vn -0.8289 -0.5574 0.0469
vn 0.3157 -0.5861 0.7461
vn -0.7349 -0.6506 0.1913
vn 0.3988 -0.5343 0.7453
vn -0.6771 -0.6880 0.2610
vn 0.4781 -0.4772 0.7373
vn -0.6128 -0.7188 0.3283
vn 0.5529 -0.4157 0.7222
vn -0.5426 -0.7427 0.3923
vn 0.6223 -0.3500 0.7001
vn -0.4672 -0.7595 0.4526
vn 0.6857 -0.2811 0.6713
vn -0.3873 -0.7690 0.5086
vn 0.7426 -0.2094 0.6361
vn -0.3037 -0.7711 0.5596
vn 0.7923 -0.1357 0.5948
vn -0.2171 -0.7658 0.6053
vn -0.9191 -0.3110 -0.2417
vn 0.8344 -0.0607 0.5477
vn -0.1285 -0.7531 0.6452
vn -0.9095 -0.3787 -0.1713
vn 0.8685 0.0149 0.4954
vn -0.0387 -0.7332 0.6789
vn -0.8911 -0.4427 -0.0992
vn 0.8943 0.0904 0.4382
vn 0.0515 -0.7063 0.7060
vn -0.8642 -0.5025 -0.0263
vn 0.3642 -0.4741 0.8016
vn 0.2794 -0.5231 0.8051
vn -0.7049 -0.6398 0.3062
vn -0.7599 -0.6073 0.2318
vn 0.4454 -0.4205 0.7904
vn -0.6432 -0.6661 0.3776
vn 0.5225 -0.3629 0.7715
vn -0.5753 -0.6860 0.4454
vn 0.5945 -0.3018 0.7453
vn -0.5018 -0.6994 0.5089
vn 0.6608 -0.2378 0.7119
vn -0.4236 -0.7060 0.5676
vn 0.7207 -0.1715 0.6717
vn -0.3413 -0.7058 0.6207
vn 0.7737 -0.1035 0.6250
vn -0.2557 -0.6989 0.6679
vn -0.9230 -0.3043 -0.2353
vn 0.8194 -0.0345 0.5722
vn -0.1676 -0.6853 0.7087
vn -0.9172 -0.3653 -0.1588
vn 0.8571 0.0348 0.5140
vn -0.0780 -0.6650 0.7427
vn -0.9026 -0.4228 -0.0806
vn 0.8866 0.1038 0.4508
vn 0.0124 -0.6384 0.7696
vn -0.8793 -0.4763 -0.0018
vn 0.9075 0.1718 0.3833
vn 0.1026 -0.6057 0.7890
vn -0.8475 -0.5251 0.0771
vn 0.1919 -0.5672 0.8009
vn -0.8076 -0.5689 0.1552
vn 0.4927 -0.3049 0.8150
vn 0.4134 -0.3582 0.8371
vn -0.6073 -0.6236 0.4922
vn -0.6730 -0.6081 0.4211
vn 0.5672 -0.2487 0.7851
vn -0.5358 -0.6332 0.5585
vn 0.6363 -0.1901 0.7476
vn -0.4592 -0.6367 0.6195
vn 0.6993 -0.1297 0.7029
vn -0.3781 -0.6341 0.6745
vn 0.7555 -0.0681 0.6515
vn -0.2934 -0.6254 0.7230
vn -0.9269 -0.2968 -0.2297
vn 0.8046 -0.0057 0.5938
vn -0.2060 -0.6106 0.7646
vn -0.9248 -0.3506 -0.1477
vn 0.8459 0.0567 0.5304
vn -0.1165 -0.5901 0.7989
vn -0.9138 -0.4010 -0.0642
vn 0.8790 0.1185 0.4618
vn -0.0259 -0.5638 0.8255
vn -0.8940 -0.4475 0.0198
vn 0.9037 0.1793 0.3888
vn 0.0649 -0.5322 0.8441
vn -0.8657 -0.4897 0.1036
vn 0.1551 -0.4954 0.8547
vn -0.8290 -0.5272 0.1865
vn 0.2438 -0.4539 0.8571
vn -0.7844 -0.5596 0.2675
vn 0.3302 -0.4080 0.8512
vn -0.7322 -0.5867 0.3460
vn 0.6126 -0.1386 0.7781
vn 0.5408 -0.1914 0.8191
vn -0.4936 -0.5618 0.6638
vn -0.5687 -0.5617 0.6008
vn 0.6785 -0.0846 0.7296
vn -0.4138 -0.5565 0.7204
vn 0.7379 -0.0298 0.6742
vn -0.3300 -0.5459 0.7701
vn -0.9306 -0.2887 -0.2250
vn 0.7902 0.0254 0.6122
vn -0.2431 -0.5300 0.8124
vn -0.9321 -0.3346 -0.1382
vn 0.8350 0.0803 0.5444
vn -0.1538 -0.5090 0.8469
vn -0.9247 -0.3773 -0.0502
vn 0.8716 0.1345 0.4713
vn -0.0630 -0.4832 0.8732
vn -0.9084 -0.4164 0.0382
vn 0.9000 0.1873 0.3936
vn 0.0283 -0.4527 0.8912
vn -0.8833 -0.4514 0.1263
vn 0.1194 -0.4178 0.9006
vn -0.8498 -0.4821 0.2132
vn 0.2094 -0.3790 0.9014
vn -0.8080 -0.5081 0.2980
vn 0.2973 -0.3365 0.8935
vn -0.7586 -0.5293 0.3799
vn 0.3824 -0.2907 0.8770
vn -0.7018 -0.5454 0.4582
vn 0.4639 -0.2422 0.8521
vn -0.6383 -0.5562 0.5321
vn 0.7211 0.0110 0.6928
vn 0.6587 -0.0366 0.7515
vn -0.3651 -0.4613 0.8086
vn -0.4480 -0.4740 0.7580
vn -0.9341 -0.2801 -0.2210
vn 0.7765 0.0585 0.6273
vn -0.2786 -0.4441 0.8515
vn -0.9391 -0.3177 -0.1305
vn 0.8245 0.1055 0.5558
vn -0.1895 -0.4228 0.8862
vn -0.9351 -0.3522 -0.0388
vn 0.8646 0.1514 0.4790
vn -0.0986 -0.3973 0.9124
vn -0.9221 -0.3832 0.0533
vn 0.8964 0.1959 0.3975
vn -0.0067 -0.3681 0.9297
vn -0.9002 -0.4106 0.1449
vn 0.0852 -0.3353 0.9382
vn -0.8697 -0.4341 0.2351
vn 0.1763 -0.2993 0.9377
vn -0.8307 -0.4533 0.3230
vn 0.2658 -0.2604 0.9282
vn -0.7839 -0.4682 0.4078
vn 0.3527 -0.2190 0.9097
vn -0.7295 -0.4787 0.4886
vn 0.4362 -0.1755 0.8825
vn -0.6680 -0.4845 0.5648
vn 0.5155 -0.1303 0.8469
vn -0.6002 -0.4856 0.6355
vn 0.5899 -0.0838 0.8031
vn -0.5266 -0.4821 0.7002
vn -0.9458 -0.2998 -0.1246
vn -0.9375 -0.2711 -0.2180
vn 0.8147 0.1319 0.5647
vn 0.7636 0.0933 0.6389
vn -0.2233 -0.3322 0.9164
vn -0.3122 -0.3540 0.8816
vn -0.9450 -0.3257 -0.0300
vn 0.8580 0.1692 0.4849
vn -0.1322 -0.3072 0.9424
vn -0.9351 -0.3484 0.0649
vn 0.8930 0.2050 0.4006
vn -0.0398 -0.2792 0.9594
vn -0.9162 -0.3678 0.1592
vn 0.0529 -0.2486 0.9672
vn -0.8885 -0.3836 0.2519
vn 0.1451 -0.2156 0.9656
vn -0.8522 -0.3958 0.3422
vn 0.2360 -0.1805 0.9548
vn -0.8078 -0.4041 0.4292
vn 0.3246 -0.1436 0.9349
vn -0.7556 -0.4086 0.5120
vn 0.4101 -0.1054 0.9059
vn -0.6961 -0.4091 0.5899
vn 0.4916 -0.0662 0.8683
vn -0.6300 -0.4057 0.6622
vn 0.5685 -0.0263 0.8223
vn -0.5578 -0.3984 0.7280
vn 0.6399 0.0138 0.7683
vn -0.4803 -0.3872 0.7870
vn 0.7051 0.0538 0.7071
vn -0.3982 -0.3724 0.8383
vn -0.9471 -0.3123 0.0729
vn -0.9542 -0.2983 -0.0239
vn 0.8899 0.2143 0.4026
vn 0.8518 0.1877 0.4890
vn -0.0707 -0.1870 0.9798
vn -0.1635 -0.2136 0.9631
vn -0.9310 -0.3234 0.1690
vn 0.0228 -0.1586 0.9871
vn -0.9060 -0.3313 0.2635
vn 0.1161 -0.1287 0.9849
vn -0.8722 -0.3360 0.3554
vn 0.2082 -0.0975 0.9732
vn -0.8300 -0.3376 0.4439
vn 0.2984 -0.0654 0.9522
vn -0.7799 -0.3358 0.5281
vn 0.3857 -0.0327 0.9220
vn -0.7223 -0.3309 0.6072
vn 0.4693 0.0004 0.8830
vn -0.6578 -0.3227 0.6805
vn 0.5485 0.0334 0.8355
vn -0.5869 -0.3115 0.7473
vn 0.6223 0.0661 0.7799
vn -0.5104 -0.2973 0.8069
vn 0.6902 0.0982 0.7169
vn -0.4291 -0.2802 0.8587
vn -0.9406 -0.2618 -0.2159
vn 0.7515 0.1294 0.6469
vn -0.3435 -0.2604 0.9023
vn -0.9520 -0.2814 -0.1205
vn 0.8055 0.1593 0.5707
vn -0.2548 -0.2382 0.9372
vn -0.9220 -0.2776 0.2697
vn -0.9447 -0.2778 0.1743
vn 0.0894 -0.0395 0.9952
vn -0.0048 -0.0663 0.9978
vn -0.8905 -0.2748 0.3625
vn 0.1827 -0.0124 0.9831
vn -0.8505 -0.2693 0.4518
vn 0.2744 0.0148 0.9615
vn -0.8023 -0.2612 0.5368
vn 0.3634 0.0419 0.9307
vn -0.7463 -0.2506 0.6165
vn 0.4489 0.0686 0.8909
vn -0.6832 -0.2376 0.6904
vn 0.5301 0.0947 0.8426
vn -0.6136 -0.2224 0.7576
vn 0.6063 0.1198 0.7862
vn -0.5381 -0.2050 0.8176
vn 0.6766 0.1438 0.7222
vn -0.4574 -0.1856 0.8697
vn -0.9435 -0.2521 -0.2149
vn 0.7404 0.1664 0.6512
vn -0.3723 -0.1644 0.9134
vn -0.9577 -0.2624 -0.1183
vn 0.7971 0.1875 0.5740
vn -0.2836 -0.1417 0.9484
vn -0.9626 -0.2701 -0.0206
vn 0.8461 0.2067 0.4912
vn -0.1922 -0.1176 0.9742
vn -0.9582 -0.2753 0.0772
vn 0.8870 0.2239 0.4037
vn -0.0990 -0.0924 0.9908
vn -0.8689 -0.2000 0.4528
vn -0.9070 -0.2126 0.3634
vn 0.2528 0.0963 0.9627
vn 0.1599 0.0739 0.9843
vn -0.8224 -0.1855 0.5379
vn 0.3433 0.1177 0.9318
vn -0.7679 -0.1692 0.6178
vn 0.4305 0.1379 0.8919
vn -0.7061 -0.1512 0.6917
vn 0.5136 0.1569 0.8435
vn -0.6376 -0.1319 0.7590
vn 0.5918 0.1743 0.7870
vn -0.5629 -0.1113 0.8190
vn 0.6643 0.1901 0.7229
vn -0.4828 -0.0896 0.8711
vn -0.9461 -0.2424 -0.2147
vn 0.7304 0.2040 0.6518
vn -0.3981 -0.0670 0.9149
vn -0.9628 -0.2432 -0.1180
vn 0.7895 0.2160 0.5744
vn -0.3096 -0.0438 0.9499
vn -0.9702 -0.2416 -0.0202
vn 0.8410 0.2259 0.4915
vn -0.2181 -0.0202 0.9757
vn -0.9682 -0.2377 0.0778
vn 0.8844 0.2336 0.4039
vn -0.1245 0.0036 0.9922
vn -0.9569 -0.2315 0.1750
vn -0.0297 0.0274 0.9992
vn -0.9365 -0.2231 0.2705
vn 0.0654 0.0509 0.9966
vn -0.7869 -0.0873 0.6109
vn -0.8400 -0.1094 0.5315
vn 0.4144 0.2076 0.8861
vn 0.3257 0.1938 0.9254
vn -0.7262 -0.0645 0.6844
vn 0.4992 0.2194 0.8383
vn -0.6586 -0.0410 0.7513
vn 0.5791 0.2291 0.7823
vn -0.5847 -0.0171 0.8110
vn 0.6535 0.2366 0.7189
vn -0.5052 0.0069 0.8630
vn -0.9484 -0.2326 -0.2155
vn 0.7217 0.2418 0.6486
vn -0.4208 0.0309 0.9066
vn -0.9672 -0.2238 -0.1196
vn 0.7829 0.2447 0.5720
vn -0.3323 0.0545 0.9416
vn -0.9768 -0.2129 -0.0226
vn 0.8365 0.2453 0.4899
vn -0.2407 0.0777 0.9675
vn -0.9770 -0.1999 0.0746
vn 0.8822 0.2434 0.4031
vn -0.1468 0.1001 0.9841
vn -0.9677 -0.1850 0.1711
vn -0.0515 0.1215 0.9912
vn -0.9492 -0.1684 0.2659
vn 0.0443 0.1418 0.9889
vn -0.9215 -0.1501 0.3582
vn 0.1397 0.1607 0.9771
vn -0.8850 -0.1303 0.4470
vn 0.2338 0.1781 0.9558
vn -0.6765 0.0493 0.7347
vn -0.7433 0.0218 0.6685
vn 0.5683 0.2835 0.7724
vn 0.4869 0.2815 0.8268
vn -0.6032 0.0764 0.7938
vn 0.6444 0.2828 0.7104
vn -0.5242 0.1028 0.8454
vn -0.9503 -0.2228 -0.2173
vn 0.7142 0.2794 0.6417
vn -0.4400 0.1282 0.8888
vn -0.9710 -0.2046 -0.1232
vn 0.7772 0.2733 0.5668
vn -0.3517 0.1523 0.9236
vn -0.9825 -0.1844 -0.0279
vn 0.8327 0.2645 0.4864
vn -0.2600 0.1750 0.9496
vn -0.9844 -0.1624 0.0677
vn 0.8802 0.2532 0.4013
vn -0.1658 0.1960 0.9665
vn -0.9769 -0.1388 0.1626
vn -0.0700 0.2151 0.9741
vn -0.9600 -0.1139 0.2559
vn 0.0264 0.2322 0.9723
vn -0.9338 -0.0880 0.3468
vn 0.1227 0.2470 0.9612
vn -0.8987 -0.0611 0.4342
vn 0.2177 0.2595 0.9409
vn -0.8549 -0.0337 0.5176
vn 0.3107 0.2694 0.9115
vn -0.8030 -0.0060 0.5959
vn 0.4007 0.2768 0.8734
vn -0.5396 0.1972 0.8184
vn -0.6183 0.1686 0.7676
vn -0.9519 -0.2133 -0.2200
vn 0.7082 0.3163 0.6312
vn 0.6369 0.3283 0.6975
vn -0.4557 0.2239 0.8614
vn -0.9742 -0.1857 -0.1286
vn 0.7726 0.3013 0.5588
vn -0.3675 0.2485 0.8962
vn -0.9870 -0.1563 -0.0359
vn 0.8296 0.2834 0.4810
vn -0.2757 0.2708 0.9223
vn -0.9904 -0.1254 0.0571
vn 0.8787 0.2628 0.3985
vn -0.1813 0.2904 0.9396
vn -0.9843 -0.0933 0.1496
vn -0.0851 0.3072 0.9478
vn -0.9687 -0.0604 0.2406
vn 0.0119 0.3211 0.9470
vn -0.9438 -0.0268 0.3293
vn 0.1088 0.3319 0.9370
vn -0.9098 0.0070 0.4148
vn 0.2046 0.3395 0.9181
vn -0.8672 0.0407 0.4964
vn 0.2985 0.3439 0.8903
vn -0.8161 0.0740 0.5731
vn 0.3895 0.3449 0.8539
vn -0.7572 0.1067 0.6443
vn 0.4769 0.3427 0.8094
vn -0.6911 0.1383 0.7094
vn 0.5596 0.3371 0.7571
vn 0.0982 0.4146 0.9047
vn 0.0008 0.4077 0.9131
vn -0.9183 0.0733 0.3889
vn -0.9514 0.0327 0.3060
vn 0.1946 0.4175 0.8876
vn -0.8764 0.1132 0.4680
vn 0.2892 0.4163 0.8619
vn -0.8261 0.1520 0.5426
vn 0.3811 0.4112 0.8280
vn -0.7678 0.1893 0.6120
vn 0.4692 0.4022 0.7862
vn -0.7022 0.2248 0.6755
vn 0.5529 0.3892 0.7367
vn -0.6298 0.2582 0.7326
vn 0.6313 0.3726 0.6802
vn -0.5514 0.2891 0.7825
vn -0.9531 -0.2040 -0.2237
vn 0.7036 0.3523 0.6171
vn -0.4677 0.3172 0.8250
vn -0.9765 -0.1672 -0.1358
vn 0.7691 0.3287 0.5481
vn -0.3795 0.3422 0.8596
vn -0.9905 -0.1290 -0.0465
vn 0.8273 0.3018 0.4738
vn -0.2876 0.3640 0.8859
vn -0.9951 -0.0894 0.0431
vn 0.8775 0.2721 0.3949
vn -0.1930 0.3823 0.9036
vn -0.9900 -0.0490 0.1323
vn -0.0966 0.3969 0.9127
vn -0.9754 -0.0082 0.2203
vn 0.2830 0.4861 0.8268
vn 0.1879 0.4925 0.8498
vn -0.8328 0.2270 0.5048
vn -0.8827 0.1829 0.4329
vn 0.3753 0.4751 0.7959
vn -0.7750 0.2689 0.5719
vn 0.4641 0.4595 0.7573
vn -0.7096 0.3082 0.6335
vn 0.5484 0.4394 0.7114
vn -0.6375 0.3445 0.6890
vn 0.6274 0.4152 0.6587
vn -0.5593 0.3775 0.7380
vn -0.9539 -0.1950 -0.2282
vn 0.7005 0.3869 0.5997
vn -0.4757 0.4069 0.7798
vn -0.9781 -0.1495 -0.1447
vn 0.7667 0.3550 0.5348
vn -0.3876 0.4324 0.8141
vn -0.9929 -0.1027 -0.0598
vn 0.8257 0.3196 0.4648
vn -0.2957 0.4537 0.8406
vn -0.9981 -0.0548 0.0256
vn 0.8767 0.2811 0.3904
vn -0.2010 0.4707 0.8591
vn -0.9938 -0.0064 0.1108
vn -0.1043 0.4832 0.8693
vn -0.9799 0.0420 0.1950
vn -0.0067 0.4910 0.8711
vn -0.9566 0.0900 0.2772
vn 0.0910 0.4941 0.8646
vn -0.9241 0.1371 0.3567
vn 0.4615 0.5139 0.7231
vn 0.3724 0.5358 0.7578
vn -0.7135 0.3874 0.5838
vn -0.7786 0.3445 0.5245
vn 0.5461 0.4872 0.6815
vn -0.6415 0.4266 0.6376
vn 0.6255 0.4557 0.6333
vn -0.5633 0.4616 0.6852
vn -0.9543 -0.1864 -0.2336
vn 0.6989 0.4199 0.5790
vn -0.4798 0.4922 0.7262
vn -0.9789 -0.1327 -0.1553
vn 0.7656 0.3800 0.5191
vn -0.3917 0.5181 0.7603
vn -0.9941 -0.0776 -0.0755
vn 0.8249 0.3364 0.4543
vn -0.2998 0.5390 0.7871
vn -0.9997 -0.0219 0.0050
vn 0.8763 0.2896 0.3850
vn -0.2050 0.5548 0.8063
vn -0.9958 0.0341 0.0854
vn -0.1082 0.5652 0.8178
vn -0.9822 0.0897 0.1650
vn -0.0105 0.5702 0.8214
vn -0.9592 0.1444 0.2430
vn 0.0874 0.5698 0.8171
vn -0.9270 0.1978 0.3186
vn 0.1845 0.5638 0.8050
vn -0.8859 0.2493 0.3912
vn 0.2798 0.5524 0.7852
vn -0.8362 0.2983 0.4601
vn 0.6254 0.4937 0.6041
vn 0.5460 0.5319 0.6472
vn -0.5635 0.5405 0.6248
vn -0.6416 0.5035 0.5786
vn -0.9543 -0.1784 -0.2397
vn 0.6988 0.4507 0.5553
vn -0.4799 0.5723 0.6649
vn -0.9789 -0.1169 -0.1674
vn 0.7655 0.4034 0.5011
vn -0.3918 0.5986 0.6987
vn -0.9941 -0.0542 -0.0935
vn 0.8249 0.3522 0.4422
vn -0.2999 0.6191 0.7258
vn -0.9998 0.0090 -0.0187
vn 0.8762 0.2976 0.3789
vn -0.2051 0.6337 0.7459
vn -0.9958 0.0721 0.0563
vn -0.1083 0.6422 0.7588
vn -0.9822 0.1344 0.1307
vn -0.0105 0.6446 0.7645
vn -0.9593 0.1955 0.2039
vn 0.0873 0.6407 0.7628
vn -0.9271 0.2547 0.2751
vn 0.1844 0.6307 0.7538
vn -0.8859 0.3115 0.3436
vn 0.2797 0.6146 0.7375
vn -0.8363 0.3652 0.4088
vn 0.3724 0.5927 0.7142
vn -0.7787 0.4155 0.4701
vn 0.4614 0.5650 0.6840
vn -0.7136 0.4617 0.5269
vn -0.9781 -0.1023 -0.1809
vn -0.9539 -0.1710 -0.2466
vn 0.7667 0.4251 0.4811
vn 0.7004 0.4793 0.5289
vn -0.3879 0.6728 0.6299
vn -0.4760 0.6462 0.5965
vn -0.9930 -0.0325 -0.1135
vn 0.8256 0.3668 0.4286
vn -0.2960 0.6930 0.6573
vn -0.9983 0.0375 -0.0451
vn 0.8766 0.3050 0.3720
vn -0.2012 0.7065 0.6784
vn -0.9939 0.1072 0.0238
vn -0.1046 0.7133 0.6930
vn -0.9801 0.1758 0.0924
vn -0.0069 0.7132 0.7009
vn -0.9568 0.2427 0.1602
vn 0.0908 0.7062 0.7021
vn -0.9243 0.3073 0.2264
vn 0.1877 0.6925 0.6966
vn -0.8829 0.3689 0.2904
vn 0.2828 0.6721 0.6843
vn -0.8331 0.4270 0.3516
vn 0.3751 0.6453 0.6655
vn -0.7752 0.4810 0.4094
vn 0.4639 0.6122 0.6403
vn -0.7099 0.5304 0.4633
vn 0.5482 0.5733 0.6089
vn -0.6378 0.5746 0.5128
vn 0.6273 0.5288 0.5716
vn -0.5596 0.6133 0.5573
vn -0.9952 0.0634 -0.0740
vn -0.9907 -0.0129 -0.1355
vn 0.8774 0.3117 0.3645
vn 0.8272 0.3801 0.4138
vn -0.1935 0.7726 0.6046
vn -0.2881 0.7601 0.5824
vn -0.9902 0.1390 -0.0117
vn -0.0970 0.7778 0.6210
vn -0.9756 0.2133 0.0505
vn 0.0004 0.7754 0.6314
vn -0.9518 0.2855 0.1124
vn 0.0978 0.7657 0.6357
vn -0.9187 0.3550 0.1731
vn 0.1943 0.7486 0.6340
vn -0.8768 0.4211 0.2322
vn 0.2889 0.7242 0.6261
vn -0.8265 0.4831 0.2890
vn 0.3807 0.6930 0.6122
vn -0.7682 0.5405 0.3431
vn 0.4689 0.6550 0.5925
vn -0.7026 0.5926 0.3938
vn 0.5526 0.6108 0.5670
vn -0.6303 0.6391 0.4408
vn 0.6310 0.5607 0.5361
vn -0.5518 0.6794 0.4835
vn -0.9531 -0.1643 -0.2540
vn 0.7034 0.5051 0.5000
vn -0.4682 0.7132 0.5216
vn -0.9766 -0.0890 -0.1957
vn 0.7690 0.4447 0.4592
vn -0.3800 0.7402 0.5547
vn -0.9691 0.2466 0.0055
vn -0.9846 0.1672 -0.0500
vn 0.0113 0.8307 0.5566
vn -0.0857 0.8350 0.5435
vn -0.9442 0.3235 0.0609
vn 0.1082 0.8184 0.5643
vn -0.9103 0.3973 0.1158
vn 0.2040 0.7983 0.5666
vn -0.8676 0.4673 0.1696
vn 0.2980 0.7705 0.5635
vn -0.8166 0.5328 0.2217
vn 0.3891 0.7353 0.5549
vn -0.7578 0.5932 0.2717
vn 0.4764 0.6930 0.5411
vn -0.6917 0.6478 0.3190
vn 0.5592 0.6440 0.5220
vn -0.6190 0.6963 0.3634
vn 0.6366 0.5889 0.4978
vn -0.5403 0.7381 0.4042
vn -0.9519 -0.1584 -0.2621
vn 0.7079 0.5281 0.4689
vn -0.4564 0.7727 0.4411
vn -0.9743 -0.0773 -0.2116
vn 0.7724 0.4622 0.4355
vn -0.3681 0.8000 0.4738
vn -0.9872 0.0045 -0.1591
vn 0.8295 0.3918 0.3979
vn -0.2764 0.8195 0.5019
vn -0.9907 0.0863 -0.1050
vn 0.8786 0.3177 0.3565
vn -0.1819 0.8312 0.5253
vn -0.8993 0.4338 0.0551
vn -0.9344 0.3563 0.0064
vn 0.2170 0.8412 0.4953
vn 0.1219 0.8639 0.4886
vn -0.8556 0.5072 0.1032
vn 0.3100 0.8104 0.4971
vn -0.8037 0.5757 0.1503
vn 0.4001 0.7718 0.4942
vn -0.7441 0.6387 0.1960
vn 0.4863 0.7258 0.4866
vn -0.6773 0.6955 0.2398
vn 0.5679 0.6727 0.4742
vn -0.6041 0.7456 0.2812
vn 0.6440 0.6133 0.4573
vn -0.5250 0.7886 0.3200
vn -0.9504 -0.1532 -0.2706
vn 0.7139 0.5479 0.4360
vn -0.4409 0.8240 0.3557
vn -0.9712 -0.0671 -0.2285
vn 0.7770 0.4772 0.4105
vn -0.3526 0.8515 0.3880
vn -0.9827 0.0196 -0.1841
vn 0.8326 0.4020 0.3811
vn -0.2608 0.8708 0.4165
vn -0.9847 0.1061 -0.1380
vn 0.8802 0.3228 0.3479
vn -0.1666 0.8818 0.4411
vn -0.9773 0.1916 -0.0905
vn -0.0708 0.8843 0.4614
vn -0.9604 0.2753 -0.0422
vn 0.0257 0.8783 0.4773
vn -0.7877 0.6113 0.0756
vn -0.8408 0.5403 0.0338
vn 0.4137 0.8021 0.4306
vn 0.3249 0.8435 0.4277
vn -0.7271 0.6764 0.1168
vn 0.4985 0.7530 0.4295
vn -0.6596 0.7351 0.1568
vn 0.5786 0.6966 0.4242
vn -0.5857 0.7866 0.1953
vn 0.6531 0.6335 0.4149
vn -0.5061 0.8306 0.2319
vn -0.9485 -0.1490 -0.2796
vn 0.7213 0.5643 0.4015
vn -0.4218 0.8667 0.2664
vn -0.9674 -0.0587 -0.2461
vn 0.7826 0.4897 0.3843
vn -0.3334 0.8944 0.2982
vn -0.9771 0.0321 -0.2103
vn 0.8363 0.4104 0.3634
vn -0.2417 0.9135 0.3272
vn -0.9774 0.1226 -0.1725
vn 0.8821 0.3271 0.3390
vn -0.1478 0.9238 0.3531
vn -0.9682 0.2119 -0.1330
vn -0.0524 0.9253 0.3755
vn -0.9497 0.2991 -0.0922
vn 0.0434 0.9179 0.3944
vn -0.9221 0.3835 -0.0506
vn 0.1389 0.9017 0.4094
vn -0.8857 0.4641 -0.0084
vn 0.2330 0.8768 0.4206
vn -0.6387 0.7662 0.0710
vn -0.7072 0.7061 0.0349
vn 0.5911 0.7153 0.3726
vn 0.5129 0.7743 0.3705
vn -0.5640 0.8188 0.1065
vn 0.6637 0.6494 0.3710
vn -0.4840 0.8636 0.1409
vn -0.9462 -0.1456 -0.2888
vn 0.7300 0.5773 0.3659
vn -0.3993 0.9001 0.1740
vn -0.9630 -0.0521 -0.2644
vn 0.7892 0.4996 0.3572
vn -0.3107 0.9280 0.2054
vn -0.9705 0.0419 -0.2374
vn 0.8408 0.4170 0.3452
vn -0.2192 0.9470 0.2348
vn -0.9687 0.1355 -0.2081
vn 0.8843 0.3305 0.3298
vn -0.1256 0.9568 0.2620
vn -0.9575 0.2278 -0.1769
vn -0.0308 0.9575 0.2867
vn -0.9371 0.3179 -0.1439
vn 0.0643 0.9490 0.3086
vn -0.9078 0.4049 -0.1095
vn 0.1588 0.9314 0.3275
vn -0.8697 0.4880 -0.0741
vn 0.2518 0.9048 0.3433
vn -0.8232 0.5664 -0.0380
vn 0.3424 0.8695 0.3558
vn -0.7689 0.6393 -0.0016
vn 0.4297 0.8259 0.3649
vn -0.4587 0.8873 0.0478
vn -0.5393 0.8419 0.0156
vn -0.9437 -0.1432 -0.2983
vn 0.7399 0.5865 0.3294
vn 0.6760 0.6608 0.3261
vn -0.3736 0.9242 0.0795
vn -0.9579 -0.0473 -0.2831
vn 0.7967 0.5066 0.3295
vn -0.2850 0.9521 0.1104
vn -0.9630 0.0489 -0.2651
vn 0.8459 0.4218 0.3265
vn -0.1935 0.9710 0.1404
vn -0.9587 0.1447 -0.2446
vn 0.8869 0.3328 0.3203
vn -0.1003 0.9805 0.1689
vn -0.9453 0.2392 -0.2217
vn -0.0061 0.9806 0.1958
vn -0.9228 0.3313 -0.1967
vn 0.0881 0.9713 0.2209
vn -0.8914 0.4202 -0.1699
vn 0.1816 0.9527 0.2438
vn -0.8514 0.5050 -0.1413
vn 0.2733 0.9249 0.2644
vn -0.8033 0.5850 -0.1115
vn 0.3624 0.8882 0.2824
vn -0.7474 0.6594 -0.0806
vn 0.4480 0.8430 0.2977
vn -0.6844 0.7274 -0.0489
vn 0.5293 0.7897 0.3102
vn -0.6148 0.7885 -0.0167
vn 0.6055 0.7288 0.3197
vn -0.2562 0.9665 0.0144
vn -0.3450 0.9384 -0.0161
vn -0.9546 0.0531 -0.2931
vn -0.9523 -0.0445 -0.3020
vn 0.8515 0.4246 0.3076
vn 0.8051 0.5108 0.3015
vn -0.1650 0.9853 0.0447
vn -0.9477 0.1503 -0.2815
vn 0.8898 0.3343 0.3107
vn -0.0721 0.9946 0.0746
vn -0.9317 0.2459 -0.2671
vn 0.0214 0.9944 0.1039
vn -0.9068 0.3393 -0.2502
vn 0.1147 0.9846 0.1321
vn -0.8731 0.4293 -0.2309
vn 0.2069 0.9653 0.1590
vn -0.8311 0.5152 -0.2094
vn 0.2972 0.9368 0.1844
vn -0.7811 0.5961 -0.1858
vn 0.3846 0.8993 0.2081
vn -0.7235 0.6713 -0.1605
vn 0.4683 0.8531 0.2297
vn -0.6590 0.7401 -0.1336
vn 0.5475 0.7988 0.2492
vn -0.5883 0.8017 -0.1055
vn 0.6215 0.7367 0.2662
vn -0.5118 0.8557 -0.0763
vn 0.6895 0.6676 0.2807
vn -0.4305 0.9014 -0.0464
vn -0.9408 -0.1418 -0.3079
vn 0.7509 0.5920 0.2925
vn -0.0414 0.9989 -0.0197
vn -0.1338 0.9897 -0.0510
vn -0.9169 0.2481 -0.3126
vn -0.9357 0.1520 -0.3184
vn 0.8929 0.3347 0.3012
vn 0.0514 0.9986 0.0118
vn -0.8893 0.3417 -0.3038
vn 0.1437 0.9887 0.0432
vn -0.8532 0.4321 -0.2920
vn 0.2346 0.9692 0.0741
vn -0.8089 0.5183 -0.2775
vn 0.3233 0.9405 0.1044
vn -0.7568 0.5996 -0.2603
vn 0.4089 0.9027 0.1336
vn -0.6974 0.6750 -0.2405
vn 0.4905 0.8563 0.1616
vn -0.6314 0.7440 -0.2185
vn 0.5675 0.8016 0.1881
vn -0.5593 0.8058 -0.1944
vn 0.6390 0.7392 0.2127
vn -0.4818 0.8599 -0.1684
vn 0.7043 0.6697 0.2352
vn -0.3997 0.9057 -0.1408
vn -0.9377 -0.1413 -0.3174
vn 0.7630 0.5937 0.2556
vn -0.3138 0.9429 -0.1119
vn -0.9461 -0.0436 -0.3208
vn 0.8142 0.5121 0.2734
vn -0.2249 0.9709 -0.0818
vn -0.9454 0.0544 -0.3212
vn 0.8577 0.4255 0.2887
vn 0.1748 0.9836 -0.0450
vn 0.0836 0.9933 -0.0795
vn -0.8318 0.4286 -0.3526
vn -0.8706 0.3387 -0.3569
vn 0.2643 0.9644 -0.0100
vn -0.7851 0.5144 -0.3450
vn 0.3513 0.9359 0.0250
vn -0.7307 0.5953 -0.3340
vn 0.4349 0.8985 0.0598
vn -0.6694 0.6704 -0.3199
vn 0.5144 0.8524 0.0941
vn -0.6017 0.7391 -0.3027
vn 0.5889 0.7981 0.1274
vn -0.5282 0.8007 -0.2825
vn 0.6577 0.7361 0.1596
vn -0.4496 0.8546 -0.2597
vn 0.7203 0.6671 0.1902
vn -0.3667 0.9003 -0.2344
vn -0.9343 -0.1419 -0.3269
vn 0.7759 0.5916 0.2189
vn -0.2803 0.9374 -0.2068
vn -0.9395 -0.0447 -0.3396
vn 0.8241 0.5105 0.2456
vn -0.1912 0.9654 -0.1772
vn -0.9356 0.0528 -0.3490
vn 0.8643 0.4244 0.2699
vn -0.1003 0.9842 -0.1459
vn -0.9227 0.1498 -0.3551
vn 0.8962 0.3342 0.2916
vn -0.0083 0.9935 -0.1133
vn -0.9010 0.2454 -0.3577
vn 0.3809 0.9231 -0.0528
vn 0.2958 0.9507 -0.0925
vn -0.7032 0.5834 -0.4064
vn -0.7598 0.5035 -0.4112
vn 0.4625 0.8865 -0.0125
vn -0.6398 0.6576 -0.3977
vn 0.5396 0.8415 0.0279
vn -0.5702 0.7255 -0.3852
vn 0.6115 0.7883 0.0680
vn -0.4953 0.7865 -0.3690
vn 0.6775 0.7276 0.1075
vn -0.4155 0.8399 -0.3492
vn 0.7371 0.6598 0.1459
vn -0.3317 0.8852 -0.3261
vn -0.9308 -0.1434 -0.3363
vn 0.7896 0.5857 0.1830
vn -0.2448 0.9220 -0.2999
vn -0.9325 -0.0478 -0.3580
vn 0.8344 0.5060 0.2183
vn -0.1556 0.9500 -0.2708
vn -0.9252 0.0483 -0.3763
vn 0.8713 0.4213 0.2515
vn -0.0648 0.9688 -0.2390
vn -0.9091 0.1439 -0.3910
vn 0.8998 0.3326 0.2823
vn 0.0266 0.9784 -0.2050
vn -0.8842 0.2381 -0.4019
vn 0.1177 0.9785 -0.1690
vn -0.8507 0.3301 -0.4089
vn 0.2077 0.9693 -0.1314
vn -0.8092 0.4188 -0.4121
vn 0.5659 0.8236 -0.0364
vn 0.4913 0.8670 -0.0827
vn -0.5374 0.7033 -0.4653
vn -0.6088 0.6366 -0.4733
vn 0.6352 0.7723 0.0103
vn -0.4609 0.7632 -0.4529
vn 0.6983 0.7135 0.0569
vn -0.3799 0.8158 -0.4361
vn 0.7547 0.6479 0.1031
vn -0.2952 0.8605 -0.4151
vn -0.9271 -0.1459 -0.3453
vn 0.8039 0.5760 0.1481
vn -0.2078 0.8969 -0.3902
vn -0.9252 -0.0527 -0.3759
vn 0.8453 0.4986 0.1918
vn -0.1183 0.9248 -0.3615
vn -0.9144 0.0410 -0.4028
vn 0.8786 0.4164 0.2337
vn -0.0277 0.9438 -0.3294
vn -0.8947 0.1343 -0.4259
vn 0.9035 0.3301 0.2733
vn 0.0631 0.9537 -0.2940
vn -0.8665 0.2263 -0.4448
vn 0.1534 0.9544 -0.2559
vn -0.8300 0.3160 -0.4595
vn 0.2421 0.9460 -0.2153
vn -0.7855 0.4028 -0.4697
vn 0.3286 0.9285 -0.1726
vn -0.7335 0.4857 -0.4755
vn 0.4119 0.9021 -0.1283
vn -0.6744 0.5639 -0.4767
vn 0.7197 0.6942 0.0085
vn 0.6596 0.7503 -0.0450
vn -0.3431 0.7826 -0.5195
vn -0.4253 0.7312 -0.5333
vn 0.7729 0.6315 0.0619
vn -0.2575 0.8265 -0.5006
vn -0.9232 -0.1494 -0.3540
vn 0.8186 0.5627 0.1147
vn -0.1695 0.8625 -0.4769
vn -0.9176 -0.0595 -0.3930
vn 0.8565 0.4885 0.1664
vn -0.0799 0.8901 -0.4486
vn -0.9031 0.0309 -0.4282
vn 0.8862 0.4096 0.2166
vn 0.0105 0.9093 -0.4160
vn -0.8800 0.1209 -0.4593
vn 0.9073 0.3267 0.2646
vn 0.1008 0.9197 -0.3795
vn -0.8484 0.2099 -0.4859
vn 0.1901 0.9213 -0.3392
vn -0.8086 0.2968 -0.5080
vn 0.2777 0.9140 -0.2958
vn -0.7611 0.3808 -0.5251
vn 0.3625 0.8979 -0.2495
vn -0.7063 0.4611 -0.5371
vn 0.4439 0.8733 -0.2008
vn -0.6446 0.5371 -0.5440
vn 0.5210 0.8402 -0.1501
vn -0.5768 0.6078 -0.5457
vn 0.5931 0.7991 -0.0980
vn -0.5035 0.6727 -0.5421
vn -0.9193 -0.1538 -0.3622
vn 0.8337 0.5459 0.0830
vn 0.7914 0.6108 0.0229
vn -0.1304 0.8188 -0.5589
vn -0.2190 0.7835 -0.5814
vn -0.9099 -0.0681 -0.4092
vn 0.8680 0.4757 0.1424
vn -0.0406 0.8463 -0.5311
vn -0.8917 0.0181 -0.4523
vn 0.8939 0.4010 0.2004
vn 0.0496 0.8657 -0.4981
vn -0.8649 0.1041 -0.4910
vn 0.9112 0.3223 0.2564
vn 0.1393 0.8767 -0.4603
vn -0.8298 0.1892 -0.5249
vn 0.2277 0.8793 -0.4182
vn -0.7868 0.2724 -0.5538
vn 0.3139 0.8735 -0.3720
vn -0.7361 0.3529 -0.5774
vn 0.3971 0.8593 -0.3222
vn -0.6785 0.4301 -0.5955
vn 0.4765 0.8368 -0.2694
vn -0.6143 0.5032 -0.6078
vn 0.5514 0.8063 -0.2139
vn -0.5442 0.5714 -0.6143
vn 0.6209 0.7681 -0.1564
vn -0.4689 0.6341 -0.6149
vn 0.6845 0.7224 -0.0974
vn -0.3890 0.6907 -0.6095
vn 0.7415 0.6699 -0.0374
vn -0.3055 0.7407 -0.5984
vn -0.8801 0.0027 -0.4747
vn -0.9021 -0.0785 -0.4243
vn 0.9017 0.3906 0.1852
vn 0.8795 0.4604 0.1199
vn 0.0891 0.8134 -0.5748
vn -0.0009 0.7938 -0.6081
vn -0.8497 0.0840 -0.5205
vn 0.9152 0.3171 0.2487
vn 0.1782 0.8252 -0.5359
vn -0.8111 0.1643 -0.5613
vn 0.2657 0.8291 -0.4919
vn -0.7647 0.2431 -0.5967
vn 0.3506 0.8250 -0.4432
vn -0.7109 0.3196 -0.6264
vn 0.4321 0.8130 -0.3902
vn -0.6504 0.3930 -0.6500
vn 0.5096 0.7932 -0.3334
vn -0.5836 0.4626 -0.6674
vn 0.5821 0.7657 -0.2735
vn -0.5112 0.5277 -0.6784
vn 0.6490 0.7309 -0.2109
vn -0.4339 0.5878 -0.6828
vn 0.7097 0.6891 -0.1463
vn -0.3524 0.6422 -0.6807
vn 0.7636 0.6406 -0.0803
vn -0.2675 0.6904 -0.6721
vn 0.8102 0.5860 -0.0135
vn -0.1801 0.7320 -0.6570
vn -0.9154 -0.1590 -0.3699
vn 0.8489 0.5257 0.0535
vn -0.0910 0.7666 -0.6356
vn -0.7923 0.1357 -0.5948
vn -0.8344 0.0607 -0.5477
vn 0.9191 0.3110 0.2417
vn 0.3037 0.7711 -0.5596
vn 0.2171 0.7658 -0.6053
vn -0.7426 0.2094 -0.6361
vn 0.3873 0.7690 -0.5086
vn -0.6857 0.2811 -0.6713
vn 0.4672 0.7595 -0.4526
vn -0.6223 0.3500 -0.7001
vn 0.5426 0.7427 -0.3923
vn -0.5529 0.4157 -0.7222
vn 0.6128 0.7188 -0.3283
vn -0.4781 0.4772 -0.7373
vn 0.6771 0.6880 -0.2610
vn -0.3988 0.5343 -0.7453
vn 0.7349 0.6506 -0.1913
vn -0.3157 0.5861 -0.7461
vn 0.7857 0.6069 -0.1197
vn -0.2295 0.6324 -0.7398
vn 0.8289 0.5574 -0.0469
vn -0.1412 0.6726 -0.7264
vn -0.9114 -0.1650 -0.3769
vn 0.8642 0.5025 0.0263
vn -0.0515 0.7063 -0.7060
vn -0.8943 -0.0904 -0.4382
vn 0.8911 0.4427 0.0992
vn 0.0387 0.7332 -0.6789
vn -0.8685 -0.0149 -0.4954
vn 0.9095 0.3787 0.1713
vn 0.1285 0.7531 -0.6452
vn -0.6608 0.2378 -0.7119
vn -0.7207 0.1715 -0.6717
vn 0.5018 0.6994 -0.5089
vn 0.4236 0.7060 -0.5676
vn -0.5945 0.3018 -0.7453
vn 0.5753 0.6860 -0.4454
vn -0.5225 0.3629 -0.7715
vn 0.6432 0.6661 -0.3776
vn -0.4454 0.4205 -0.7904
vn 0.7049 0.6398 -0.3062
vn -0.3642 0.4741 -0.8016
vn 0.7599 0.6073 -0.2318
vn -0.2794 0.5231 -0.8051
vn 0.8076 0.5689 -0.1552
vn -0.1919 0.5672 -0.8009
vn 0.8475 0.5251 -0.0771
vn -0.1026 0.6057 -0.7890
vn -0.9075 -0.1718 -0.3833
vn 0.8793 0.4763 0.0018
vn -0.0124 0.6384 -0.7696
vn -0.8866 -0.1038 -0.4508
vn 0.9026 0.4228 0.0806
vn 0.0780 0.6651 -0.7427
vn -0.8571 -0.0348 -0.5140
vn 0.9172 0.3653 0.1588
vn 0.1676 0.6853 -0.7087
vn -0.8194 0.0345 -0.5722
vn 0.9230 0.3042 0.2353
vn 0.2557 0.6989 -0.6679
vn -0.7737 0.1035 -0.6250
vn 0.3413 0.7058 -0.6207
vn -0.4927 0.3049 -0.8150
vn -0.5672 0.2487 -0.7851
vn 0.6730 0.6081 -0.4211
vn 0.6073 0.6236 -0.4922
vn -0.4134 0.3582 -0.8371
vn 0.7322 0.5867 -0.3460
vn -0.3302 0.4080 -0.8512
vn 0.7844 0.5596 -0.2675
vn -0.2438 0.4539 -0.8571
vn 0.8290 0.5272 -0.1865
vn -0.1551 0.4954 -0.8547
vn 0.8657 0.4897 -0.1036
vn -0.0649 0.5322 -0.8441
vn -0.9037 -0.1793 -0.3888
vn 0.8940 0.4475 -0.0198
vn 0.0259 0.5638 -0.8255
vn -0.8790 -0.1185 -0.4618
vn 0.9138 0.4010 0.0642
vn 0.1165 0.5901 -0.7989
vn -0.8459 -0.0567 -0.5304
vn 0.9248 0.3506 0.1477
vn 0.4721 0.4595 -0.7523
vn -0.8046 0.0057 -0.5938
vn 0.9269 0.2968 0.2297
vn 0.8415 -0.1406 -0.5215
vn -0.7555 0.0681 -0.6515
vn 0.2235 -0.4400 -0.8697
vn -0.6993 0.1297 -0.7029
vn 0.3870 0.4933 -0.7790
vn -0.6363 0.1901 -0.7476
vn 0.5358 0.6332 -0.5585
vn -0.2973 0.3365 -0.8935
vn -0.3824 0.2907 -0.8770
vn 0.8080 0.5081 -0.2980
vn 0.7586 0.5293 -0.3799
vn -0.2094 0.3790 -0.9014
vn 0.8498 0.4821 -0.2132
vn -0.1194 0.4178 -0.9006
vn 0.8833 0.4514 -0.1263
vn -0.0283 0.4527 -0.8912
vn -0.9000 -0.1873 -0.3936
vn 0.9084 0.4164 -0.0382
vn 0.0630 0.4832 -0.8732
vn -0.8716 -0.1345 -0.4713
vn 0.9247 0.3773 0.0502
vn 0.1538 0.5090 -0.8469
vn -0.8350 -0.0803 -0.5444
vn 0.9321 0.3346 0.1382
vn 0.7262 0.4568 -0.5136
vn -0.7902 -0.0254 -0.6122
vn 0.9306 0.2887 0.2250
vn 0.7945 -0.4770 -0.3759
vn -0.7379 0.0298 -0.6742
vn -0.1480 -0.5617 -0.8140
vn -0.6785 0.0846 -0.7296
vn -0.3384 0.2090 -0.9175
vn -0.6126 0.1386 -0.7781
vn 0.5687 0.5617 -0.6008
vn -0.5408 0.1914 -0.8191
vn 0.6383 0.5562 -0.5321
vn -0.4639 0.2422 -0.8521
vn 0.7018 0.5454 -0.4582
vn -0.0852 0.3353 -0.9382
vn -0.1764 0.2993 -0.9377
vn 0.9002 0.4106 -0.1449
vn 0.8697 0.4341 -0.2351
vn 0.0067 0.3681 -0.9297
vn -0.8964 -0.1959 -0.3975
vn 0.9221 0.3832 -0.0533
vn 0.0986 0.3973 -0.9124
vn -0.8646 -0.1514 -0.4790
vn 0.9351 0.3522 0.0388
vn 0.1895 0.4228 -0.8862
vn -0.8245 -0.1055 -0.5558
vn 0.9391 0.3177 0.1305
vn 0.4789 0.6378 -0.6031
vn -0.7765 -0.0585 -0.6273
vn 0.9341 0.2801 0.2210
vn 0.6105 0.6961 -0.3778
vn -0.7211 -0.0110 -0.6928
vn -0.4900 0.4416 -0.7515
vn -0.6587 0.0366 -0.7515
vn 0.0024 0.6478 -0.7618
vn -0.5899 0.0838 -0.8031
vn 0.6002 0.4856 -0.6355
vn -0.5155 0.1303 -0.8469
vn 0.6680 0.4845 -0.5648
vn -0.4362 0.1755 -0.8825
vn 0.7295 0.4787 -0.4886
vn -0.3527 0.2190 -0.9097
vn 0.7839 0.4682 -0.4078
vn -0.2658 0.2604 -0.9282
vn 0.8307 0.4533 -0.3230
vn 0.1322 0.3072 -0.9424
vn 0.0398 0.2792 -0.9594
vn -0.8580 -0.1692 -0.4849
vn -0.8930 -0.2050 -0.4006
vn 0.9450 0.3257 0.0300
vn 0.9351 0.3484 -0.0649
vn 0.2233 0.3322 -0.9164
vn -0.8147 -0.1319 -0.5647
vn 0.9458 0.2998 0.1246
vn 0.3811 0.4864 -0.7862
vn -0.7636 -0.0933 -0.6389
vn 0.9375 0.2711 0.2180
vn 0.4135 0.6451 -0.6425
vn -0.7051 -0.0538 -0.7071
vn 0.2141 0.6688 -0.7119
vn -0.6399 -0.0138 -0.7683
vn 0.3565 0.5333 -0.7671
vn -0.5685 0.0263 -0.8223
vn 0.6300 0.4057 -0.6622
vn -0.4916 0.0662 -0.8683
vn 0.6961 0.4091 -0.5899
vn -0.4101 0.1054 -0.9059
vn 0.7556 0.4086 -0.5120
vn -0.3246 0.1436 -0.9349
vn 0.8078 0.4041 -0.4292
vn -0.2360 0.1805 -0.9548
vn 0.8522 0.3958 -0.3422
vn -0.1451 0.2156 -0.9656
vn 0.8885 0.3836 -0.2519
vn -0.0529 0.2486 -0.9672
vn 0.9162 0.3678 -0.1592
vn -0.4693 -0.0004 -0.8830
vn -0.5485 -0.0334 -0.8355
vn 0.7223 0.3309 -0.6072
vn 0.6578 0.3227 -0.6805
vn -0.3857 0.0327 -0.9220
vn 0.7799 0.3358 -0.5281
vn -0.2984 0.0654 -0.9522
vn 0.8300 0.3376 -0.4439
vn -0.2082 0.0975 -0.9732
vn 0.8722 0.3360 -0.3554
vn -0.1161 0.1287 -0.9849
vn 0.9060 0.3313 -0.2635
vn -0.0228 0.1586 -0.9871
vn 0.9310 0.3234 -0.1690
vn 0.0707 0.1870 -0.9798
vn -0.8899 -0.2143 -0.4026
vn 0.9471 0.3123 -0.0729
vn 0.1635 0.2136 -0.9631
vn -0.8518 -0.1877 -0.4890
vn 0.9542 0.2983 0.0239
vn 0.2548 0.2382 -0.9372
vn -0.8055 -0.1593 -0.5707
vn 0.9520 0.2814 0.1205
vn 0.3435 0.2604 -0.9023
vn -0.7515 -0.1294 -0.6469
vn 0.9406 0.2618 0.2159
vn 0.4291 0.2802 -0.8587
vn -0.6902 -0.0982 -0.7169
vn 0.5105 0.2973 -0.8069
vn -0.6223 -0.0661 -0.7799
vn 0.5869 0.3115 -0.7473
vn -0.2744 -0.0148 -0.9615
vn -0.3634 -0.0419 -0.9307
vn 0.8505 0.2693 -0.4518
vn 0.8023 0.2612 -0.5368
vn -0.1827 0.0124 -0.9831
vn 0.8905 0.2748 -0.3625
vn -0.0894 0.0395 -0.9952
vn 0.9220 0.2776 -0.2697
vn 0.0048 0.0663 -0.9978
vn 0.9447 0.2778 -0.1743
vn 0.0990 0.0924 -0.9908
vn -0.8870 -0.2239 -0.4037
vn 0.9582 0.2753 -0.0772
vn 0.1922 0.1176 -0.9742
vn -0.8461 -0.2067 -0.4912
vn 0.9626 0.2701 0.0206
vn 0.2836 0.1417 -0.9484
vn -0.7971 -0.1875 -0.5740
vn 0.9576 0.2624 0.1183
vn 0.3723 0.1644 -0.9134
vn -0.7404 -0.1664 -0.6512
vn 0.9435 0.2521 0.2149
vn 0.4574 0.1856 -0.8697
vn -0.6766 -0.1438 -0.7222
vn 0.5381 0.2050 -0.8176
vn -0.6063 -0.1198 -0.7862
vn 0.6136 0.2224 -0.7576
vn -0.5301 -0.0947 -0.8426
vn 0.6832 0.2376 -0.6904
vn -0.4489 -0.0686 -0.8909
vn 0.7463 0.2506 -0.6165
vn -0.0654 -0.0509 -0.9966
vn -0.1599 -0.0739 -0.9843
vn 0.9365 0.2231 -0.2705
vn 0.9070 0.2126 -0.3634
vn 0.0297 -0.0274 -0.9992
vn 0.9569 0.2315 -0.1750
vn 0.1245 -0.0036 -0.9922
vn -0.8845 -0.2336 -0.4039
vn 0.9682 0.2377 -0.0778
vn 0.2181 0.0202 -0.9757
vn -0.8410 -0.2259 -0.4915
vn 0.9702 0.2416 0.0202
vn 0.3096 0.0438 -0.9499
vn -0.7895 -0.2160 -0.5744
vn 0.9628 0.2432 0.1180
vn 0.3981 0.0670 -0.9149
vn -0.7304 -0.2040 -0.6518
vn 0.9461 0.2424 0.2147
vn 0.4828 0.0896 -0.8711
vn -0.6643 -0.1901 -0.7229
vn 0.5629 0.1113 -0.8190
vn -0.5918 -0.1743 -0.7870
vn 0.6376 0.1319 -0.7590
vn -0.5136 -0.1569 -0.8435
vn 0.7061 0.1512 -0.6917
vn -0.4305 -0.1379 -0.8919
vn 0.7679 0.1692 -0.6178
vn -0.3433 -0.1177 -0.9318
vn 0.8224 0.1855 -0.5379
vn -0.2528 -0.0963 -0.9627
vn 0.8689 0.2000 -0.4528
vn 0.1468 -0.1001 -0.9841
vn 0.0515 -0.1215 -0.9912
vn -0.8822 -0.2435 -0.4031
vn 0.9770 0.1999 -0.0746
vn 0.9677 0.1850 -0.1711
vn 0.2407 -0.0777 -0.9675
vn -0.8365 -0.2453 -0.4899
vn 0.9768 0.2129 0.0226
vn 0.3323 -0.0545 -0.9416
vn -0.7829 -0.2447 -0.5720
vn 0.9672 0.2238 0.1196
vn 0.4208 -0.0309 -0.9066
vn -0.7217 -0.2418 -0.6486
vn 0.9484 0.2326 0.2155
vn 0.5052 -0.0069 -0.8630
vn -0.6535 -0.2366 -0.7189
vn 0.5847 0.0171 -0.8110
vn -0.5791 -0.2291 -0.7823
vn 0.6586 0.0410 -0.7513
vn -0.4992 -0.2194 -0.8383
vn 0.7262 0.0645 -0.6844
vn -0.4144 -0.2076 -0.8861
vn 0.7869 0.0873 -0.6109
vn -0.3257 -0.1938 -0.9254
vn 0.8400 0.1094 -0.5315
vn -0.2338 -0.1781 -0.9558
vn 0.8850 0.1303 -0.4470
vn -0.1397 -0.1607 -0.9771
vn 0.9215 0.1501 -0.3581
vn -0.0443 -0.1418 -0.9889
vn 0.9492 0.1684 -0.2659
vn 0.3517 -0.1523 -0.9236
vn 0.2600 -0.1750 -0.9496
vn -0.7772 -0.2733 -0.5668
vn -0.8327 -0.2645 -0.4864
vn 0.9710 0.2046 0.1232
vn 0.9825 0.1844 0.0279
vn 0.4400 -0.1282 -0.8888
vn -0.7142 -0.2794 -0.6417
vn 0.9503 0.2228 0.2173
vn 0.5242 -0.1028 -0.8454
vn -0.6444 -0.2828 -0.7104
vn 0.6033 -0.0764 -0.7938
vn -0.5683 -0.2835 -0.7724
vn 0.6765 -0.0493 -0.7347
vn -0.4869 -0.2815 -0.8268
vn 0.7433 -0.0218 -0.6685
vn -0.4007 -0.2768 -0.8734
vn 0.8030 0.0060 -0.5959
vn -0.3107 -0.2694 -0.9115
vn 0.8549 0.0337 -0.5176
vn -0.2177 -0.2595 -0.9409
vn 0.8987 0.0611 -0.4342
vn -0.1227 -0.2470 -0.9612
vn 0.9338 0.0880 -0.3468
vn -0.0264 -0.2322 -0.9723
vn 0.9600 0.1139 -0.2559
vn 0.0700 -0.2151 -0.9741
vn 0.9769 0.1388 -0.1626
vn 0.1658 -0.1960 -0.9665
vn -0.8802 -0.2532 -0.4013
vn 0.9844 0.1624 -0.0677
vn 0.5396 -0.1972 -0.8184
vn 0.4557 -0.2239 -0.8614
vn -0.6369 -0.3283 -0.6975
vn -0.7082 -0.3163 -0.6312
vn 0.9519 0.2133 0.2200
vn 0.6183 -0.1686 -0.7676
vn -0.5596 -0.3371 -0.7571
vn 0.6911 -0.1383 -0.7094
vn -0.4769 -0.3427 -0.8094
vn 0.7572 -0.1067 -0.6443
vn -0.3895 -0.3449 -0.8539
vn 0.8161 -0.0740 -0.5731
vn -0.2985 -0.3439 -0.8903
vn 0.8672 -0.0407 -0.4964
vn -0.2046 -0.3395 -0.9181
vn 0.9098 -0.0070 -0.4148
vn -0.1088 -0.3319 -0.9370
vn 0.9438 0.0268 -0.3293
vn -0.0119 -0.3211 -0.9470
vn 0.9687 0.0604 -0.2406
vn 0.0851 -0.3072 -0.9478
vn 0.9843 0.0933 -0.1496
vn 0.1813 -0.2904 -0.9396
vn -0.8787 -0.2628 -0.3985
vn 0.9904 0.1254 -0.0571
vn 0.2757 -0.2708 -0.9223
vn -0.8296 -0.2834 -0.4810
vn 0.9870 0.1563 0.0359
vn 0.3675 -0.2485 -0.8962
vn -0.7726 -0.3013 -0.5588
vn 0.9742 0.1857 0.1286
vn 0.7022 -0.2248 -0.6755
vn 0.6298 -0.2582 -0.7326
vn -0.4692 -0.4022 -0.7862
vn -0.5529 -0.3892 -0.7367
vn 0.7678 -0.1893 -0.6120
vn -0.3811 -0.4112 -0.8280
vn 0.8261 -0.1520 -0.5426
vn -0.2893 -0.4163 -0.8619
vn 0.8764 -0.1132 -0.4680
vn -0.1946 -0.4175 -0.8876
vn 0.9183 -0.0733 -0.3889
vn -0.0982 -0.4146 -0.9047
vn 0.9514 -0.0327 -0.3060
vn -0.0008 -0.4077 -0.9131
vn 0.9754 0.0082 -0.2203
vn 0.0966 -0.3969 -0.9127
vn 0.9900 0.0490 -0.1323
vn 0.1930 -0.3823 -0.9036
vn -0.8775 -0.2721 -0.3949
vn 0.9951 0.0894 -0.0431
vn 0.2876 -0.3640 -0.8859
vn -0.8273 -0.3018 -0.4738
vn 0.9905 0.1290 0.0465
vn 0.3795 -0.3422 -0.8596
vn -0.7691 -0.3287 -0.5481
vn 0.9765 0.1673 0.1358
vn 0.4677 -0.3172 -0.8250
vn -0.7036 -0.3523 -0.6171
vn 0.9531 0.2040 0.2237
vn 0.5514 -0.2891 -0.7825
vn -0.6313 -0.3726 -0.6802
vn 0.8328 -0.2270 -0.5048
vn 0.7750 -0.2689 -0.5719
vn -0.2830 -0.4861 -0.8268
vn -0.3753 -0.4751 -0.7959
vn 0.8827 -0.1829 -0.4329
vn -0.1879 -0.4925 -0.8498
vn 0.9241 -0.1371 -0.3567
vn -0.0910 -0.4941 -0.8646
vn 0.9566 -0.0900 -0.2772
vn 0.0067 -0.4910 -0.8711
vn 0.9799 -0.0420 -0.1950
vn 0.1043 -0.4832 -0.8693
vn 0.9938 0.0064 -0.1108
vn 0.2010 -0.4707 -0.8591
vn -0.8767 -0.2811 -0.3904
vn 0.9981 0.0548 -0.0256
vn 0.2957 -0.4537 -0.8406
vn -0.8257 -0.3196 -0.4648
vn 0.9929 0.1027 0.0598
vn 0.3876 -0.4324 -0.8141
vn -0.7667 -0.3550 -0.5348
vn 0.9781 0.1495 0.1447
vn 0.4757 -0.4069 -0.7798
vn -0.7005 -0.3869 -0.5997
vn 0.9539 0.1950 0.2282
vn 0.5593 -0.3775 -0.7380
vn -0.6274 -0.4152 -0.6587
vn 0.6375 -0.3445 -0.6890
vn -0.5484 -0.4394 -0.7114
vn 0.7096 -0.3082 -0.6335
vn -0.4641 -0.4595 -0.7573
vn 0.9270 -0.1978 -0.3186
vn 0.8859 -0.2493 -0.3912
vn -0.0874 -0.5698 -0.8171
vn -0.1845 -0.5638 -0.8050
vn 0.9592 -0.1444 -0.2430
vn 0.0104 -0.5702 -0.8214
vn 0.9822 -0.0897 -0.1650
vn 0.1082 -0.5652 -0.8178
vn 0.9958 -0.0341 -0.0854
vn 0.2050 -0.5548 -0.8063
vn -0.8763 -0.2896 -0.3850
vn 0.9997 0.0219 -0.0049
vn 0.2998 -0.5390 -0.7871
vn -0.8249 -0.3364 -0.4543
vn 0.9941 0.0776 0.0755
vn 0.3917 -0.5181 -0.7603
vn -0.7656 -0.3800 -0.5191
vn 0.9789 0.1327 0.1553
vn 0.4798 -0.4922 -0.7262
vn -0.6989 -0.4199 -0.5790
vn 0.9543 0.1864 0.2336
vn 0.5633 -0.4616 -0.6852
vn -0.6255 -0.4557 -0.6333
vn 0.6415 -0.4266 -0.6376
vn -0.5461 -0.4872 -0.6814
vn 0.7135 -0.3874 -0.5838
vn -0.4615 -0.5139 -0.7231
vn 0.7786 -0.3445 -0.5245
vn -0.3724 -0.5358 -0.7578
vn 0.8362 -0.2983 -0.4601
vn -0.2798 -0.5524 -0.7852
vn 0.9822 -0.1345 -0.1307
vn 0.9593 -0.1955 -0.2039
vn 0.1083 -0.6422 -0.7588
vn 0.0105 -0.6446 -0.7645
vn 0.9958 -0.0721 -0.0563
vn 0.2051 -0.6337 -0.7459
vn -0.8762 -0.2976 -0.3789
vn 0.9998 -0.0090 0.0187
vn 0.2999 -0.6191 -0.7258
vn -0.8249 -0.3522 -0.4422
vn 0.9941 0.0542 0.0935
vn 0.3918 -0.5986 -0.6987
vn -0.7655 -0.4034 -0.5011
vn 0.9789 0.1169 0.1674
vn 0.4799 -0.5723 -0.6649
vn -0.6988 -0.4508 -0.5553
vn 0.9543 0.1784 0.2397
vn 0.5635 -0.5405 -0.6248
vn -0.6254 -0.4937 -0.6041
vn 0.6416 -0.5035 -0.5786
vn -0.5460 -0.5319 -0.6472
vn 0.7136 -0.4617 -0.5269
vn -0.4614 -0.5650 -0.6840
vn 0.7787 -0.4155 -0.4701
vn -0.3724 -0.5927 -0.7142
vn 0.8363 -0.3652 -0.4088
vn -0.2797 -0.6146 -0.7375
vn 0.8859 -0.3115 -0.3436
vn -0.1844 -0.6307 -0.7537
vn 0.9271 -0.2547 -0.2750
vn -0.0873 -0.6407 -0.7628
usemtl Material.001
s 1
f 19/1/1 49/2/2 48/3/3 1923/4/4
f 9/5/5 36/6/6 35/7/7 8/8/8
f 20/9/9 50/10/10 49/2/2 19/1/1
f 10/11/11 37/12/12 36/6/6 9/5/5
f 21/13/13 51/14/14 50/10/10 20/9/9
f 11/15/15 38/16/16 37/12/12 10/11/11
f 1918/17/17 25/18/18 1421/19/19
f 1924/20/20 52/21/21 51/14/14 21/13/13
f 12/22/22 39/23/23 38/16/16 11/15/15
f 1919/24/24 26/25/25 25/18/18 1918/17/17
f 22/26/26 53/27/27 52/21/21 1924/20/20
f 1921/28/28 40/29/29 39/23/23 12/22/22
f 1/30/30 27/31/31 26/25/25 1919/24/24
f 23/32/32 54/33/33 53/27/27 22/26/26
f 13/34/34 41/35/35 40/29/29 1921/28/28
f 2/36/36 28/37/37 27/31/31 1/30/30
f 24/38/38 55/39/39 54/33/33 23/32/32
f 14/40/40 42/41/41 41/35/35 13/34/34
f 3/42/42 29/43/43 28/37/37 2/36/36
f 1203/44/44 55/39/39 24/38/38
f 15/45/45 43/46/46 42/41/41 14/40/40
f 4/47/47 30/48/48 29/43/43 3/42/42
f 16/49/49 44/50/50 43/46/46 15/45/45
f 1920/51/51 31/52/52 30/48/48 4/47/47
f 17/53/53 45/54/54 44/50/50 16/49/49
f 5/55/55 32/56/56 31/52/52 1920/51/51
f 18/57/57 46/58/58 45/54/54 17/53/53
f 6/59/59 33/60/60 32/56/56 5/55/55
f 1922/61/61 47/62/62 46/58/58 18/57/57
f 7/63/63 34/64/64 33/60/60 6/59/59
f 1923/4/4 48/3/3 47/62/62 1922/61/61
f 8/8/8 35/7/7 34/64/64 7/63/63
f 30/48/48 61/65/65 60/66/66 29/43/43
f 44/50/50 75/67/67 74/68/68 43/46/46
f 31/52/52 62/69/69 61/65/65 30/48/48
f 45/54/54 76/70/70 75/67/67 44/50/50
f 32/56/56 63/71/71 62/69/69 31/52/52
f 46/58/58 77/72/72 76/70/70 45/54/54
f 33/60/60 64/73/73 63/71/71 32/56/56
f 47/62/62 78/74/74 77/72/72 46/58/58
f 34/64/64 65/75/75 64/73/73 33/60/60
f 48/3/3 79/76/76 78/74/74 47/62/62
f 35/7/7 66/77/77 65/75/75 34/64/64
f 49/2/2 80/78/78 79/76/76 48/3/3
f 36/6/6 67/79/79 66/77/77 35/7/7
f 50/10/10 81/80/80 80/78/78 49/2/2
f 37/12/12 68/81/81 67/79/79 36/6/6
f 51/14/14 82/82/82 81/80/80 50/10/10
f 38/16/16 69/83/83 68/81/81 37/12/12
f 25/18/18 56/84/84 1421/19/19
f 52/21/21 83/85/85 82/82/82 51/14/14
f 39/23/23 70/86/86 69/83/83 38/16/16
f 26/25/25 57/87/87 56/84/84 25/18/18
f 53/27/27 84/88/88 83/85/85 52/21/21
f 40/29/29 71/89/89 70/86/86 39/23/23
f 27/31/31 58/90/90 57/87/87 26/25/25
f 54/33/33 85/91/91 84/88/88 53/27/27
f 41/35/35 72/92/92 71/89/89 40/29/29
f 28/37/37 59/93/93 58/90/90 27/31/31
f 55/39/39 86/94/94 85/91/91 54/33/33
f 42/41/41 73/95/95 72/92/92 41/35/35
f 29/43/43 60/66/66 59/93/93 28/37/37
f 1203/44/44 86/94/94 55/39/39
f 43/46/46 74/68/68 73/95/95 42/41/41
f 63/71/71 94/96/96 93/97/97 62/69/69
f 77/72/72 108/98/98 107/99/99 76/70/70
f 64/73/73 95/100/100 94/96/96 63/71/71
f 78/74/74 109/101/101 108/98/98 77/72/72
f 65/75/75 96/102/102 95/100/100 64/73/73
f 79/76/76 110/103/103 109/101/101 78/74/74
f 66/77/77 97/104/104 96/102/102 65/75/75
f 80/78/78 111/105/105 110/103/103 79/76/76
f 67/79/79 98/106/106 97/104/104 66/77/77
f 81/80/80 112/107/107 111/105/105 80/78/78
f 68/81/81 99/108/108 98/106/106 67/79/79
f 82/82/82 113/109/109 112/107/107 81/80/80
f 69/83/83 100/110/110 99/108/108 68/81/81
f 56/84/84 87/111/111 1421/19/19
f 83/85/85 114/112/112 113/109/109 82/82/82
f 70/86/86 101/113/113 100/110/110 69/83/83
f 57/87/87 88/114/114 87/111/111 56/84/84
f 84/88/88 115/115/115 114/112/112 83/85/85
f 71/89/89 102/116/116 101/113/113 70/86/86
f 58/90/90 89/117/117 88/114/114 57/87/87
f 85/91/91 116/118/118 115/115/115 84/88/88
f 72/92/92 103/119/119 102/116/116 71/89/89
f 59/93/93 90/120/120 89/117/117 58/90/90
f 86/94/94 117/121/121 116/118/118 85/91/91
f 73/95/95 104/122/122 103/119/119 72/92/92
f 60/66/66 91/123/123 90/120/120 59/93/93
f 1203/44/44 117/121/121 86/94/94
f 74/68/68 105/124/124 104/122/122 73/95/95
f 61/65/65 92/125/125 91/123/123 60/66/66
f 75/67/67 106/126/126 105/124/124 74/68/68
f 62/69/69 93/97/97 92/125/125 61/65/65
f 76/70/70 107/99/99 106/126/126 75/67/67
f 96/102/102 127/127/127 126/128/128 95/100/100
f 110/103/103 141/129/129 140/130/130 109/101/101
f 97/104/104 128/131/131 127/127/127 96/102/102
f 111/105/105 142/132/132 141/129/129 110/103/103
f 98/106/106 129/133/133 128/131/131 97/104/104
f 112/107/107 143/134/134 142/132/132 111/105/105
f 99/108/108 130/135/135 129/133/133 98/106/106
f 113/109/109 144/136/136 143/134/134 112/107/107
f 100/110/110 131/137/137 130/135/135 99/108/108
f 87/111/111 118/138/138 1421/19/19
f 114/112/112 145/139/139 144/136/136 113/109/109
f 101/113/113 132/140/140 131/137/137 100/110/110
f 88/114/114 119/141/141 118/138/138 87/111/111
f 115/115/115 146/142/142 145/139/139 114/112/112
f 102/116/116 133/143/143 132/140/140 101/113/113
f 89/117/117 120/144/144 119/141/141 88/114/114
f 116/118/118 147/145/145 146/142/142 115/115/115
f 103/119/119 134/146/146 133/143/143 102/116/116
f 90/120/120 121/147/147 120/144/144 89/117/117
f 117/121/121 148/148/148 147/145/145 116/118/118
f 104/122/122 135/149/149 134/146/146 103/119/119
f 91/123/123 122/150/150 121/147/147 90/120/120
f 1203/44/44 148/148/148 117/121/121
f 105/124/124 136/151/151 135/149/149 104/122/122
f 92/125/125 123/152/152 122/150/150 91/123/123
f 106/126/126 137/153/153 136/151/151 105/124/124
f 93/97/97 124/154/154 123/152/152 92/125/125
f 107/99/99 138/155/155 137/153/153 106/126/126
f 94/96/96 125/156/156 124/154/154 93/97/97
f 108/98/98 139/157/157 138/155/155 107/99/99
f 95/100/100 126/128/128 125/156/156 94/96/96
f 109/101/101 140/130/130 139/157/157 108/98/98
f 129/133/133 160/158/158 159/159/159 128/131/131
f 143/134/134 174/160/160 173/161/161 142/132/132
f 130/135/135 161/162/162 160/158/158 129/133/133
f 144/136/136 175/163/163 174/160/160 143/134/134
f 131/137/137 162/164/164 161/162/162 130/135/135
f 118/138/138 149/165/165 1421/19/19
f 145/139/139 176/166/166 175/163/163 144/136/136
f 132/140/140 163/167/167 162/164/164 131/137/137
f 119/141/141 150/168/168 149/165/165 118/138/138
f 146/142/142 177/169/169 176/166/166 145/139/139
f 133/143/143 164/170/170 163/167/167 132/140/140
f 120/144/144 151/171/171 150/168/168 119/141/141
f 147/145/145 178/172/172 177/169/169 146/142/142
f 134/146/146 165/173/173 164/170/170 133/143/143
f 121/147/147 152/174/174 151/171/171 120/144/144
f 148/148/148 179/175/175 178/172/172 147/145/145
f 135/149/149 166/176/176 165/173/173 134/146/146
f 122/150/150 153/177/177 152/174/174 121/147/147
f 1203/44/44 179/175/175 148/148/148
f 136/151/151 167/178/178 166/176/176 135/149/149
f 123/152/152 154/179/179 153/177/177 122/150/150
f 137/153/153 168/180/180 167/178/178 136/151/151
f 124/154/154 155/181/181 154/179/179 123/152/152
f 138/155/155 169/182/182 168/180/180 137/153/153
f 125/156/156 156/183/183 155/181/181 124/154/154
f 139/157/157 170/184/184 169/182/182 138/155/155
f 126/128/128 157/185/185 156/183/183 125/156/156
f 140/130/130 171/186/186 170/184/184 139/157/157
f 127/127/127 158/187/187 157/185/185 126/128/128
f 141/129/129 172/188/188 171/186/186 140/130/130
f 128/131/131 159/159/159 158/187/187 127/127/127
f 142/132/132 173/161/161 172/188/188 141/129/129
f 162/164/164 193/189/189 192/190/190 161/162/162
f 149/165/165 180/191/191 1421/19/19
f 176/166/166 207/192/192 206/193/193 175/163/163
f 163/167/167 194/194/194 193/189/189 162/164/164
f 150/168/168 181/195/195 180/191/191 149/165/165
f 177/169/169 208/196/196 207/192/192 176/166/166
f 164/170/170 195/197/197 194/194/194 163/167/167
f 151/171/171 182/198/198 181/195/195 150/168/168
f 178/172/172 209/199/199 208/196/196 177/169/169
f 165/173/173 196/200/200 195/197/197 164/170/170
f 152/174/174 183/201/201 182/198/198 151/171/171
f 179/175/175 210/202/202 209/199/199 178/172/172
f 166/176/176 197/203/203 196/200/200 165/173/173
f 153/177/177 184/204/204 183/201/201 152/174/174
f 1203/44/44 210/202/202 179/175/175
f 167/178/178 198/205/205 197/203/203 166/176/176
f 154/179/179 185/206/206 184/204/204 153/177/177
f 168/180/180 199/207/207 198/205/205 167/178/178
f 155/181/181 186/208/208 185/206/206 154/179/179
f 169/182/182 200/209/209 199/207/207 168/180/180
f 156/183/183 187/210/210 186/208/208 155/181/181
f 170/184/184 201/211/211 200/209/209 169/182/182
f 157/185/185 188/212/212 187/210/210 156/183/183
f 171/186/186 202/213/213 201/211/211 170/184/184
f 158/187/187 189/214/214 188/212/212 157/185/185
f 172/188/188 203/215/215 202/213/213 171/186/186
f 159/159/159 190/216/216 189/214/214 158/187/187
f 173/161/161 204/217/217 203/215/215 172/188/188
f 160/158/158 191/218/218 190/216/216 159/159/159
f 174/160/160 205/219/219 204/217/217 173/161/161
f 161/162/162 192/190/190 191/218/218 160/158/158
f 175/163/163 206/193/193 205/219/219 174/160/160
f 195/197/197 226/220/220 225/221/221 194/194/194
f 182/198/198 213/222/222 212/223/223 181/195/195
f 209/199/199 240/224/224 239/225/225 208/196/196
f 196/200/200 227/226/226 226/220/220 195/197/197
f 183/201/201 214/227/227 213/222/222 182/198/198
f 210/202/202 241/228/228 240/224/224 209/199/199
f 197/203/203 228/229/229 227/226/226 196/200/200
f 184/204/204 215/230/230 214/227/227 183/201/201
f 1203/44/44 241/228/228 210/202/202
f 198/205/205 229/231/231 228/229/229 197/203/203
f 185/206/206 216/232/232 215/230/230 184/204/204
f 199/207/207 230/233/233 229/231/231 198/205/205
f 186/208/208 217/234/234 216/232/232 185/206/206
f 200/209/209 231/235/235 230/233/233 199/207/207
f 187/210/210 218/236/236 217/234/234 186/208/208
f 201/211/211 232/237/237 231/235/235 200/209/209
f 188/212/212 219/238/238 218/236/236 187/210/210
f 202/213/213 233/239/239 232/237/237 201/211/211
f 189/214/214 220/240/240 219/238/238 188/212/212
f 203/215/215 234/241/241 233/239/239 202/213/213
f 190/216/216 221/242/242 220/240/240 189/214/214
f 204/217/217 235/243/243 234/241/241 203/215/215
f 191/218/218 222/244/244 221/242/242 190/216/216
f 205/219/219 236/245/245 235/243/243 204/217/217
f 192/190/190 223/246/246 222/244/244 191/218/218
f 206/193/193 237/247/247 236/245/245 205/219/219
f 193/189/189 224/248/248 223/246/246 192/190/190
f 180/191/191 211/249/249 1421/19/19
f 207/192/192 238/250/250 237/247/247 206/193/193
f 194/194/194 225/221/221 224/248/248 193/189/189
f 181/195/195 212/223/223 211/249/249 180/191/191
f 208/196/196 239/225/225 238/250/250 207/192/192
f 228/229/229 259/251/251 258/252/252 227/226/226
f 215/230/230 246/253/253 245/254/254 214/227/227
f 1203/44/44 272/255/255 241/228/228
f 229/231/231 260/256/256 259/251/251 228/229/229
f 216/232/232 247/257/257 246/253/253 215/230/230
f 230/233/233 261/258/258 260/256/256 229/231/231
f 217/234/234 248/259/259 247/257/257 216/232/232
f 231/235/235 262/260/260 261/258/258 230/233/233
f 218/236/236 249/261/261 248/259/259 217/234/234
f 232/237/237 263/262/262 262/260/260 231/235/235
f 219/238/238 250/263/263 249/261/261 218/236/236
f 233/239/239 264/264/264 263/262/262 232/237/237
f 220/240/240 251/265/265 250/263/263 219/238/238
f 234/241/241 265/266/266 264/264/264 233/239/239
f 221/242/242 252/267/267 251/265/265 220/240/240
f 235/243/243 266/268/268 265/266/266 234/241/241
f 222/244/244 253/269/269 252/267/267 221/242/242
f 236/245/245 267/270/270 266/268/268 235/243/243
f 223/246/246 254/271/271 253/269/269 222/244/244
f 237/247/247 268/272/272 267/270/270 236/245/245
f 224/248/248 255/273/273 254/271/271 223/246/246
f 211/249/249 242/274/274 1421/19/19
f 238/250/250 269/275/275 268/272/272 237/247/247
f 225/221/221 256/276/276 255/273/273 224/248/248
f 212/223/223 243/277/277 242/274/274 211/249/249
f 239/225/225 270/278/278 269/275/275 238/250/250
f 226/220/220 257/279/279 256/276/276 225/221/221
f 213/222/222 244/280/280 243/277/277 212/223/223
f 240/224/224 271/281/281 270/278/278 239/225/225
f 227/226/226 258/252/252 257/279/279 226/220/220
f 214/227/227 245/254/254 244/280/280 213/222/222
f 241/228/228 272/255/255 271/281/281 240/224/224
f 261/258/258 292/282/282 291/283/283 260/256/256
f 248/259/259 279/284/284 278/285/285 247/257/257
f 262/260/260 293/286/286 292/282/282 261/258/258
f 249/261/261 280/287/287 279/284/284 248/259/259
f 263/262/262 294/288/288 293/286/286 262/260/260
f 250/263/263 281/289/289 280/287/287 249/261/261
f 264/264/264 295/290/290 294/288/288 263/262/262
f 251/265/265 282/291/291 281/289/289 250/263/263
f 265/266/266 296/292/292 295/290/290 264/264/264
f 252/267/267 283/293/293 282/291/291 251/265/265
f 266/268/268 297/294/294 296/292/292 265/266/266
f 253/269/269 284/295/295 283/293/293 252/267/267
f 267/270/270 298/296/296 297/294/294 266/268/268
f 254/271/271 285/297/297 284/295/295 253/269/269
f 268/272/272 299/298/298 298/296/296 267/270/270
f 255/273/273 286/299/299 285/297/297 254/271/271
f 242/274/274 273/300/300 1421/19/19
f 269/275/275 300/301/301 299/298/298 268/272/272
f 256/276/276 287/302/302 286/299/299 255/273/273
f 243/277/277 274/303/303 273/300/300 242/274/274
f 270/278/278 301/304/304 300/301/301 269/275/275
f 257/279/279 288/305/305 287/302/302 256/276/276
f 244/280/280 275/306/306 274/303/303 243/277/277
f 271/281/281 302/307/307 301/304/304 270/278/278
f 258/252/252 289/308/308 288/305/305 257/279/279
f 245/254/254 276/309/309 275/306/306 244/280/280
f 272/255/255 303/310/310 302/307/307 271/281/281
f 259/251/251 290/311/311 289/308/308 258/252/252
f 246/253/253 277/312/312 276/309/309 245/254/254
f 1203/44/44 303/310/310 272/255/255
f 260/256/256 291/313/283 290/311/311 259/251/251
f 247/257/257 278/285/285 277/312/312 246/253/253
f 294/314/288 325/315/313 324/316/314 293/317/286
f 281/289/289 312/318/315 311/319/316 280/287/287
f 295/320/290 326/321/317 325/315/313 294/314/288
f 282/291/291 313/322/318 312/318/315 281/289/289
f 296/323/292 327/324/319 326/321/317 295/320/290
f 283/293/293 314/325/320 313/322/318 282/291/291
f 297/326/294 328/327/321 327/324/319 296/323/292
f 284/295/295 315/328/322 314/325/320 283/293/293
f 298/329/296 329/330/323 328/327/321 297/326/294
f 285/297/297 316/331/324 315/328/322 284/295/295
f 299/332/298 330/333/325 329/330/323 298/329/296
f 286/299/299 317/334/326 316/331/324 285/297/297
f 273/300/300 304/335/327 1421/19/19
f 300/336/301 331/337/328 330/333/325 299/332/298
f 287/302/302 318/338/329 317/334/326 286/299/299
f 274/303/303 305/339/330 304/335/327 273/300/300
f 301/340/304 332/341/331 331/337/328 300/336/301
f 288/305/305 319/342/332 318/338/329 287/302/302
f 275/306/306 306/343/333 305/339/330 274/303/303
f 302/344/307 333/345/334 332/341/331 301/340/304
f 289/308/308 320/346/335 319/342/332 288/305/305
f 276/309/309 307/347/336 306/343/333 275/306/306
f 303/348/310 334/349/337 333/345/334 302/344/307
f 290/311/311 321/350/338 320/346/335 289/308/308
f 277/312/312 308/351/339 307/347/336 276/309/309
f 1203/352/44 334/349/337 303/348/310
f 291/313/283 322/353/340 321/350/338 290/311/311
f 278/285/285 309/354/341 308/351/339 277/312/312
f 292/355/282 323/356/342 322/353/340 291/313/283
f 279/284/284 310/357/343 309/354/341 278/285/285
f 293/317/286 324/316/314 323/356/342 292/355/282
f 280/287/287 311/319/316 310/357/343 279/284/284
f 327/324/319 358/358/344 357/359/345 326/321/317
f 314/325/320 345/360/346 344/361/347 313/322/318
f 328/327/321 359/362/348 358/358/344 327/324/319
f 315/328/322 346/363/349 345/360/346 314/325/320
f 329/330/323 360/364/350 359/362/348 328/327/321
f 316/331/324 347/365/351 346/363/349 315/328/322
f 330/333/325 361/366/352 360/364/350 329/330/323
f 317/334/326 348/367/353 347/365/351 316/331/324
f 304/335/327 335/368/354 1421/19/19
f 331/337/328 362/369/355 361/366/352 330/333/325
f 318/338/329 349/370/356 348/367/353 317/334/326
f 305/339/330 336/371/357 335/368/354 304/335/327
f 332/341/331 363/372/358 362/369/355 331/337/328
f 319/342/332 350/373/359 349/370/356 318/338/329
f 306/343/333 337/374/360 336/371/357 305/339/330
f 333/345/334 364/375/361 363/372/358 332/341/331
f 320/346/335 351/376/362 350/373/359 319/342/332
f 307/347/336 338/377/363 337/374/360 306/343/333
f 334/349/337 365/378/364 364/375/361 333/345/334
f 321/350/338 352/379/365 351/376/362 320/346/335
f 308/351/339 339/380/366 338/377/363 307/347/336
f 1203/352/44 365/378/364 334/349/337
f 322/353/340 353/381/367 352/379/365 321/350/338
f 309/354/341 340/382/368 339/380/366 308/351/339
f 323/356/342 354/383/369 353/381/367 322/353/340
f 310/357/343 341/384/370 340/382/368 309/354/341
f 324/316/314 355/385/371 354/383/369 323/356/342
f 311/319/316 342/386/372 341/384/370 310/357/343
f 325/315/313 356/387/373 355/385/371 324/316/314
f 312/318/315 343/388/374 342/386/372 311/319/316
f 326/321/317 357/359/345 356/387/373 325/315/313
f 313/322/318 344/361/347 343/388/374 312/318/315
f 360/364/350 391/389/375 390/390/376 359/362/348
f 347/365/351 378/391/377 377/392/378 346/363/349
f 361/366/352 392/393/379 391/389/375 360/364/350
f 348/367/353 379/394/380 378/391/377 347/365/351
f 335/368/354 366/395/381 1421/19/19
f 362/369/355 393/396/382 392/393/379 361/366/352
f 349/370/356 380/397/383 379/394/380 348/367/353
f 336/371/357 367/398/384 366/395/381 335/368/354
f 363/372/358 394/399/385 393/396/382 362/369/355
f 350/373/359 381/400/386 380/397/383 349/370/356
f 337/374/360 368/401/387 367/398/384 336/371/357
f 364/375/361 395/402/388 394/399/385 363/372/358
f 351/376/362 382/403/389 381/400/386 350/373/359
f 338/377/363 369/404/390 368/401/387 337/374/360
f 365/378/364 396/405/391 395/402/388 364/375/361
f 352/379/365 383/406/392 382/403/389 351/376/362
f 339/380/366 370/407/393 369/404/390 338/377/363
f 1203/352/44 396/405/391 365/378/364
f 353/381/367 384/408/394 383/406/392 352/379/365
f 340/382/368 371/409/395 370/407/393 339/380/366
f 354/383/369 385/410/396 384/408/394 353/381/367
f 341/384/370 372/411/397 371/409/395 340/382/368
f 355/385/371 386/412/398 385/410/396 354/383/369
f 342/386/372 373/413/399 372/411/397 341/384/370
f 356/387/373 387/414/400 386/412/398 355/385/371
f 343/388/374 374/415/401 373/413/399 342/386/372
f 357/359/345 388/416/402 387/414/400 356/387/373
f 344/361/347 375/417/403 374/415/401 343/388/374
f 358/358/344 389/418/404 388/416/402 357/359/345
f 345/360/346 376/419/405 375/417/403 344/361/347
f 359/362/348 390/390/376 389/418/404 358/358/344
f 346/363/349 377/392/378 376/419/405 345/360/346
f 393/396/382 424/420/406 423/421/407 392/393/379
f 380/397/383 411/422/408 410/423/409 379/394/380
f 367/398/384 398/424/410 397/425/411 366/395/381
f 394/399/385 425/426/412 424/420/406 393/396/382
f 381/400/386 412/427/413 411/422/408 380/397/383
f 368/401/387 399/428/414 398/424/410 367/398/384
f 395/402/388 426/429/415 425/426/412 394/399/385
f 382/403/389 413/430/416 412/427/413 381/400/386
f 369/404/390 400/431/417 399/428/414 368/401/387
f 396/405/391 427/432/418 426/429/415 395/402/388
f 383/406/392 414/433/419 413/430/416 382/403/389
f 370/407/393 401/434/420 400/431/417 369/404/390
f 1203/352/44 427/432/418 396/405/391
f 384/408/394 415/435/421 414/433/419 383/406/392
f 371/409/395 402/436/422 401/434/420 370/407/393
f 385/410/396 416/437/423 415/435/421 384/408/394
f 372/411/397 403/438/424 402/436/422 371/409/395
f 386/412/398 417/439/425 416/437/423 385/410/396
f 373/413/399 404/440/426 403/438/424 372/411/397
f 387/414/400 418/441/427 417/439/425 386/412/398
f 374/415/401 405/442/428 404/440/426 373/413/399
f 388/416/402 419/443/429 418/441/427 387/414/400
f 375/417/403 406/444/430 405/442/428 374/415/401
f 389/418/404 420/445/431 419/443/429 388/416/402
f 376/419/405 407/446/432 406/444/430 375/417/403
f 390/390/376 421/447/433 420/445/431 389/418/404
f 377/392/378 408/448/434 407/446/432 376/419/405
f 391/389/375 422/449/435 421/447/433 390/390/376
f 378/391/377 409/450/436 408/448/434 377/392/378
f 392/393/379 423/421/407 422/449/435 391/389/375
f 379/394/380 410/423/409 409/450/436 378/391/377
f 366/395/381 397/425/411 1421/19/19
f 426/429/415 457/451/437 456/452/438 425/426/412
f 413/430/416 444/453/439 443/454/440 412/427/413
f 400/431/417 431/455/441 430/456/442 399/428/414
f 427/432/418 458/457/443 457/451/437 426/429/415
f 414/433/419 445/458/444 444/453/439 413/430/416
f 401/434/420 432/459/445 431/455/441 400/431/417
f 1203/352/44 458/457/443 427/432/418
f 415/435/421 446/460/446 445/458/444 414/433/419
f 402/436/422 433/461/447 432/459/445 401/434/420
f 416/437/423 447/462/448 446/460/446 415/435/421
f 403/438/424 434/463/449 433/461/447 402/436/422
f 417/439/425 448/464/450 447/462/448 416/437/423
f 404/440/426 435/465/451 434/463/449 403/438/424
f 418/441/427 449/466/452 448/464/450 417/439/425
f 405/442/428 436/467/453 435/465/451 404/440/426
f 419/443/429 450/468/454 449/466/452 418/441/427
f 406/444/430 437/469/455 436/467/453 405/442/428
f 420/445/431 451/470/456 450/468/454 419/443/429
f 407/446/432 438/471/457 437/469/455 406/444/430
f 421/447/433 452/472/458 451/470/456 420/445/431
f 408/448/434 439/473/459 438/471/457 407/446/432
f 422/449/435 453/474/460 452/472/458 421/447/433
f 409/450/436 440/475/461 439/473/459 408/448/434
f 423/421/407 454/476/462 453/474/460 422/449/435
f 410/423/409 441/477/463 440/475/461 409/450/436
f 397/425/411 428/478/464 1421/19/19
f 424/420/406 455/479/465 454/476/462 423/421/407
f 411/422/408 442/480/466 441/477/463 410/423/409
f 398/424/410 429/481/467 428/478/464 397/425/411
f 425/426/412 456/452/438 455/479/465 424/420/406
f 412/427/413 443/454/440 442/480/466 411/422/408
f 399/428/414 430/456/442 429/481/467 398/424/410
f 1203/352/44 489/482/468 458/457/443
f 446/460/446 477/483/469 476/484/470 445/458/444
f 433/461/447 464/485/471 463/486/472 432/459/445
f 447/462/448 478/487/473 477/483/469 446/460/446
f 434/463/449 465/488/474 464/485/471 433/461/447
f 448/464/450 479/489/475 478/487/473 447/462/448
f 435/465/451 466/490/476 465/488/474 434/463/449
f 449/466/452 480/491/477 479/489/475 448/464/450
f 436/467/453 467/492/478 466/490/476 435/465/451
f 450/468/454 481/493/479 480/491/477 449/466/452
f 437/469/455 468/494/480 467/492/478 436/467/453
f 451/470/456 482/495/481 481/493/479 450/468/454
f 438/471/457 469/496/482 468/494/480 437/469/455
f 452/472/458 483/497/483 482/495/481 451/470/456
f 439/473/459 470/498/484 469/496/482 438/471/457
f 453/474/460 484/499/485 483/497/483 452/472/458
f 440/475/461 471/500/486 470/498/484 439/473/459
f 454/476/462 485/501/487 484/499/485 453/474/460
f 441/477/463 472/502/488 471/500/486 440/475/461
f 428/478/464 459/503/489 1421/19/19
f 455/479/465 486/504/490 485/501/487 454/476/462
f 442/480/466 473/505/491 472/502/488 441/477/463
f 429/481/467 460/506/492 459/503/489 428/478/464
f 456/452/438 487/507/493 486/504/490 455/479/465
f 443/454/440 474/508/494 473/505/491 442/480/466
f 430/456/442 461/509/495 460/506/492 429/481/467
f 457/451/437 488/510/496 487/507/493 456/452/438
f 444/453/439 475/511/497 474/508/494 443/454/440
f 431/455/441 462/512/498 461/509/495 430/456/442
f 458/457/443 489/482/468 488/510/496 457/451/437
f 445/458/444 476/484/470 475/511/497 444/453/439
f 432/459/445 463/486/472 462/512/498 431/455/441
f 479/489/475 510/513/499 509/514/500 478/487/473
f 466/490/476 497/515/501 496/516/502 465/488/474
f 480/491/477 511/517/503 510/513/499 479/489/475
f 467/492/478 498/518/504 497/515/501 466/490/476
f 481/493/479 512/519/505 511/517/503 480/491/477
f 468/494/480 499/520/506 498/518/504 467/492/478
f 482/495/481 513/521/507 512/519/505 481/493/479
f 469/496/482 500/522/508 499/520/506 468/494/480
f 483/497/483 514/523/509 513/521/507 482/495/481
f 470/498/484 501/524/510 500/522/508 469/496/482
f 484/499/485 515/525/511 514/523/509 483/497/483
f 471/500/486 502/526/512 501/524/510 470/498/484
f 485/501/487 516/527/513 515/525/511 484/499/485
f 472/502/488 503/528/514 502/526/512 471/500/486
f 459/503/489 490/529/515 1421/19/19
f 486/504/490 517/530/516 516/527/513 485/501/487
f 473/505/491 504/531/517 503/528/514 472/502/488
f 460/506/492 491/532/518 490/529/515 459/503/489
f 487/507/493 518/533/519 517/530/516 486/504/490
f 474/508/494 505/534/520 504/531/517 473/505/491
f 461/509/495 492/535/521 491/532/518 460/506/492
f 488/510/496 519/536/522 518/533/519 487/507/493
f 475/511/497 506/537/523 505/534/520 474/508/494
f 462/512/498 493/538/524 492/535/521 461/509/495
f 489/482/468 520/539/525 519/536/522 488/510/496
f 476/484/470 507/540/526 506/537/523 475/511/497
f 463/486/472 494/541/527 493/538/524 462/512/498
f 1203/352/44 520/539/525 489/482/468
f 477/483/469 508/542/528 507/540/526 476/484/470
f 464/485/471 495/543/529 494/541/527 463/486/472
f 478/487/473 509/514/500 508/542/528 477/483/469
f 465/488/474 496/516/502 495/543/529 464/485/471
f 512/519/505 543/544/530 542/545/531 511/517/503
f 499/520/506 530/546/532 529/547/533 498/518/504
f 513/521/507 544/548/534 543/544/530 512/519/505
f 500/522/508 531/549/535 530/546/532 499/520/506
f 514/523/509 545/550/536 544/548/534 513/521/507
f 501/524/510 532/551/537 531/549/535 500/522/508
f 515/525/511 546/552/538 545/550/536 514/523/509
f 502/526/512 533/553/539 532/551/537 501/524/510
f 516/527/513 547/554/540 546/552/538 515/525/511
f 503/528/514 534/555/541 533/553/539 502/526/512
f 490/529/515 521/556/542 1421/19/19
f 517/530/516 548/557/543 547/554/540 516/527/513
f 504/531/517 535/558/544 534/555/541 503/528/514
f 491/532/518 522/559/545 521/556/542 490/529/515
f 518/533/519 549/560/546 548/557/543 517/530/516
f 505/534/520 536/561/547 535/558/544 504/531/517
f 492/535/521 523/562/548 522/559/545 491/532/518
f 519/536/522 550/563/549 549/560/546 518/533/519
f 506/537/523 537/564/550 536/561/547 505/534/520
f 493/538/524 524/565/551 523/562/548 492/535/521
f 520/539/525 551/566/552 550/563/549 519/536/522
f 507/540/526 538/567/553 537/564/550 506/537/523
f 494/541/527 525/568/554 524/565/551 493/538/524
f 1203/352/44 551/566/552 520/539/525
f 508/542/528 539/569/555 538/567/553 507/540/526
f 495/543/529 526/570/556 525/568/554 494/541/527
f 509/514/500 540/571/557 539/569/555 508/542/528
f 496/516/502 527/572/558 526/570/556 495/543/529
f 510/513/499 541/573/559 540/571/557 509/514/500
f 497/515/501 528/574/560 527/572/558 496/516/502
f 511/517/503 542/545/531 541/573/559 510/513/499
f 498/518/504 529/547/533 528/574/560 497/515/501
f 545/550/536 576/575/561 575/576/562 544/548/534
f 532/551/537 563/577/563 562/578/564 531/549/535
f 546/552/538 577/579/565 576/575/561 545/550/536
f 533/553/539 564/580/566 563/577/563 532/551/537
f 547/554/540 578/581/567 577/579/565 546/552/538
f 534/555/541 565/582/568 564/580/566 533/553/539
f 521/556/542 552/583/569 1421/19/19
f 548/557/543 579/584/570 578/581/567 547/554/540
f 535/558/544 566/585/571 565/582/568 534/555/541
f 522/559/545 553/586/572 552/583/569 521/556/542
f 549/560/546 580/587/573 579/584/570 548/557/543
f 536/561/547 567/588/574 566/585/571 535/558/544
f 523/562/548 554/589/575 553/586/572 522/559/545
f 550/563/549 581/590/576 580/587/573 549/560/546
f 537/564/550 568/591/577 567/588/574 536/561/547
f 524/565/551 555/592/578 554/589/575 523/562/548
f 551/566/552 582/593/579 581/590/576 550/563/549
f 538/567/553 569/594/580 568/591/577 537/564/550
f 525/568/554 556/595/581 555/592/578 524/565/551
f 1203/352/44 582/593/579 551/566/552
f 539/569/555 570/596/582 569/594/580 538/567/553
f 526/570/556 557/597/583 556/595/581 525/568/554
f 540/571/557 571/598/584 570/596/582 539/569/555
f 527/572/558 558/599/585 557/597/583 526/570/556
f 541/573/559 572/600/586 571/598/584 540/571/557
f 528/574/560 559/601/587 558/599/585 527/572/558
f 542/545/531 573/602/588 572/600/586 541/573/559
f 529/547/533 560/603/589 559/601/587 528/574/560
f 543/544/530 574/604/590 573/602/588 542/545/531
f 530/546/532 561/605/591 560/603/589 529/547/533
f 544/548/534 575/576/562 574/604/590 543/544/530
f 531/549/535 562/578/564 561/605/591 530/546/532
f 578/581/567 609/606/592 608/607/593 577/579/565
f 565/582/568 596/608/594 595/609/595 564/580/566
f 552/583/569 583/610/596 1421/19/19
f 579/584/570 610/611/597 609/606/592 578/581/567
f 566/585/571 597/612/598 596/608/594 565/582/568
f 553/586/572 584/613/599 583/610/596 552/583/569
f 580/587/573 611/614/600 610/611/597 579/584/570
f 567/588/574 598/615/601 597/612/598 566/585/571
f 554/589/575 585/616/602 584/613/599 553/586/572
f 581/590/576 612/617/603 611/614/600 580/587/573
f 568/591/577 599/618/604 598/615/601 567/588/574
f 555/592/578 586/619/605 585/616/602 554/589/575
f 582/593/579 613/620/606 612/617/603 581/590/576
f 569/594/580 600/621/607 599/618/604 568/591/577
f 556/595/581 587/622/608 586/619/605 555/592/578
f 1203/352/44 613/620/606 582/593/579
f 570/596/582 601/623/609 600/621/607 569/594/580
f 557/597/583 588/624/610 587/622/608 556/595/581
f 571/598/584 602/625/611 601/623/609 570/596/582
f 558/599/585 589/626/612 588/624/610 557/597/583
f 572/600/586 603/627/613 602/625/611 571/598/584
f 559/601/587 590/628/614 589/626/612 558/599/585
f 573/602/588 604/629/615 603/627/613 572/600/586
f 560/603/589 591/630/616 590/628/614 559/601/587
f 574/604/590 605/631/617 604/629/615 573/602/588
f 561/605/591 592/632/618 591/630/616 560/603/589
f 575/576/562 606/633/619 605/631/617 574/604/590
f 562/578/564 593/634/620 592/632/618 561/605/591
f 576/575/561 607/635/621 606/633/619 575/576/562
f 563/577/563 594/636/622 593/634/620 562/578/564
f 577/579/565 608/607/593 607/635/621 576/575/561
f 564/580/566 595/609/595 594/636/622 563/577/563
f 584/613/599 615/637/623 614/638/624 583/610/596
f 611/614/600 642/639/625 641/640/626 610/611/597
f 598/615/601 629/641/627 628/642/628 597/612/598
f 585/616/602 616/643/629 615/637/623 584/613/599
f 612/617/603 643/644/630 642/639/625 611/614/600
f 599/618/604 630/645/631 629/641/627 598/615/601
f 586/619/605 617/646/632 616/643/629 585/616/602
f 613/620/606 644/647/633 643/644/630 612/617/603
f 600/621/607 631/648/634 630/645/631 599/618/604
f 587/622/608 618/649/635 617/646/632 586/619/605
f 1203/352/44 644/647/633 613/620/606
f 601/623/609 632/650/636 631/648/634 600/621/607
f 588/624/610 619/651/637 618/649/635 587/622/608
f 602/625/611 633/652/638 632/650/636 601/623/609
f 589/626/612 620/653/639 619/651/637 588/624/610
f 603/627/613 634/654/640 633/652/638 602/625/611
f 590/628/614 621/655/641 620/653/639 589/626/612
f 604/629/615 635/656/642 634/654/640 603/627/613
f 591/630/616 622/657/643 621/655/641 590/628/614
f 605/631/617 636/658/644 635/656/642 604/629/615
f 592/632/618 623/659/645 622/657/643 591/630/616
f 606/633/619 637/660/646 636/658/644 605/631/617
f 593/634/620 624/661/647 623/659/645 592/632/618
f 607/635/621 638/662/648 637/660/646 606/633/619
f 594/636/622 625/663/649 624/661/647 593/634/620
f 608/607/593 639/664/650 638/662/648 607/635/621
f 595/609/595 626/665/651 625/663/649 594/636/622
f 609/606/592 640/666/652 639/664/650 608/607/593
f 596/608/594 627/667/653 626/665/651 595/609/595
f 583/610/596 614/638/624 1421/19/19
f 610/611/597 641/640/626 640/666/652 609/606/592
f 597/612/598 628/642/628 627/667/653 596/608/594
f 617/646/632 648/668/654 647/669/655 616/643/629
f 644/647/633 675/670/656 674/671/657 643/644/630
f 631/648/634 662/672/658 661/673/659 630/645/631
f 618/649/635 649/674/660 648/668/654 617/646/632
f 1203/352/44 675/670/656 644/647/633
f 632/650/636 663/675/661 662/672/658 631/648/634
f 619/651/637 650/676/662 649/674/660 618/649/635
f 633/652/638 664/677/663 663/675/661 632/650/636
f 620/653/639 651/678/664 650/676/662 619/651/637
f 634/654/640 665/679/665 664/677/663 633/652/638
f 621/655/641 652/680/666 651/678/664 620/653/639
f 635/656/642 666/681/667 665/679/665 634/654/640
f 622/657/643 653/682/668 652/680/666 621/655/641
f 636/658/644 667/683/669 666/681/667 635/656/642
f 623/659/645 654/684/670 653/682/668 622/657/643
f 637/660/646 668/685/671 667/683/669 636/658/644
f 624/661/647 655/686/672 654/684/670 623/659/645
f 638/662/648 669/687/673 668/685/671 637/660/646
f 625/663/649 656/688/674 655/686/672 624/661/647
f 639/664/650 670/689/675 669/687/673 638/662/648
f 626/665/651 657/690/676 656/688/674 625/663/649
f 640/666/652 671/691/677 670/689/675 639/664/650
f 627/667/653 658/692/678 657/690/676 626/665/651
f 614/638/624 645/693/679 1421/19/19
f 641/640/626 672/694/680 671/691/677 640/666/652
f 628/642/628 659/695/681 658/692/678 627/667/653
f 615/637/623 646/696/682 645/693/679 614/638/624
f 642/639/625 673/697/683 672/694/680 641/640/626
f 629/641/627 660/698/684 659/695/681 628/642/628
f 616/643/629 647/669/655 646/696/682 615/637/623
f 643/644/630 674/671/657 673/697/683 642/639/625
f 630/645/631 661/673/659 660/698/684 629/641/627
f 650/676/662 681/699/685 680/700/686 649/674/660
f 664/677/663 695/701/687 694/702/688 663/675/661
f 651/678/664 682/703/689 681/699/685 650/676/662
f 665/679/665 696/704/690 695/701/687 664/677/663
f 652/680/666 683/705/691 682/703/689 651/678/664
f 666/681/667 697/706/692 696/704/690 665/679/665
f 653/682/668 684/707/693 683/705/691 652/680/666
f 667/683/669 698/708/694 697/706/692 666/681/667
f 654/684/670 685/709/695 684/707/693 653/682/668
f 668/685/671 699/710/696 698/708/694 667/683/669
f 655/686/672 686/711/697 685/709/695 654/684/670
f 669/687/673 700/712/698 699/710/696 668/685/671
f 656/688/674 687/713/699 686/711/697 655/686/672
f 670/689/675 701/714/700 700/712/698 669/687/673
f 657/690/676 688/715/701 687/713/699 656/688/674
f 671/691/677 702/716/702 701/714/700 670/689/675
f 658/692/678 689/717/703 688/715/701 657/690/676
f 645/693/679 676/718/704 1421/19/19
f 672/694/680 703/719/705 702/716/702 671/691/677
f 659/695/681 690/720/706 689/717/703 658/692/678
f 646/696/682 677/721/707 676/718/704 645/693/679
f 673/697/683 704/722/708 703/719/705 672/694/680
f 660/698/684 691/723/709 690/720/706 659/695/681
f 647/669/655 678/724/710 677/721/707 646/696/682
f 674/671/657 705/725/711 704/722/708 673/697/683
f 661/673/659 692/726/712 691/723/709 660/698/684
f 648/668/654 679/727/713 678/724/710 647/669/655
f 675/670/656 706/728/714 705/725/711 674/671/657
f 662/672/658 693/729/715 692/726/712 661/673/659
f 649/674/660 680/700/686 679/727/713 648/668/654
f 1203/352/44 706/728/714 675/670/656
f 663/675/661 694/702/688 693/729/715 662/672/658
f 683/705/691 714/730/716 713/731/717 682/703/689
f 697/706/692 728/732/718 727/733/719 696/704/690
f 684/707/693 715/734/720 714/730/716 683/705/691
f 698/708/694 729/735/721 728/732/718 697/706/692
f 685/709/695 716/736/722 715/734/720 684/707/693
f 699/710/696 730/737/723 729/735/721 698/708/694
f 686/711/697 717/738/724 716/736/722 685/709/695
f 700/712/698 731/739/725 730/737/723 699/710/696
f 687/713/699 718/740/726 717/738/724 686/711/697
f 701/714/700 732/741/727 731/739/725 700/712/698
f 688/715/701 719/742/728 718/740/726 687/713/699
f 702/716/702 733/743/729 732/741/727 701/714/700
f 689/717/703 720/744/730 719/742/728 688/715/701
f 676/718/704 707/745/731 1421/19/19
f 703/719/705 734/746/732 733/743/729 702/716/702
f 690/720/706 721/747/733 720/744/730 689/717/703
f 677/721/707 708/748/734 707/745/731 676/718/704
f 704/722/708 735/749/735 734/746/732 703/719/705
f 691/723/709 722/750/736 721/747/733 690/720/706
f 678/724/710 709/751/737 708/748/734 677/721/707
f 705/725/711 736/752/738 735/749/735 704/722/708
f 692/726/712 723/753/739 722/750/736 691/723/709
f 679/727/713 710/754/740 709/751/737 678/724/710
f 706/728/714 737/755/741 736/752/738 705/725/711
f 693/729/715 724/756/742 723/753/739 692/726/712
f 680/700/686 711/757/743 710/754/740 679/727/713
f 1203/352/44 737/755/741 706/728/714
f 694/702/688 725/758/744 724/756/742 693/729/715
f 681/699/685 712/759/745 711/757/743 680/700/686
f 695/701/687 726/760/746 725/758/744 694/702/688
f 682/703/689 713/731/717 712/759/745 681/699/685
f 696/704/690 727/733/719 726/760/746 695/701/687
f 716/736/722 747/761/747 746/762/748 715/734/720
f 730/737/723 761/763/749 760/764/750 729/735/721
f 717/738/724 748/765/751 747/761/747 716/736/722
f 731/739/725 762/766/752 761/763/749 730/737/723
f 718/740/726 749/767/753 748/765/751 717/738/724
f 732/741/727 763/768/754 762/766/752 731/739/725
f 719/742/728 750/769/755 749/767/753 718/740/726
f 733/743/729 764/770/756 763/768/754 732/741/727
f 720/744/730 751/771/757 750/769/755 719/742/728
f 707/745/731 738/772/758 1421/19/19
f 734/746/732 765/773/759 764/770/756 733/743/729
f 721/747/733 752/774/760 751/771/757 720/744/730
f 708/748/734 739/775/761 738/772/758 707/745/731
f 735/749/735 766/776/762 765/773/759 734/746/732
f 722/750/736 753/777/763 752/774/760 721/747/733
f 709/751/737 740/778/764 739/775/761 708/748/734
f 736/752/738 767/779/765 766/776/762 735/749/735
f 723/753/739 754/780/766 753/777/763 722/750/736
f 710/754/740 741/781/767 740/778/764 709/751/737
f 737/755/741 768/782/768 767/779/765 736/752/738
f 724/756/742 755/783/769 754/780/766 723/753/739
f 711/757/743 742/784/770 741/781/767 710/754/740
f 1203/352/44 768/782/768 737/755/741
f 725/758/744 756/785/771 755/783/769 724/756/742
f 712/759/745 743/786/772 742/784/770 711/757/743
f 726/760/746 757/787/773 756/785/771 725/758/744
f 713/731/717 744/788/774 743/786/772 712/759/745
f 727/733/719 758/789/775 757/787/773 726/760/746
f 714/730/716 745/790/776 744/788/774 713/731/717
f 728/732/718 759/791/777 758/789/775 727/733/719
f 715/734/720 746/762/748 745/790/776 714/730/716
f 729/735/721 760/764/750 759/791/777 728/732/718
f 749/767/753 780/792/778 779/793/779 748/765/751
f 763/768/754 794/794/780 793/795/781 762/766/752
f 750/769/755 781/796/782 780/792/778 749/767/753
f 764/770/756 795/797/783 794/794/780 763/768/754
f 751/771/757 782/798/784 781/796/782 750/769/755
f 738/772/758 769/799/785 1421/19/19
f 765/773/759 796/800/786 795/797/783 764/770/756
f 752/774/760 783/801/787 782/798/784 751/771/757
f 739/775/761 770/802/788 769/799/785 738/772/758
f 766/776/762 797/803/789 796/800/786 765/773/759
f 753/777/763 784/804/790 783/801/787 752/774/760
f 740/778/764 771/805/791 770/802/788 739/775/761
f 767/779/765 798/806/792 797/803/789 766/776/762
f 754/780/766 785/807/793 784/804/790 753/777/763
f 741/781/767 772/808/794 771/805/791 740/778/764
f 768/782/768 799/809/795 798/806/792 767/779/765
f 755/783/769 786/810/796 785/807/793 754/780/766
f 742/784/770 773/811/797 772/808/794 741/781/767
f 1203/352/44 799/809/795 768/782/768
f 756/785/771 787/812/798 786/810/796 755/783/769
f 743/786/772 774/813/799 773/811/797 742/784/770
f 757/787/773 788/814/800 787/812/798 756/785/771
f 744/788/774 775/815/801 774/813/799 743/786/772
f 758/789/775 789/816/802 788/814/800 757/787/773
f 745/790/776 776/817/803 775/815/801 744/788/774
f 759/791/777 790/818/804 789/816/802 758/789/775
f 746/762/748 777/819/805 776/817/803 745/790/776
f 760/764/750 791/820/806 790/818/804 759/791/777
f 747/761/747 778/821/807 777/819/805 746/762/748
f 761/763/749 792/822/808 791/820/806 760/764/750
f 748/765/751 779/793/779 778/821/807 747/761/747
f 762/766/752 793/795/781 792/822/808 761/763/749
f 782/798/784 813/823/809 812/824/810 781/796/782
f 769/799/785 800/825/811 1421/19/19
f 796/800/786 827/826/812 826/827/813 795/797/783
f 783/801/787 814/828/814 813/823/809 782/798/784
f 770/802/788 801/829/815 800/825/811 769/799/785
f 797/803/789 828/830/816 827/826/812 796/800/786
f 784/804/790 815/831/817 814/828/814 783/801/787
f 771/805/791 802/832/818 801/829/815 770/802/788
f 798/806/792 829/833/819 828/830/816 797/803/789
f 785/807/793 816/834/820 815/831/817 784/804/790
f 772/808/794 803/835/821 802/832/818 771/805/791
f 799/809/795 830/836/822 829/833/819 798/806/792
f 786/810/796 817/837/823 816/834/820 785/807/793
f 773/811/797 804/838/824 803/835/821 772/808/794
f 1203/352/44 830/836/822 799/809/795
f 787/812/798 818/839/825 817/837/823 786/810/796
f 774/813/799 805/840/826 804/838/824 773/811/797
f 788/814/800 819/841/827 818/839/825 787/812/798
f 775/815/801 806/842/828 805/840/826 774/813/799
f 789/816/802 820/843/829 819/841/827 788/814/800
f 776/817/803 807/844/830 806/842/828 775/815/801
f 790/818/804 821/845/831 820/843/829 789/816/802
f 777/819/805 808/846/832 807/844/830 776/817/803
f 791/820/806 822/847/833 821/845/831 790/818/804
f 778/821/807 809/848/834 808/846/832 777/819/805
f 792/822/808 823/849/835 822/847/833 791/820/806
f 779/793/779 810/850/836 809/848/834 778/821/807
f 793/795/781 824/851/837 823/849/835 792/822/808
f 780/792/778 811/852/838 810/850/836 779/793/779
f 794/794/780 825/853/839 824/851/837 793/795/781
f 781/796/782 812/824/810 811/852/838 780/792/778
f 795/797/783 826/827/813 825/853/839 794/794/780
f 820/843/829 851/854/840 850/855/841 819/841/827
f 807/844/830 838/856/842 837/857/843 806/842/828
f 821/845/831 852/858/844 851/854/840 820/843/829
f 808/846/832 839/859/845 838/856/842 807/844/830
f 822/847/833 853/860/846 852/858/844 821/845/831
f 809/848/834 840/861/847 839/859/845 808/846/832
f 823/849/835 854/862/848 853/860/846 822/847/833
f 810/850/836 841/863/849 840/861/847 809/848/834
f 824/851/837 855/864/850 854/862/848 823/849/835
f 811/852/838 842/865/851 841/863/849 810/850/836
f 825/853/839 856/866/852 855/864/850 824/851/837
f 812/824/810 843/867/853 842/865/851 811/852/838
f 826/827/813 857/868/854 856/866/852 825/853/839
f 813/823/809 844/869/855 843/867/853 812/824/810
f 800/825/811 831/870/856 1421/19/19
f 827/826/812 858/871/857 857/868/854 826/827/813
f 814/828/814 845/872/858 844/869/855 813/823/809
f 801/829/815 832/873/859 831/870/856 800/825/811
f 828/830/816 859/874/860 858/871/857 827/826/812
f 815/831/817 846/875/861 845/872/858 814/828/814
f 802/832/818 833/876/862 832/873/859 801/829/815
f 829/833/819 860/877/863 859/874/860 828/830/816
f 816/834/820 847/878/864 846/875/861 815/831/817
f 803/835/821 834/879/865 833/876/862 802/832/818
f 830/836/822 861/880/866 860/877/863 829/833/819
f 817/837/823 848/881/867 847/878/864 816/834/820
f 804/838/824 835/882/868 834/879/865 803/835/821
f 1203/352/44 861/880/866 830/836/822
f 818/839/825 849/883/869 848/881/867 817/837/823
f 805/840/826 836/884/870 835/882/868 804/838/824
f 819/841/827 850/855/841 849/883/869 818/839/825
f 806/842/828 837/857/843 836/884/870 805/840/826
f 853/860/846 884/885/871 883/886/872 852/858/844
f 840/861/847 871/887/873 870/888/874 839/859/845
f 854/862/848 885/889/875 884/885/871 853/860/846
f 841/863/849 872/890/876 871/887/873 840/861/847
f 855/864/850 886/891/877 885/889/875 854/862/848
f 842/865/851 873/892/878 872/890/876 841/863/849
f 856/866/852 887/893/879 886/891/877 855/864/850
f 843/867/853 874/894/880 873/892/878 842/865/851
f 857/868/854 888/895/881 887/893/879 856/866/852
f 844/869/855 875/896/882 874/894/880 843/867/853
f 831/870/856 862/897/883 1421/19/19
f 858/871/857 889/898/884 888/895/881 857/868/854
f 845/872/858 876/899/885 875/896/882 844/869/855
f 832/873/859 863/900/886 862/897/883 831/870/856
f 859/874/860 890/901/887 889/898/884 858/871/857
f 846/875/861 877/902/888 876/899/885 845/872/858
f 833/876/862 864/903/889 863/900/886 832/873/859
f 860/877/863 891/904/890 890/901/887 859/874/860
f 847/878/864 878/905/891 877/902/888 846/875/861
f 834/879/865 865/906/892 864/903/889 833/876/862
f 861/880/866 892/907/893 891/904/890 860/877/863
f 848/881/867 879/908/894 878/905/891 847/878/864
f 835/882/868 866/909/895 865/906/892 834/879/865
f 1203/352/44 892/907/893 861/880/866
f 849/883/869 880/910/896 879/908/894 848/881/867
f 836/884/870 867/911/897 866/909/895 835/882/868
f 850/855/841 881/912/898 880/910/896 849/883/869
f 837/857/843 868/913/899 867/911/897 836/884/870
f 851/854/840 882/914/900 881/912/898 850/855/841
f 838/856/842 869/915/901 868/913/899 837/857/843
f 852/858/844 883/886/872 882/914/900 851/854/840
f 839/859/845 870/888/874 869/915/901 838/856/842
f 886/891/877 917/916/902 916/917/903 885/889/875
f 873/892/878 904/918/904 903/919/905 872/890/876
f 887/893/879 918/920/906 917/916/902 886/891/877
f 874/894/880 905/921/907 904/918/904 873/892/878
f 888/895/881 919/922/908 918/920/906 887/893/879
f 875/896/882 906/923/909 905/921/907 874/894/880
f 862/897/883 893/924/910 1421/19/19
f 889/898/884 920/925/911 919/922/908 888/895/881
f 876/899/885 907/926/912 906/923/909 875/896/882
f 863/900/886 894/927/913 893/924/910 862/897/883
f 890/901/887 921/928/914 920/925/911 889/898/884
f 877/902/888 908/929/915 907/926/912 876/899/885
f 864/903/889 895/930/916 894/927/913 863/900/886
f 891/904/890 922/931/917 921/928/914 890/901/887
f 878/905/891 909/932/918 908/929/915 877/902/888
f 865/906/892 896/933/919 895/930/916 864/903/889
f 892/907/893 923/934/920 922/931/917 891/904/890
f 879/908/894 910/935/921 909/932/918 878/905/891
f 866/909/895 897/936/922 896/933/919 865/906/892
f 1203/352/44 923/934/920 892/907/893
f 880/910/896 911/937/923 910/935/921 879/908/894
f 867/911/897 898/938/924 897/936/922 866/909/895
f 881/912/898 912/939/925 911/937/923 880/910/896
f 868/913/899 899/940/926 898/938/924 867/911/897
f 882/914/900 913/941/927 912/939/925 881/912/898
f 869/915/901 900/942/928 899/940/926 868/913/899
f 883/886/872 914/943/929 913/941/927 882/914/900
f 870/888/874 901/944/930 900/942/928 869/915/901
f 884/885/871 915/945/931 914/943/929 883/886/872
f 871/887/873 902/946/932 901/944/930 870/888/874
f 885/889/875 916/917/903 915/945/931 884/885/871
f 872/890/876 903/919/905 902/946/932 871/887/873
f 919/922/908 950/947/933 949/948/934 918/920/906
f 906/923/909 937/949/935 936/950/936 905/921/907
f 893/924/910 924/951/937 1421/19/19
f 920/925/911 951/952/938 950/947/933 919/922/908
f 907/926/912 938/953/939 937/949/935 906/923/909
f 894/927/913 925/954/940 924/951/937 893/924/910
f 921/928/914 952/955/941 951/952/938 920/925/911
f 908/929/915 939/956/942 938/953/939 907/926/912
f 895/930/916 926/957/943 925/954/940 894/927/913
f 922/931/917 953/958/944 952/955/941 921/928/914
f 909/932/918 940/959/945 939/956/942 908/929/915
f 896/933/919 927/960/946 926/957/943 895/930/916
f 923/934/920 954/961/947 953/958/944 922/931/917
f 910/935/921 941/962/948 940/959/945 909/932/918
f 897/936/922 928/963/949 927/960/946 896/933/919
f 1203/352/44 954/961/947 923/934/920
f 911/937/923 942/964/950 941/962/948 910/935/921
f 898/938/924 929/965/951 928/963/949 897/936/922
f 912/939/925 943/966/952 942/964/950 911/937/923
f 899/940/926 930/967/953 929/965/951 898/938/924
f 913/941/927 944/968/954 943/966/952 912/939/925
f 900/942/928 931/969/955 930/967/953 899/940/926
f 914/943/929 945/970/956 944/968/954 913/941/927
f 901/944/930 932/971/957 931/969/955 900/942/928
f 915/945/931 946/972/958 945/970/956 914/943/929
f 902/946/932 933/973/959 932/971/957 901/944/930
f 916/917/903 947/974/960 946/972/958 915/945/931
f 903/919/905 934/975/961 933/973/959 902/946/932
f 917/916/902 948/976/962 947/974/960 916/917/903
f 904/918/904 935/977/963 934/975/961 903/919/905
f 918/920/906 949/948/934 948/976/962 917/916/902
f 905/921/907 936/950/936 935/977/963 904/918/904
f 925/954/940 956/978/964 955/979/965 924/951/937
f 952/955/941 983/980/966 982/981/967 951/952/938
f 939/956/942 970/982/968 969/983/969 938/953/939
f 926/957/943 957/984/970 956/978/964 925/954/940
f 953/958/944 984/985/971 983/980/966 952/955/941
f 940/959/945 971/986/972 970/982/968 939/956/942
f 927/960/946 958/987/973 957/984/970 926/957/943
f 954/961/947 985/988/974 984/985/971 953/958/944
f 941/962/948 972/989/975 971/986/972 940/959/945
f 928/963/949 959/990/976 958/987/973 927/960/946
f 1203/352/44 985/988/974 954/961/947
f 942/964/950 973/991/977 972/989/975 941/962/948
f 929/965/951 960/992/978 959/990/976 928/963/949
f 943/966/952 974/993/979 973/991/977 942/964/950
f 930/967/953 961/994/980 960/992/978 929/965/951
f 944/968/954 975/995/981 974/993/979 943/966/952
f 931/969/955 962/996/982 961/994/980 930/967/953
f 945/970/956 976/997/983 975/995/981 944/968/954
f 932/971/957 963/998/984 962/996/982 931/969/955
f 946/972/958 977/999/985 976/997/983 945/970/956
f 933/973/959 964/1000/986 963/998/984 932/971/957
f 947/974/960 978/1001/987 977/999/985 946/972/958
f 934/975/961 965/1002/988 964/1000/986 933/973/959
f 948/976/962 979/1003/989 978/1001/987 947/974/960
f 935/977/963 966/1004/990 965/1002/988 934/975/961
f 949/948/934 980/1005/991 979/1003/989 948/976/962
f 936/950/936 967/1006/992 966/1004/990 935/977/963
f 950/947/933 981/1007/993 980/1005/991 949/948/934
f 937/949/935 968/1008/994 967/1006/992 936/950/936
f 924/951/937 955/979/965 1421/19/19
f 951/952/938 982/981/967 981/1007/993 950/947/933
f 938/953/939 969/983/969 968/1008/994 937/949/935
f 958/987/973 989/1009/995 988/1010/996 957/984/970
f 985/988/974 1016/1011/997 1015/1012/998 984/985/971
f 972/989/975 1003/1013/999 1002/1014/1000 971/986/972
f 959/990/976 990/1015/1001 989/1009/995 958/987/973
f 1203/352/44 1016/1011/997 985/988/974
f 973/991/977 1004/1016/1002 1003/1013/999 972/989/975
f 960/992/978 991/1017/1003 990/1015/1001 959/990/976
f 974/993/979 1005/1018/1004 1004/1016/1002 973/991/977
f 961/994/980 992/1019/1005 991/1017/1003 960/992/978
f 975/995/981 1006/1020/1006 1005/1018/1004 974/993/979
f 962/996/982 993/1021/1007 992/1019/1005 961/994/980
f 976/997/983 1007/1022/1008 1006/1020/1006 975/995/981
f 963/998/984 994/1023/1009 993/1021/1007 962/996/982
f 977/999/985 1008/1024/1010 1007/1022/1008 976/997/983
f 964/1000/986 995/1025/1011 994/1023/1009 963/998/984
f 978/1001/987 1009/1026/1012 1008/1024/1010 977/999/985
f 965/1002/988 996/1027/1013 995/1025/1011 964/1000/986
f 979/1003/989 1010/1028/1014 1009/1026/1012 978/1001/987
f 966/1004/990 997/1029/1015 996/1027/1013 965/1002/988
f 980/1005/991 1011/1030/1016 1010/1028/1014 979/1003/989
f 967/1006/992 998/1031/1017 997/1029/1015 966/1004/990
f 981/1007/993 1012/1032/1018 1011/1030/1016 980/1005/991
f 968/1008/994 999/1033/1019 998/1031/1017 967/1006/992
f 955/979/965 986/1034/1020 1421/19/19
f 982/981/967 1013/1035/1021 1012/1032/1018 981/1007/993
f 969/983/969 1000/1036/1022 999/1033/1019 968/1008/994
f 956/978/964 987/1037/1023 986/1034/1020 955/979/965
f 983/980/966 1014/1038/1024 1013/1035/1021 982/981/967
f 970/982/968 1001/1039/1025 1000/1036/1022 969/983/969
f 957/984/970 988/1010/996 987/1037/1023 956/978/964
f 984/985/971 1015/1012/998 1014/1038/1024 983/980/966
f 971/986/972 1002/1014/1000 1001/1039/1025 970/982/968
f 991/1017/1003 1022/1040/1026 1021/1041/1027 990/1015/1001
f 1005/1018/1004 1036/1042/1028 1035/1043/1029 1004/1016/1002
f 992/1019/1005 1023/1044/1030 1022/1040/1026 991/1017/1003
f 1006/1020/1006 1037/1045/1031 1036/1042/1028 1005/1018/1004
f 993/1021/1007 1024/1046/1032 1023/1044/1030 992/1019/1005
f 1007/1022/1008 1038/1047/1033 1037/1045/1031 1006/1020/1006
f 994/1023/1009 1025/1048/1034 1024/1046/1032 993/1021/1007
f 1008/1024/1010 1039/1049/1035 1038/1047/1033 1007/1022/1008
f 995/1025/1011 1026/1050/1036 1025/1048/1034 994/1023/1009
f 1009/1026/1012 1040/1051/1037 1039/1049/1035 1008/1024/1010
f 996/1027/1013 1027/1052/1038 1026/1050/1036 995/1025/1011
f 1010/1028/1014 1041/1053/1039 1040/1051/1037 1009/1026/1012
f 997/1029/1015 1028/1054/1040 1027/1052/1038 996/1027/1013
f 1011/1030/1016 1042/1055/1041 1041/1053/1039 1010/1028/1014
f 998/1031/1017 1029/1056/1042 1028/1054/1040 997/1029/1015
f 1012/1032/1018 1043/1057/1043 1042/1055/1041 1011/1030/1016
f 999/1033/1019 1030/1058/1044 1029/1056/1042 998/1031/1017
f 986/1034/1020 1017/1059/1045 1421/19/19
f 1013/1035/1021 1044/1060/1046 1043/1057/1043 1012/1032/1018
f 1000/1036/1022 1031/1061/1047 1030/1058/1044 999/1033/1019
f 987/1037/1023 1018/1062/1048 1017/1059/1045 986/1034/1020
f 1014/1038/1024 1045/1063/1049 1044/1060/1046 1013/1035/1021
f 1001/1039/1025 1032/1064/1050 1031/1061/1047 1000/1036/1022
f 988/1010/996 1019/1065/1051 1018/1062/1048 987/1037/1023
f 1015/1012/998 1046/1066/1052 1045/1063/1049 1014/1038/1024
f 1002/1014/1000 1033/1067/1053 1032/1064/1050 1001/1039/1025
f 989/1009/995 1020/1068/1054 1019/1065/1051 988/1010/996
f 1016/1011/997 1047/1069/1055 1046/1066/1052 1015/1012/998
f 1003/1013/999 1034/1070/1056 1033/1067/1053 1002/1014/1000
f 990/1015/1001 1021/1041/1027 1020/1068/1054 989/1009/995
f 1203/352/44 1047/1069/1055 1016/1011/997
f 1004/1016/1002 1035/1043/1029 1034/1070/1056 1003/1013/999
f 1024/1046/1032 1055/1071/1057 1054/1072/1058 1023/1044/1030
f 1038/1047/1033 1069/1073/1059 1068/1074/1060 1037/1045/1031
f 1025/1048/1034 1056/1075/1061 1055/1071/1057 1024/1046/1032
f 1039/1049/1035 1070/1076/1062 1069/1073/1059 1038/1047/1033
f 1026/1050/1036 1057/1077/1063 1056/1075/1061 1025/1048/1034
f 1040/1051/1037 1071/1078/1064 1070/1076/1062 1039/1049/1035
f 1027/1052/1038 1058/1079/1065 1057/1077/1063 1026/1050/1036
f 1041/1053/1039 1072/1080/1066 1071/1078/1064 1040/1051/1037
f 1028/1054/1040 1059/1081/1067 1058/1079/1065 1027/1052/1038
f 1042/1055/1041 1073/1082/1068 1072/1080/1066 1041/1053/1039
f 1029/1056/1042 1060/1083/1069 1059/1081/1067 1028/1054/1040
f 1043/1057/1043 1074/1084/1070 1073/1082/1068 1042/1055/1041
f 1030/1058/1044 1061/1085/1071 1060/1083/1069 1029/1056/1042
f 1017/1059/1045 1048/1086/1072 1421/19/19
f 1044/1060/1046 1075/1087/1073 1074/1084/1070 1043/1057/1043
f 1031/1061/1047 1062/1088/1074 1061/1085/1071 1030/1058/1044
f 1018/1062/1048 1049/1089/1075 1048/1086/1072 1017/1059/1045
f 1045/1063/1049 1076/1090/1076 1075/1087/1073 1044/1060/1046
f 1032/1064/1050 1063/1091/1077 1062/1088/1074 1031/1061/1047
f 1019/1065/1051 1050/1092/1078 1049/1089/1075 1018/1062/1048
f 1046/1066/1052 1077/1093/1079 1076/1090/1076 1045/1063/1049
f 1033/1067/1053 1064/1094/1080 1063/1091/1077 1032/1064/1050
f 1020/1068/1054 1051/1095/1081 1050/1092/1078 1019/1065/1051
f 1047/1069/1055 1078/1096/1082 1077/1093/1079 1046/1066/1052
f 1034/1070/1056 1065/1097/1083 1064/1094/1080 1033/1067/1053
f 1021/1041/1027 1052/1098/1084 1051/1095/1081 1020/1068/1054
f 1203/352/44 1078/1096/1082 1047/1069/1055
f 1035/1043/1029 1066/1099/1085 1065/1097/1083 1034/1070/1056
f 1022/1040/1026 1053/1100/1086 1052/1098/1084 1021/1041/1027
f 1036/1042/1028 1067/1101/1087 1066/1099/1085 1035/1043/1029
f 1023/1044/1030 1054/1072/1058 1053/1100/1086 1022/1040/1026
f 1037/1045/1031 1068/1074/1060 1067/1101/1087 1036/1042/1028
f 1057/1077/1063 1088/1102/1088 1087/1103/1089 1056/1075/1061
f 1071/1078/1064 1102/1104/1090 1101/1105/1091 1070/1076/1062
f 1058/1079/1065 1089/1106/1092 1088/1102/1088 1057/1077/1063
f 1072/1080/1066 1103/1107/1093 1102/1104/1090 1071/1078/1064
f 1059/1081/1067 1090/1108/1094 1089/1106/1092 1058/1079/1065
f 1073/1082/1068 1104/1109/1095 1103/1107/1093 1072/1080/1066
f 1060/1083/1069 1091/1110/1096 1090/1108/1094 1059/1081/1067
f 1074/1084/1070 1105/1111/1097 1104/1109/1095 1073/1082/1068
f 1061/1085/1071 1092/1112/1098 1091/1110/1096 1060/1083/1069
f 1048/1086/1072 1079/1113/1099 1421/19/19
f 1075/1087/1073 1106/1114/1100 1105/1111/1097 1074/1084/1070
f 1062/1088/1074 1093/1115/1101 1092/1112/1098 1061/1085/1071
f 1049/1089/1075 1080/1116/1102 1079/1113/1099 1048/1086/1072
f 1076/1090/1076 1107/1117/1103 1106/1114/1100 1075/1087/1073
f 1063/1091/1077 1094/1118/1104 1093/1115/1101 1062/1088/1074
f 1050/1092/1078 1081/1119/1105 1080/1116/1102 1049/1089/1075
f 1077/1093/1079 1108/1120/1106 1107/1117/1103 1076/1090/1076
f 1064/1094/1080 1095/1121/1107 1094/1118/1104 1063/1091/1077
f 1051/1095/1081 1082/1122/1108 1081/1119/1105 1050/1092/1078
f 1078/1096/1082 1109/1123/1109 1108/1120/1106 1077/1093/1079
f 1065/1097/1083 1096/1124/1110 1095/1121/1107 1064/1094/1080
f 1052/1098/1084 1083/1125/1111 1082/1122/1108 1051/1095/1081
f 1203/352/44 1109/1123/1109 1078/1096/1082
f 1066/1099/1085 1097/1126/1112 1096/1124/1110 1065/1097/1083
f 1053/1100/1086 1084/1127/1113 1083/1125/1111 1052/1098/1084
f 1067/1101/1087 1098/1128/1114 1097/1126/1112 1066/1099/1085
f 1054/1072/1058 1085/1129/1115 1084/1127/1113 1053/1100/1086
f 1068/1074/1060 1099/1130/1116 1098/1128/1114 1067/1101/1087
f 1055/1071/1057 1086/1131/1117 1085/1129/1115 1054/1072/1058
f 1069/1073/1059 1100/1132/1118 1099/1130/1116 1068/1074/1060
f 1056/1075/1061 1087/1103/1089 1086/1131/1117 1055/1071/1057
f 1070/1076/1062 1101/1105/1091 1100/1132/1118 1069/1073/1059
f 1090/1108/1094 1121/1133/1119 1120/1134/1120 1089/1106/1092
f 1104/1109/1095 1135/1135/1121 1134/1136/1122 1103/1107/1093
f 1091/1110/1096 1122/1137/1123 1121/1133/1119 1090/1108/1094
f 1105/1111/1097 1136/1138/1124 1135/1135/1121 1104/1109/1095
f 1092/1112/1098 1123/1139/1125 1122/1137/1123 1091/1110/1096
f 1079/1113/1099 1110/1140/1126 1421/19/19
f 1106/1114/1100 1137/1141/1127 1136/1138/1124 1105/1111/1097
f 1093/1115/1101 1124/1142/1128 1123/1139/1125 1092/1112/1098
f 1080/1116/1102 1111/1143/1129 1110/1140/1126 1079/1113/1099
f 1107/1117/1103 1138/1144/1130 1137/1141/1127 1106/1114/1100
f 1094/1118/1104 1125/1145/1131 1124/1142/1128 1093/1115/1101
f 1081/1119/1105 1112/1146/1132 1111/1143/1129 1080/1116/1102
f 1108/1120/1106 1139/1147/1133 1138/1144/1130 1107/1117/1103
f 1095/1121/1107 1126/1148/1134 1125/1145/1131 1094/1118/1104
f 1082/1122/1108 1113/1149/1135 1112/1146/1132 1081/1119/1105
f 1109/1123/1109 1140/1150/1136 1139/1147/1133 1108/1120/1106
f 1096/1124/1110 1127/1151/1137 1126/1148/1134 1095/1121/1107
f 1083/1125/1111 1114/1152/1138 1113/1149/1135 1082/1122/1108
f 1203/352/44 1140/1150/1136 1109/1123/1109
f 1097/1126/1112 1128/1153/1139 1127/1151/1137 1096/1124/1110
f 1084/1127/1113 1115/1154/1140 1114/1152/1138 1083/1125/1111
f 1098/1128/1114 1129/1155/1141 1128/1153/1139 1097/1126/1112
f 1085/1129/1115 1116/1156/1142 1115/1154/1140 1084/1127/1113
f 1099/1130/1116 1130/1157/1143 1129/1155/1141 1098/1128/1114
f 1086/1131/1117 1117/1158/1144 1116/1156/1142 1085/1129/1115
f 1100/1132/1118 1131/1159/1145 1130/1157/1143 1099/1130/1116
f 1087/1103/1089 1118/1160/1146 1117/1158/1144 1086/1131/1117
f 1101/1105/1091 1132/1161/1147 1131/1159/1145 1100/1132/1118
f 1088/1102/1088 1119/1162/1148 1118/1160/1146 1087/1103/1089
f 1102/1104/1090 1133/1163/1149 1132/1161/1147 1101/1105/1091
f 1089/1106/1092 1120/1134/1120 1119/1162/1148 1088/1102/1088
f 1103/1107/1093 1134/1136/1122 1133/1163/1149 1102/1104/1090
f 1123/1139/1125 1154/1164/1150 1153/1165/1151 1122/1137/1123
f 1110/1140/1126 1141/1166/1152 1421/19/19
f 1137/1141/1127 1168/1167/1153 1167/1168/1154 1136/1138/1124
f 1124/1142/1128 1155/1169/1155 1154/1164/1150 1123/1139/1125
f 1111/1143/1129 1142/1170/1156 1141/1166/1152 1110/1140/1126
f 1138/1144/1130 1169/1171/1157 1168/1167/1153 1137/1141/1127
f 1125/1145/1131 1156/1172/1158 1155/1169/1155 1124/1142/1128
f 1112/1146/1132 1143/1173/1159 1142/1170/1156 1111/1143/1129
f 1139/1147/1133 1170/1174/1160 1169/1171/1157 1138/1144/1130
f 1126/1148/1134 1157/1175/1161 1156/1172/1158 1125/1145/1131
f 1113/1149/1135 1144/1176/1162 1143/1173/1159 1112/1146/1132
f 1140/1150/1136 1171/1177/1163 1170/1174/1160 1139/1147/1133
f 1127/1151/1137 1158/1178/1164 1157/1175/1161 1126/1148/1134
f 1114/1152/1138 1145/1179/1165 1144/1176/1162 1113/1149/1135
f 1203/352/44 1171/1177/1163 1140/1150/1136
f 1128/1153/1139 1159/1180/1166 1158/1178/1164 1127/1151/1137
f 1115/1154/1140 1146/1181/1167 1145/1179/1165 1114/1152/1138
f 1129/1155/1141 1160/1182/1168 1159/1180/1166 1128/1153/1139
f 1116/1156/1142 1147/1183/1169 1146/1181/1167 1115/1154/1140
f 1130/1157/1143 1161/1184/1170 1160/1182/1168 1129/1155/1141
f 1117/1158/1144 1148/1185/1171 1147/1183/1169 1116/1156/1142
f 1131/1159/1145 1162/1186/1172 1161/1184/1170 1130/1157/1143
f 1118/1160/1146 1149/1187/1173 1148/1185/1171 1117/1158/1144
f 1132/1161/1147 1163/1188/1174 1162/1186/1172 1131/1159/1145
f 1119/1162/1148 1150/1189/1175 1149/1187/1173 1118/1160/1146
f 1133/1163/1149 1164/1190/1176 1163/1188/1174 1132/1161/1147
f 1120/1134/1120 1151/1191/1177 1150/1189/1175 1119/1162/1148
f 1134/1136/1122 1165/1192/1178 1164/1190/1176 1133/1163/1149
f 1121/1133/1119 1152/1193/1179 1151/1191/1177 1120/1134/1120
f 1135/1135/1121 1166/1194/1180 1165/1192/1178 1134/1136/1122
f 1122/1137/1123 1153/1165/1151 1152/1193/1179 1121/1133/1119
f 1136/1138/1124 1167/1168/1154 1166/1194/1180 1135/1135/1121
f 1156/1172/1158 1187/1195/1181 1186/1196/1182 1155/1169/1155
f 1143/1173/1159 1174/1197/1183 1173/1198/1184 1142/1170/1156
f 1170/1174/1160 1201/1199/1185 1200/1200/1186 1169/1171/1157
f 1157/1175/1161 1188/1201/1187 1187/1195/1181 1156/1172/1158
f 1144/1176/1162 1175/1202/1188 1174/1197/1183 1143/1173/1159
f 1171/1177/1163 1202/1203/1189 1201/1199/1185 1170/1174/1160
f 1158/1178/1164 1189/1204/1190 1188/1201/1187 1157/1175/1161
f 1145/1179/1165 1176/1205/1191 1175/1202/1188 1144/1176/1162
f 1203/352/44 1202/1203/1189 1171/1177/1163
f 1159/1180/1166 1190/1206/1192 1189/1204/1190 1158/1178/1164
f 1146/1181/1167 1177/1207/1193 1176/1205/1191 1145/1179/1165
f 1160/1182/1168 1191/1208/1194 1190/1206/1192 1159/1180/1166
f 1147/1183/1169 1178/1209/1195 1177/1207/1193 1146/1181/1167
f 1161/1184/1170 1192/1210/1196 1191/1208/1194 1160/1182/1168
f 1148/1185/1171 1179/1211/1197 1178/1209/1195 1147/1183/1169
f 1162/1186/1172 1193/1212/1198 1192/1210/1196 1161/1184/1170
f 1149/1187/1173 1180/1213/1199 1179/1211/1197 1148/1185/1171
f 1163/1188/1174 1194/1214/1200 1193/1212/1198 1162/1186/1172
f 1150/1189/1175 1181/1215/1201 1180/1213/1199 1149/1187/1173
f 1164/1190/1176 1195/1216/1202 1194/1214/1200 1163/1188/1174
f 1151/1191/1177 1182/1217/1203 1181/1215/1201 1150/1189/1175
f 1165/1192/1178 1196/1218/1204 1195/1216/1202 1164/1190/1176
f 1152/1193/1179 1183/1219/1205 1182/1217/1203 1151/1191/1177
f 1166/1194/1180 1197/1220/1206 1196/1218/1204 1165/1192/1178
f 1153/1165/1151 1184/1221/1207 1183/1219/1205 1152/1193/1179
f 1167/1168/1154 1198/1222/1208 1197/1220/1206 1166/1194/1180
f 1154/1164/1150 1185/1223/1209 1184/1221/1207 1153/1165/1151
f 1141/1166/1152 1172/1224/1210 1421/19/19
f 1168/1167/1153 1199/1225/1211 1198/1222/1208 1167/1168/1154
f 1155/1169/1155 1186/1196/1182 1185/1223/1209 1154/1164/1150
f 1142/1170/1156 1173/1198/1184 1172/1224/1210 1141/1166/1152
f 1169/1171/1157 1200/1200/1186 1199/1225/1211 1168/1167/1153
f 1189/1204/1190 1221/1226/1212 1220/1227/1213 1188/1201/1187
f 1176/1205/1191 1208/1228/1214 1207/1229/1215 1175/1202/1188
f 1203/352/44 1234/1230/1216 1202/1203/1189
f 1190/1206/1192 1222/1231/1217 1221/1226/1212 1189/1204/1190
f 1177/1207/1193 1209/1232/1218 1208/1228/1214 1176/1205/1191
f 1191/1208/1194 1223/1233/1219 1222/1231/1217 1190/1206/1192
f 1178/1209/1195 1210/1234/1220 1209/1232/1218 1177/1207/1193
f 1192/1210/1196 1224/1235/1221 1223/1233/1219 1191/1208/1194
f 1179/1211/1197 1211/1236/1222 1210/1234/1220 1178/1209/1195
f 1193/1212/1198 1225/1237/1223 1224/1235/1221 1192/1210/1196
f 1180/1213/1199 1212/1238/1224 1211/1236/1222 1179/1211/1197
f 1194/1214/1200 1226/1239/1225 1225/1237/1223 1193/1212/1198
f 1181/1215/1201 1213/1240/1226 1212/1238/1224 1180/1213/1199
f 1195/1216/1202 1227/1241/1227 1226/1239/1225 1194/1214/1200
f 1182/1217/1203 1214/1242/1228 1213/1240/1226 1181/1215/1201
f 1196/1218/1204 1228/1243/1229 1227/1241/1227 1195/1216/1202
f 1183/1219/1205 1215/1244/1230 1214/1242/1228 1182/1217/1203
f 1197/1220/1206 1229/1245/1231 1228/1243/1229 1196/1218/1204
f 1184/1221/1207 1216/1246/1232 1215/1244/1230 1183/1219/1205
f 1198/1222/1208 1230/1247/1233 1229/1245/1231 1197/1220/1206
f 1185/1223/1209 1217/1248/1234 1216/1246/1232 1184/1221/1207
f 1172/1224/1210 1204/1249/1235 1421/19/19
f 1199/1225/1211 1231/1250/1236 1230/1247/1233 1198/1222/1208
f 1186/1196/1182 1218/1251/1237 1217/1248/1234 1185/1223/1209
f 1173/1198/1184 1205/1252/1238 1204/1249/1235 1172/1224/1210
f 1200/1200/1186 1232/1253/1239 1231/1250/1236 1199/1225/1211
f 1187/1195/1181 1219/1254/1240 1218/1251/1237 1186/1196/1182
f 1174/1197/1183 1206/1255/1241 1205/1252/1238 1173/1198/1184
f 1201/1199/1185 1233/1256/1242 1232/1253/1239 1200/1200/1186
f 1188/1201/1187 1220/1227/1213 1219/1254/1240 1187/1195/1181
f 1175/1202/1188 1207/1229/1215 1206/1255/1241 1174/1197/1183
f 1202/1203/1189 1234/1230/1216 1233/1256/1242 1201/1199/1185
f 1223/1257/1219 1254/1258/1243 1253/1259/1244 1222/1260/1217
f 1210/1234/1220 1241/1261/1245 1240/1262/1246 1209/1232/1218
f 1224/1263/1221 1255/1264/1247 1254/1258/1243 1223/1257/1219
f 1211/1236/1222 1242/1265/1248 1241/1261/1245 1210/1234/1220
f 1225/1266/1223 1256/1267/1249 1255/1264/1247 1224/1263/1221
f 1212/1238/1224 1243/1268/1250 1242/1265/1248 1211/1236/1222
f 1226/1269/1225 1257/1270/1251 1256/1267/1249 1225/1266/1223
f 1213/1240/1226 1244/1271/1252 1243/1268/1250 1212/1238/1224
f 1227/1272/1227 1258/1273/1253 1257/1270/1251 1226/1269/1225
f 1214/1242/1228 1245/1274/1254 1244/1271/1252 1213/1240/1226
f 1228/1275/1229 1259/1276/1255 1258/1273/1253 1227/1272/1227
f 1215/1244/1230 1246/1277/1256 1245/1274/1254 1214/1242/1228
f 1229/1278/1231 1260/1279/1257 1259/1276/1255 1228/1275/1229
f 1216/1280/1232 1247/1281/1258 1246/1277/1256 1215/1244/1230
f 1230/1282/1233 1261/1283/1259 1260/1279/1257 1229/1278/1231
f 1217/1284/1234 1248/1285/1260 1247/1281/1258 1216/1280/1232
f 1204/1249/1235 1235/1286/1261 1421/19/19
f 1231/1287/1236 1262/1288/1262 1261/1283/1259 1230/1282/1233
f 1218/1289/1237 1249/1290/1263 1248/1285/1260 1217/1284/1234
f 1205/1252/1238 1236/1291/1264 1235/1286/1261 1204/1249/1235
f 1232/1292/1239 1263/1293/1265 1262/1288/1262 1231/1287/1236
f 1219/1294/1240 1250/1295/1266 1249/1290/1263 1218/1289/1237
f 1206/1255/1241 1237/1296/1267 1236/1291/1264 1205/1252/1238
f 1233/1297/1242 1264/1298/1268 1263/1293/1265 1232/1292/1239
f 1220/1299/1213 1251/1300/1269 1250/1295/1266 1219/1294/1240
f 1207/1229/1215 1238/1301/1270 1237/1296/1267 1206/1255/1241
f 1234/1302/1216 1265/1303/1271 1264/1298/1268 1233/1297/1242
f 1221/1304/1212 1252/1305/1272 1251/1300/1269 1220/1299/1213
f 1208/1228/1214 1239/1306/1273 1238/1301/1270 1207/1229/1215
f 1203/44/44 1265/1303/1271 1234/1302/1216
f 1222/1260/1217 1253/1259/1244 1252/1305/1272 1221/1304/1212
f 1209/1232/1218 1240/1262/1246 1239/1306/1273 1208/1228/1214
f 1256/1267/1249 1287/1307/1274 1286/1308/1275 1255/1264/1247
f 1243/1268/1250 1274/1309/1276 1273/1310/1277 1242/1265/1248
f 1257/1270/1251 1288/1311/1278 1287/1307/1274 1256/1267/1249
f 1244/1271/1252 1275/1312/1279 1274/1309/1276 1243/1268/1250
f 1258/1273/1253 1289/1313/1280 1288/1311/1278 1257/1270/1251
f 1245/1274/1254 1276/1314/1281 1275/1312/1279 1244/1271/1252
f 1259/1276/1255 1290/1315/1282 1289/1313/1280 1258/1273/1253
f 1246/1277/1256 1277/1316/1283 1276/1314/1281 1245/1274/1254
f 1260/1279/1257 1291/1317/1284 1290/1315/1282 1259/1276/1255
f 1247/1281/1258 1278/1318/1285 1277/1316/1283 1246/1277/1256
f 1261/1283/1259 1292/1319/1286 1291/1317/1284 1260/1279/1257
f 1248/1285/1260 1279/1320/1287 1278/1318/1285 1247/1281/1258
f 1235/1286/1261 1266/1321/1288 1421/19/19
f 1262/1288/1262 1293/1322/1289 1292/1319/1286 1261/1283/1259
f 1249/1290/1263 1280/1323/1290 1279/1320/1287 1248/1285/1260
f 1236/1291/1264 1267/1324/1291 1266/1321/1288 1235/1286/1261
f 1263/1293/1265 1294/1325/1292 1293/1322/1289 1262/1288/1262
f 1250/1295/1266 1281/1326/1293 1280/1323/1290 1249/1290/1263
f 1237/1296/1267 1268/1327/1294 1267/1324/1291 1236/1291/1264
f 1264/1298/1268 1295/1328/1295 1294/1325/1292 1263/1293/1265
f 1251/1300/1269 1282/1329/1296 1281/1326/1293 1250/1295/1266
f 1238/1301/1270 1269/1330/1297 1268/1327/1294 1237/1296/1267
f 1265/1303/1271 1296/1331/1298 1295/1328/1295 1264/1298/1268
f 1252/1305/1272 1283/1332/1299 1282/1329/1296 1251/1300/1269
f 1239/1306/1273 1270/1333/1300 1269/1330/1297 1238/1301/1270
f 1203/44/44 1296/1331/1298 1265/1303/1271
f 1253/1259/1244 1284/1334/1301 1283/1332/1299 1252/1305/1272
f 1240/1262/1246 1271/1335/1302 1270/1333/1300 1239/1306/1273
f 1254/1258/1243 1285/1336/1303 1284/1334/1301 1253/1259/1244
f 1241/1261/1245 1272/1337/1304 1271/1335/1302 1240/1262/1246
f 1255/1264/1247 1286/1308/1275 1285/1336/1303 1254/1258/1243
f 1242/1265/1248 1273/1310/1277 1272/1337/1304 1241/1261/1245
f 1289/1313/1280 1320/1338/1305 1319/1339/1306 1288/1311/1278
f 1276/1314/1281 1307/1340/1307 1306/1341/1308 1275/1312/1279
f 1290/1315/1282 1321/1342/1309 1320/1338/1305 1289/1313/1280
f 1277/1316/1283 1308/1343/1310 1307/1340/1307 1276/1314/1281
f 1291/1317/1284 1322/1344/1311 1321/1342/1309 1290/1315/1282
f 1278/1318/1285 1309/1345/1312 1308/1343/1310 1277/1316/1283
f 1292/1319/1286 1323/1346/1313 1322/1344/1311 1291/1317/1284
f 1279/1320/1287 1310/1347/1314 1309/1345/1312 1278/1318/1285
f 1266/1321/1288 1297/1348/1315 1421/19/19
f 1293/1322/1289 1324/1349/1316 1323/1346/1313 1292/1319/1286
f 1280/1323/1290 1311/1350/1317 1310/1347/1314 1279/1320/1287
f 1267/1324/1291 1298/1351/1318 1297/1348/1315 1266/1321/1288
f 1294/1325/1292 1325/1352/1319 1324/1349/1316 1293/1322/1289
f 1281/1326/1293 1312/1353/1320 1311/1350/1317 1280/1323/1290
f 1268/1327/1294 1299/1354/1321 1298/1351/1318 1267/1324/1291
f 1295/1328/1295 1326/1355/1322 1325/1352/1319 1294/1325/1292
f 1282/1329/1296 1313/1356/1323 1312/1353/1320 1281/1326/1293
f 1269/1330/1297 1300/1357/1324 1299/1354/1321 1268/1327/1294
f 1296/1331/1298 1327/1358/1325 1326/1355/1322 1295/1328/1295
f 1283/1332/1299 1314/1359/1326 1313/1356/1323 1282/1329/1296
f 1270/1333/1300 1301/1360/1327 1300/1357/1324 1269/1330/1297
f 1203/44/44 1327/1358/1325 1296/1331/1298
f 1284/1334/1301 1315/1361/1328 1314/1359/1326 1283/1332/1299
f 1271/1335/1302 1302/1362/1329 1301/1360/1327 1270/1333/1300
f 1285/1336/1303 1316/1363/1330 1315/1361/1328 1284/1334/1301
f 1272/1337/1304 1303/1364/1331 1302/1362/1329 1271/1335/1302
f 1286/1308/1275 1317/1365/1332 1316/1363/1330 1285/1336/1303
f 1273/1310/1277 1304/1366/1333 1303/1364/1331 1272/1337/1304
f 1287/1307/1274 1318/1367/1334 1317/1365/1332 1286/1308/1275
f 1274/1309/1276 1305/1368/1335 1304/1366/1333 1273/1310/1277
f 1288/1311/1278 1319/1339/1306 1318/1367/1334 1287/1307/1274
f 1275/1312/1279 1306/1341/1308 1305/1368/1335 1274/1309/1276
f 1322/1344/1311 1353/1369/1336 1352/1370/1337 1321/1342/1309
f 1309/1345/1312 1340/1371/1338 1339/1372/1339 1308/1343/1310
f 1323/1346/1313 1354/1373/1340 1353/1369/1336 1322/1344/1311
f 1310/1347/1314 1341/1374/1341 1340/1371/1338 1309/1345/1312
f 1297/1348/1315 1328/1375/1342 1421/19/19
f 1324/1349/1316 1355/1376/1343 1354/1373/1340 1323/1346/1313
f 1311/1350/1317 1342/1377/1344 1341/1374/1341 1310/1347/1314
f 1298/1351/1318 1329/1378/1345 1328/1375/1342 1297/1348/1315
f 1325/1352/1319 1356/1379/1346 1355/1376/1343 1324/1349/1316
f 1312/1353/1320 1343/1380/1347 1342/1377/1344 1311/1350/1317
f 1299/1354/1321 1330/1381/1348 1329/1378/1345 1298/1351/1318
f 1326/1355/1322 1357/1382/1349 1356/1379/1346 1325/1352/1319
f 1313/1356/1323 1344/1383/1350 1343/1380/1347 1312/1353/1320
f 1300/1357/1324 1331/1384/1351 1330/1381/1348 1299/1354/1321
f 1327/1358/1325 1358/1385/1352 1357/1382/1349 1326/1355/1322
f 1314/1359/1326 1345/1386/1353 1344/1383/1350 1313/1356/1323
f 1301/1360/1327 1332/1387/1354 1331/1384/1351 1300/1357/1324
f 1203/44/44 1358/1385/1352 1327/1358/1325
f 1315/1361/1328 1346/1388/1355 1345/1386/1353 1314/1359/1326
f 1302/1362/1329 1333/1389/1356 1332/1387/1354 1301/1360/1327
f 1316/1363/1330 1347/1390/1357 1346/1388/1355 1315/1361/1328
f 1303/1364/1331 1334/1391/1358 1333/1389/1356 1302/1362/1329
f 1317/1365/1332 1348/1392/1359 1347/1390/1357 1316/1363/1330
f 1304/1366/1333 1335/1393/1360 1334/1391/1358 1303/1364/1331
f 1318/1367/1334 1349/1394/1361 1348/1392/1359 1317/1365/1332
f 1305/1368/1335 1336/1395/1362 1335/1393/1360 1304/1366/1333
f 1319/1339/1306 1350/1396/1363 1349/1394/1361 1318/1367/1334
f 1306/1341/1308 1337/1397/1364 1336/1395/1362 1305/1368/1335
f 1320/1338/1305 1351/1398/1365 1350/1396/1363 1319/1339/1306
f 1307/1340/1307 1338/1399/1366 1337/1397/1364 1306/1341/1308
f 1321/1342/1309 1352/1370/1337 1351/1398/1365 1320/1338/1305
f 1308/1343/1310 1339/1372/1339 1338/1399/1366 1307/1340/1307
f 1328/1375/1342 1359/1400/1367 1421/19/19
f 1355/1376/1343 1386/1401/1368 1385/1402/1369 1354/1373/1340
f 1342/1377/1344 1373/1403/1370 1372/1404/1371 1341/1374/1341
f 1329/1378/1345 1360/1405/1372 1359/1400/1367 1328/1375/1342
f 1356/1379/1346 1387/1406/1373 1386/1401/1368 1355/1376/1343
f 1343/1380/1347 1374/1407/1374 1373/1403/1370 1342/1377/1344
f 1330/1381/1348 1361/1408/1375 1360/1405/1372 1329/1378/1345
f 1357/1382/1349 1388/1409/1376 1387/1406/1373 1356/1379/1346
f 1344/1383/1350 1375/1410/1377 1374/1407/1374 1343/1380/1347
f 1331/1384/1351 1362/1411/1378 1361/1408/1375 1330/1381/1348
f 1358/1385/1352 1389/1412/1379 1388/1409/1376 1357/1382/1349
f 1345/1386/1353 1376/1413/1380 1375/1410/1377 1344/1383/1350
f 1332/1387/1354 1363/1414/1381 1362/1411/1378 1331/1384/1351
f 1203/44/44 1389/1412/1379 1358/1385/1352
f 1346/1388/1355 1377/1415/1382 1376/1413/1380 1345/1386/1353
f 1333/1389/1356 1364/1416/1383 1363/1414/1381 1332/1387/1354
f 1347/1390/1357 1378/1417/1384 1377/1415/1382 1346/1388/1355
f 1334/1391/1358 1365/1418/1385 1364/1416/1383 1333/1389/1356
f 1348/1392/1359 1379/1419/1386 1378/1417/1384 1347/1390/1357
f 1335/1393/1360 1366/1420/1387 1365/1418/1385 1334/1391/1358
f 1349/1394/1361 1380/1421/1388 1379/1419/1386 1348/1392/1359
f 1336/1395/1362 1367/1422/1389 1366/1420/1387 1335/1393/1360
f 1350/1396/1363 1381/1423/1390 1380/1421/1388 1349/1394/1361
f 1337/1397/1364 1368/1424/1391 1367/1422/1389 1336/1395/1362
f 1351/1398/1365 1382/1425/1392 1381/1423/1390 1350/1396/1363
f 1338/1399/1366 1369/1426/1393 1368/1424/1391 1337/1397/1364
f 1352/1370/1337 1383/1427/1394 1382/1425/1392 1351/1398/1365
f 1339/1372/1339 1370/1428/1395 1369/1426/1393 1338/1399/1366
f 1353/1369/1336 1384/1429/1396 1383/1427/1394 1352/1370/1337
f 1340/1371/1338 1371/1430/1397 1370/1428/1395 1339/1372/1339
f 1354/1373/1340 1385/1402/1369 1384/1429/1396 1353/1369/1336
f 1341/1374/1341 1372/1404/1371 1371/1430/1397 1340/1371/1338
f 1361/1408/1375 1392/1431/1398 1391/1432/1399 1360/1405/1372
f 1388/1409/1376 1419/1433/1400 1418/1434/1401 1387/1406/1373
f 1375/1410/1377 1406/1435/1402 1405/1436/1403 1374/1407/1374
f 1362/1411/1378 1393/1437/1404 1392/1431/1398 1361/1408/1375
f 1389/1412/1379 1420/1438/1405 1419/1433/1400 1388/1409/1376
f 1376/1413/1380 1407/1439/1406 1406/1435/1402 1375/1410/1377
f 1363/1414/1381 1394/1440/1407 1393/1437/1404 1362/1411/1378
f 1203/44/44 1420/1438/1405 1389/1412/1379
f 1377/1415/1382 1408/1441/1408 1407/1439/1406 1376/1413/1380
f 1364/1416/1383 1395/1442/1409 1394/1440/1407 1363/1414/1381
f 1378/1417/1384 1409/1443/1410 1408/1441/1408 1377/1415/1382
f 1365/1418/1385 1396/1444/1411 1395/1442/1409 1364/1416/1383
f 1379/1419/1386 1410/1445/1412 1409/1443/1410 1378/1417/1384
f 1366/1420/1387 1397/1446/1413 1396/1444/1411 1365/1418/1385
f 1380/1421/1388 1411/1447/1414 1410/1445/1412 1379/1419/1386
f 1367/1422/1389 1398/1448/1415 1397/1446/1413 1366/1420/1387
f 1381/1423/1390 1412/1449/1416 1411/1447/1414 1380/1421/1388
f 1368/1424/1391 1399/1450/1417 1398/1448/1415 1367/1422/1389
f 1382/1425/1392 1413/1451/1418 1412/1449/1416 1381/1423/1390
f 1369/1426/1393 1400/1452/1419 1399/1450/1417 1368/1424/1391
f 1383/1427/1394 1414/1453/1420 1413/1451/1418 1382/1425/1392
f 1370/1428/1395 1401/1454/1421 1400/1452/1419 1369/1426/1393
f 1384/1429/1396 1415/1455/1422 1414/1453/1420 1383/1427/1394
f 1371/1430/1397 1402/1456/1423 1401/1454/1421 1370/1428/1395
f 1385/1402/1369 1416/1457/1424 1415/1455/1422 1384/1429/1396
f 1372/1404/1371 1403/1458/1425 1402/1456/1423 1371/1430/1397
f 1359/1400/1367 1390/1459/1426 1421/19/19
f 1386/1401/1368 1417/1460/1427 1416/1457/1424 1385/1402/1369
f 1373/1403/1370 1404/1461/1428 1403/1458/1425 1372/1404/1371
f 1360/1405/1372 1391/1432/1399 1390/1459/1426 1359/1400/1367
f 1387/1406/1373 1418/1434/1401 1417/1460/1427 1386/1401/1368
f 1374/1407/1374 1405/1436/1403 1404/1461/1428 1373/1403/1370
f 1394/1440/1407 1426/1462/1429 1425/1463/1430 1393/1437/1404
f 1203/44/44 1452/1464/1431 1420/1438/1405
f 1408/1441/1408 1440/1465/1432 1439/1466/1433 1407/1439/1406
f 1395/1442/1409 1427/1467/1434 1426/1462/1429 1394/1440/1407
f 1409/1443/1410 1441/1468/1435 1440/1465/1432 1408/1441/1408
f 1396/1444/1411 1428/1469/1436 1427/1467/1434 1395/1442/1409
f 1410/1445/1412 1442/1470/1437 1441/1468/1435 1409/1443/1410
f 1397/1446/1413 1429/1471/1438 1428/1469/1436 1396/1444/1411
f 1411/1447/1414 1443/1472/1439 1442/1470/1437 1410/1445/1412
f 1398/1448/1415 1430/1473/1440 1429/1471/1438 1397/1446/1413
f 1412/1449/1416 1444/1474/1441 1443/1472/1439 1411/1447/1414
f 1399/1450/1417 1431/1475/1442 1430/1473/1440 1398/1448/1415
f 1413/1451/1418 1445/1476/1443 1444/1474/1441 1412/1449/1416
f 1400/1452/1419 1432/1477/1444 1431/1475/1442 1399/1450/1417
f 1414/1453/1420 1446/1478/1445 1445/1476/1443 1413/1451/1418
f 1401/1454/1421 1433/1479/1446 1432/1477/1444 1400/1452/1419
f 1415/1455/1422 1447/1480/1447 1446/1478/1445 1414/1453/1420
f 1402/1456/1423 1434/1481/1448 1433/1479/1446 1401/1454/1421
f 1416/1457/1424 1448/1482/1449 1447/1480/1447 1415/1455/1422
f 1403/1458/1425 1435/1483/1450 1434/1481/1448 1402/1456/1423
f 1390/1459/1426 1422/1484/1451 1421/19/19
f 1417/1460/1427 1449/1485/1452 1448/1482/1449 1416/1457/1424
f 1404/1461/1428 1436/1486/1453 1435/1483/1450 1403/1458/1425
f 1391/1432/1399 1423/1487/1454 1422/1484/1451 1390/1459/1426
f 1418/1434/1401 1450/1488/1455 1449/1485/1452 1417/1460/1427
f 1405/1436/1403 1437/1489/1456 1436/1486/1453 1404/1461/1428
f 1392/1431/1398 1424/1490/1457 1423/1487/1454 1391/1432/1399
f 1419/1433/1400 1451/1491/1458 1450/1488/1455 1418/1434/1401
f 1406/1435/1402 1438/1492/1459 1437/1489/1456 1405/1436/1403
f 1393/1437/1404 1425/1463/1430 1424/1490/1457 1392/1431/1398
f 1420/1438/1405 1452/1464/1431 1451/1491/1458 1419/1433/1400
f 1407/1439/1406 1439/1466/1433 1438/1492/1459 1406/1435/1402
f 1428/1469/1436 1459/1493/1460 1458/1494/1461 1427/1467/1434
f 1442/1470/1437 1473/1495/1462 1472/1496/1463 1441/1468/1435
f 1429/1471/1438 1460/1497/1464 1459/1493/1460 1428/1469/1436
f 1443/1472/1439 1474/1498/1465 1473/1495/1462 1442/1470/1437
f 1430/1473/1440 1461/1499/1466 1460/1497/1464 1429/1471/1438
f 1444/1474/1441 1475/1500/1467 1474/1498/1465 1443/1472/1439
f 1431/1475/1442 1462/1501/1468 1461/1499/1466 1430/1473/1440
f 1445/1476/1443 1476/1502/1469 1475/1500/1467 1444/1474/1441
f 1432/1477/1444 1463/1503/1470 1462/1501/1468 1431/1475/1442
f 1446/1478/1445 1477/1504/1471 1476/1502/1469 1445/1476/1443
f 1433/1479/1446 1464/1505/1472 1463/1503/1470 1432/1477/1444
f 1447/1480/1447 1478/1506/1473 1477/1504/1471 1446/1478/1445
f 1434/1481/1448 1465/1507/1474 1464/1505/1472 1433/1479/1446
f 1448/1482/1449 1479/1508/1475 1478/1506/1473 1447/1480/1447
f 1435/1483/1450 1466/1509/1476 1465/1507/1474 1434/1481/1448
f 1422/1484/1451 1453/1510/1477 1421/19/19
f 1449/1485/1452 1480/1511/1478 1479/1508/1475 1448/1482/1449
f 1436/1486/1453 1467/1512/1479 1466/1509/1476 1435/1483/1450
f 1423/1487/1454 1454/1513/1480 1453/1510/1477 1422/1484/1451
f 1450/1488/1455 1481/1514/1481 1480/1511/1478 1449/1485/1452
f 1437/1489/1456 1468/1515/1482 1467/1512/1479 1436/1486/1453
f 1424/1490/1457 1455/1516/1483 1454/1513/1480 1423/1487/1454
f 1451/1491/1458 1482/1517/1484 1481/1514/1481 1450/1488/1455
f 1438/1492/1459 1469/1518/1485 1468/1515/1482 1437/1489/1456
f 1425/1463/1430 1456/1519/1486 1455/1516/1483 1424/1490/1457
f 1452/1464/1431 1483/1520/1487 1482/1517/1484 1451/1491/1458
f 1439/1466/1433 1470/1521/1488 1469/1518/1485 1438/1492/1459
f 1426/1462/1429 1457/1522/1489 1456/1519/1486 1425/1463/1430
f 1203/44/44 1483/1520/1487 1452/1464/1431
f 1440/1465/1432 1471/1523/1490 1470/1521/1488 1439/1466/1433
f 1427/1467/1434 1458/1494/1461 1457/1522/1489 1426/1462/1429
f 1441/1468/1435 1472/1496/1463 1471/1523/1490 1440/1465/1432
f 1461/1499/1466 1492/1524/1491 1491/1525/1492 1460/1497/1464
f 1475/1500/1467 1506/1526/1493 1505/1527/1494 1474/1498/1465
f 1462/1501/1468 1493/1528/1495 1492/1524/1491 1461/1499/1466
f 1476/1502/1469 1507/1529/1496 1506/1526/1493 1475/1500/1467
f 1463/1503/1470 1494/1530/1497 1493/1528/1495 1462/1501/1468
f 1477/1504/1471 1508/1531/1498 1507/1529/1496 1476/1502/1469
f 1464/1505/1472 1495/1532/1499 1494/1530/1497 1463/1503/1470
f 1478/1506/1473 1509/1533/1500 1508/1531/1498 1477/1504/1471
f 1465/1507/1474 1496/1534/1501 1495/1532/1499 1464/1505/1472
f 1479/1508/1475 1510/1535/1502 1509/1533/1500 1478/1506/1473
f 1466/1509/1476 1497/1536/1503 1496/1534/1501 1465/1507/1474
f 1453/1510/1477 1484/1537/1504 1421/19/19
f 1480/1511/1478 1511/1538/1505 1510/1535/1502 1479/1508/1475
f 1467/1512/1479 1498/1539/1506 1497/1536/1503 1466/1509/1476
f 1454/1513/1480 1485/1540/1507 1484/1537/1504 1453/1510/1477
f 1481/1514/1481 1512/1541/1508 1511/1538/1505 1480/1511/1478
f 1468/1515/1482 1499/1542/1509 1498/1539/1506 1467/1512/1479
f 1455/1516/1483 1486/1543/1510 1485/1540/1507 1454/1513/1480
f 1482/1517/1484 1513/1544/1511 1512/1541/1508 1481/1514/1481
f 1469/1518/1485 1500/1545/1512 1499/1542/1509 1468/1515/1482
f 1456/1519/1486 1487/1546/1513 1486/1543/1510 1455/1516/1483
f 1483/1520/1487 1514/1547/1514 1513/1544/1511 1482/1517/1484
f 1470/1521/1488 1501/1548/1515 1500/1545/1512 1469/1518/1485
f 1457/1522/1489 1488/1549/1516 1487/1546/1513 1456/1519/1486
f 1203/44/44 1514/1547/1514 1483/1520/1487
f 1471/1523/1490 1502/1550/1517 1501/1548/1515 1470/1521/1488
f 1458/1494/1461 1489/1551/1518 1488/1549/1516 1457/1522/1489
f 1472/1496/1463 1503/1552/1519 1502/1550/1517 1471/1523/1490
f 1459/1493/1460 1490/1553/1520 1489/1551/1518 1458/1494/1461
f 1473/1495/1462 1504/1554/1521 1503/1552/1519 1472/1496/1463
f 1460/1497/1464 1491/1525/1492 1490/1553/1520 1459/1493/1460
f 1474/1498/1465 1505/1527/1494 1504/1554/1521 1473/1495/1462
f 1494/1530/1497 1525/1555/1522 1524/1556/1523 1493/1528/1495
f 1508/1531/1498 1539/1557/1524 1538/1558/1525 1507/1529/1496
f 1495/1532/1499 1526/1559/1526 1525/1555/1522 1494/1530/1497
f 1509/1533/1500 1540/1560/1527 1539/1557/1524 1508/1531/1498
f 1496/1534/1501 1527/1561/1528 1526/1559/1526 1495/1532/1499
f 1510/1535/1502 1541/1562/1529 1540/1560/1527 1509/1533/1500
f 1497/1536/1503 1528/1563/1530 1527/1561/1528 1496/1534/1501
f 1484/1537/1504 1515/1564/1531 1421/19/19
f 1511/1538/1505 1542/1565/1532 1541/1562/1529 1510/1535/1502
f 1498/1539/1506 1529/1566/1533 1528/1563/1530 1497/1536/1503
f 1485/1540/1507 1516/1567/1534 1515/1564/1531 1484/1537/1504
f 1512/1541/1508 1543/1568/1535 1542/1565/1532 1511/1538/1505
f 1499/1542/1509 1530/1569/1536 1529/1566/1533 1498/1539/1506
f 1486/1543/1510 1517/1570/1537 1516/1567/1534 1485/1540/1507
f 1513/1544/1511 1544/1571/1538 1543/1568/1535 1512/1541/1508
f 1500/1545/1512 1531/1572/1539 1530/1569/1536 1499/1542/1509
f 1487/1546/1513 1518/1573/1540 1517/1570/1537 1486/1543/1510
f 1514/1547/1514 1545/1574/1541 1544/1571/1538 1513/1544/1511
f 1501/1548/1515 1532/1575/1542 1531/1572/1539 1500/1545/1512
f 1488/1549/1516 1519/1576/1543 1518/1573/1540 1487/1546/1513
f 1203/44/44 1545/1574/1541 1514/1547/1514
f 1502/1550/1517 1533/1577/1544 1532/1575/1542 1501/1548/1515
f 1489/1551/1518 1520/1578/1545 1519/1576/1543 1488/1549/1516
f 1503/1552/1519 1534/1579/1546 1533/1577/1544 1502/1550/1517
f 1490/1553/1520 1521/1580/1547 1520/1578/1545 1489/1551/1518
f 1504/1554/1521 1535/1581/1548 1534/1579/1546 1503/1552/1519
f 1491/1525/1492 1522/1582/1549 1521/1580/1547 1490/1553/1520
f 1505/1527/1494 1536/1583/1550 1535/1581/1548 1504/1554/1521
f 1492/1524/1491 1523/1584/1551 1522/1582/1549 1491/1525/1492
f 1506/1526/1493 1537/1585/1552 1536/1583/1550 1505/1527/1494
f 1493/1528/1495 1524/1556/1523 1523/1584/1551 1492/1524/1491
f 1507/1529/1496 1538/1558/1525 1537/1585/1552 1506/1526/1493
f 1527/1561/1528 1558/1586/1553 1557/1587/1554 1526/1559/1526
f 1541/1562/1529 1572/1588/1555 1571/1589/1556 1540/1560/1527
f 1528/1563/1530 1559/1590/1557 1558/1586/1553 1527/1561/1528
f 1515/1564/1531 1546/1591/1558 1421/19/19
f 1542/1565/1532 1573/1592/1559 1572/1588/1555 1541/1562/1529
f 1529/1566/1533 1560/1593/1560 1559/1590/1557 1528/1563/1530
f 1516/1567/1534 1547/1594/1561 1546/1591/1558 1515/1564/1531
f 1543/1568/1535 1574/1595/1562 1573/1592/1559 1542/1565/1532
f 1530/1569/1536 1561/1596/1563 1560/1593/1560 1529/1566/1533
f 1517/1570/1537 1548/1597/1564 1547/1594/1561 1516/1567/1534
f 1544/1571/1538 1575/1598/1565 1574/1595/1562 1543/1568/1535
f 1531/1572/1539 1562/1599/1566 1561/1596/1563 1530/1569/1536
f 1518/1573/1540 1549/1600/1567 1548/1597/1564 1517/1570/1537
f 1545/1574/1541 1576/1601/1568 1575/1598/1565 1544/1571/1538
f 1532/1575/1542 1563/1602/1569 1562/1599/1566 1531/1572/1539
f 1519/1576/1543 1550/1603/1570 1549/1600/1567 1518/1573/1540
f 1203/44/44 1576/1601/1568 1545/1574/1541
f 1533/1577/1544 1564/1604/1571 1563/1602/1569 1532/1575/1542
f 1520/1578/1545 1551/1605/1572 1550/1603/1570 1519/1576/1543
f 1534/1579/1546 1565/1606/1573 1564/1604/1571 1533/1577/1544
f 1521/1580/1547 1552/1607/1574 1551/1605/1572 1520/1578/1545
f 1535/1581/1548 1566/1608/1575 1565/1606/1573 1534/1579/1546
f 1522/1582/1549 1553/1609/1576 1552/1607/1574 1521/1580/1547
f 1536/1583/1550 1567/1610/1577 1566/1608/1575 1535/1581/1548
f 1523/1584/1551 1554/1611/1578 1553/1609/1576 1522/1582/1549
f 1537/1585/1552 1568/1612/1579 1567/1610/1577 1536/1583/1550
f 1524/1556/1523 1555/1613/1580 1554/1611/1578 1523/1584/1551
f 1538/1558/1525 1569/1614/1581 1568/1612/1579 1537/1585/1552
f 1525/1555/1522 1556/1615/1582 1555/1613/1580 1524/1556/1523
f 1539/1557/1524 1570/1616/1583 1569/1614/1581 1538/1558/1525
f 1526/1559/1526 1557/1587/1554 1556/1615/1582 1525/1555/1522
f 1540/1560/1527 1571/1589/1556 1570/1616/1583 1539/1557/1524
f 1560/1593/1560 1591/1617/1584 1590/1618/1585 1559/1590/1557
f 1547/1594/1561 1578/1619/1586 1577/1620/1587 1546/1591/1558
f 1574/1595/1562 1605/1621/1588 1604/1622/1589 1573/1592/1559
f 1561/1596/1563 1592/1623/1590 1591/1617/1584 1560/1593/1560
f 1548/1597/1564 1579/1624/1591 1578/1619/1586 1547/1594/1561
f 1575/1598/1565 1606/1625/1592 1605/1621/1588 1574/1595/1562
f 1562/1599/1566 1593/1626/1593 1592/1623/1590 1561/1596/1563
f 1549/1600/1567 1580/1627/1594 1579/1624/1591 1548/1597/1564
f 1576/1601/1568 1607/1628/1595 1606/1625/1592 1575/1598/1565
f 1563/1602/1569 1594/1629/1596 1593/1626/1593 1562/1599/1566
f 1550/1603/1570 1581/1630/1597 1580/1627/1594 1549/1600/1567
f 1203/44/44 1607/1628/1595 1576/1601/1568
f 1564/1604/1571 1595/1631/1598 1594/1629/1596 1563/1602/1569
f 1551/1605/1572 1582/1632/1599 1581/1630/1597 1550/1603/1570
f 1565/1606/1573 1596/1633/1600 1595/1631/1598 1564/1604/1571
f 1552/1607/1574 1583/1634/1601 1582/1632/1599 1551/1605/1572
f 1566/1608/1575 1597/1635/1602 1596/1633/1600 1565/1606/1573
f 1553/1609/1576 1584/1636/1603 1583/1634/1601 1552/1607/1574
f 1567/1610/1577 1598/1637/1604 1597/1635/1602 1566/1608/1575
f 1554/1611/1578 1585/1638/1605 1584/1636/1603 1553/1609/1576
f 1568/1612/1579 1599/1639/1606 1598/1637/1604 1567/1610/1577
f 1555/1613/1580 1586/1640/1607 1585/1638/1605 1554/1611/1578
f 1569/1614/1581 1600/1641/1608 1599/1639/1606 1568/1612/1579
f 1556/1615/1582 1587/1642/1609 1586/1640/1607 1555/1613/1580
f 1570/1616/1583 1601/1643/1610 1600/1641/1608 1569/1614/1581
f 1557/1587/1554 1588/1644/1611 1587/1642/1609 1556/1615/1582
f 1571/1589/1556 1602/1645/1612 1601/1643/1610 1570/1616/1583
f 1558/1586/1553 1589/1646/1613 1588/1644/1611 1557/1587/1554
f 1572/1588/1555 1603/1647/1614 1602/1645/1612 1571/1589/1556
f 1559/1590/1557 1590/1618/1585 1589/1646/1613 1558/1586/1553
f 1546/1591/1558 1577/1620/1587 1421/19/19
f 1573/1592/1559 1604/1622/1589 1603/1647/1614 1572/1588/1555
f 1584/1636/1603 1615/1648/1615 1614/1649/1616 1583/1634/1601
f 1598/1637/1604 1629/1650/1617 1628/1651/1618 1597/1635/1602
f 1585/1638/1605 1616/1652/1619 1615/1648/1615 1584/1636/1603
f 1599/1639/1606 1630/1653/1620 1629/1650/1617 1598/1637/1604
f 1586/1640/1607 1617/1654/1621 1616/1652/1619 1585/1638/1605
f 1600/1641/1608 1631/1655/1622 1630/1653/1620 1599/1639/1606
f 1587/1642/1609 1618/1656/1623 1617/1654/1621 1586/1640/1607
f 1601/1643/1610 1632/1657/1624 1631/1655/1622 1600/1641/1608
f 1588/1644/1611 1619/1658/1625 1618/1656/1623 1587/1642/1609
f 1602/1645/1612 1633/1659/1626 1632/1657/1624 1601/1643/1610
f 1589/1646/1613 1620/1660/1627 1619/1658/1625 1588/1644/1611
f 1603/1647/1614 1634/1661/1628 1633/1659/1626 1602/1645/1612
f 1590/1618/1585 1621/1662/1629 1620/1660/1627 1589/1646/1613
f 1577/1620/1587 1608/1663/1630 1421/19/19
f 1604/1622/1589 1635/1664/1631 1634/1661/1628 1603/1647/1614
f 1591/1617/1584 1622/1665/1632 1621/1662/1629 1590/1618/1585
f 1578/1619/1586 1609/1666/1633 1608/1663/1630 1577/1620/1587
f 1605/1621/1588 1636/1667/1634 1635/1664/1631 1604/1622/1589
f 1592/1623/1590 1623/1668/1635 1622/1665/1632 1591/1617/1584
f 1579/1624/1591 1610/1669/1636 1609/1666/1633 1578/1619/1586
f 1606/1625/1592 1637/1670/1637 1636/1667/1634 1605/1621/1588
f 1593/1626/1593 1624/1671/1638 1623/1668/1635 1592/1623/1590
f 1580/1627/1594 1611/1672/1639 1610/1669/1636 1579/1624/1591
f 1607/1628/1595 1638/1673/1640 1637/1670/1637 1606/1625/1592
f 1594/1629/1596 1625/1674/1641 1624/1671/1638 1593/1626/1593
f 1581/1630/1597 1612/1675/1642 1611/1672/1639 1580/1627/1594
f 1203/44/44 1638/1673/1640 1607/1628/1595
f 1595/1631/1598 1626/1676/1643 1625/1674/1641 1594/1629/1596
f 1582/1632/1599 1613/1677/1644 1612/1675/1642 1581/1630/1597
f 1596/1633/1600 1627/1678/1645 1626/1676/1643 1595/1631/1598
f 1583/1634/1601 1614/1649/1616 1613/1677/1644 1582/1632/1599
f 1597/1635/1602 1628/1651/1618 1627/1678/1645 1596/1633/1600
f 1617/1654/1621 1648/1679/1646 1647/1680/1647 1616/1652/1619
f 1631/1655/1622 1662/1681/1648 1661/1682/1649 1630/1653/1620
f 1618/1656/1623 1649/1683/1650 1648/1679/1646 1617/1654/1621
f 1632/1657/1624 1663/1684/1651 1662/1681/1648 1631/1655/1622
f 1619/1658/1625 1650/1685/1652 1649/1683/1650 1618/1656/1623
f 1633/1659/1626 1664/1686/1653 1663/1684/1651 1632/1657/1624
f 1620/1660/1627 1651/1687/1654 1650/1685/1652 1619/1658/1625
f 1634/1661/1628 1665/1688/1655 1664/1686/1653 1633/1659/1626
f 1621/1662/1629 1652/1689/1656 1651/1687/1654 1620/1660/1627
f 1608/1663/1630 1639/1690/1657 1421/19/19
f 1635/1664/1631 1666/1691/1658 1665/1688/1655 1634/1661/1628
f 1622/1665/1632 1653/1692/1659 1652/1689/1656 1621/1662/1629
f 1609/1666/1633 1640/1693/1660 1639/1690/1657 1608/1663/1630
f 1636/1667/1634 1667/1694/1661 1666/1691/1658 1635/1664/1631
f 1623/1668/1635 1654/1695/1662 1653/1692/1659 1622/1665/1632
f 1610/1669/1636 1641/1696/1663 1640/1693/1660 1609/1666/1633
f 1637/1670/1637 1668/1697/1664 1667/1694/1661 1636/1667/1634
f 1624/1671/1638 1655/1698/1665 1654/1695/1662 1623/1668/1635
f 1611/1672/1639 1642/1699/1666 1641/1696/1663 1610/1669/1636
f 1638/1673/1640 1669/1700/1667 1668/1697/1664 1637/1670/1637
f 1625/1674/1641 1656/1701/1668 1655/1698/1665 1624/1671/1638
f 1612/1675/1642 1643/1702/1669 1642/1699/1666 1611/1672/1639
f 1203/44/44 1669/1700/1667 1638/1673/1640
f 1626/1676/1643 1657/1703/1670 1656/1701/1668 1625/1674/1641
f 1613/1677/1644 1644/1704/1671 1643/1702/1669 1612/1675/1642
f 1627/1678/1645 1658/1705/1672 1657/1703/1670 1626/1676/1643
f 1614/1649/1616 1645/1706/1673 1644/1704/1671 1613/1677/1644
f 1628/1651/1618 1659/1707/1674 1658/1705/1672 1627/1678/1645
f 1615/1648/1615 1646/1708/1675 1645/1706/1673 1614/1649/1616
f 1629/1650/1617 1660/1709/1676 1659/1707/1674 1628/1651/1618
f 1616/1652/1619 1647/1680/1647 1646/1708/1675 1615/1648/1615
f 1630/1653/1620 1661/1682/1649 1660/1709/1676 1629/1650/1617
f 1650/1685/1652 1681/1710/1677 1680/1711/1678 1649/1683/1650
f 1664/1686/1653 1695/1712/1679 1694/1713/1680 1663/1684/1651
f 1651/1687/1654 1682/1714/1681 1681/1710/1677 1650/1685/1652
f 1665/1688/1655 1696/1715/1682 1695/1712/1679 1664/1686/1653
f 1652/1689/1656 1683/1716/1683 1682/1714/1681 1651/1687/1654
f 1639/1690/1657 1670/1717/1684 1421/19/19
f 1666/1691/1658 1697/1718/1685 1696/1715/1682 1665/1688/1655
f 1653/1692/1659 1684/1719/1686 1683/1716/1683 1652/1689/1656
f 1640/1693/1660 1671/1720/1687 1670/1717/1684 1639/1690/1657
f 1667/1694/1661 1698/1721/1688 1697/1718/1685 1666/1691/1658
f 1654/1695/1662 1685/1722/1689 1684/1719/1686 1653/1692/1659
f 1641/1696/1663 1672/1723/1690 1671/1720/1687 1640/1693/1660
f 1668/1697/1664 1699/1724/1691 1698/1721/1688 1667/1694/1661
f 1655/1698/1665 1686/1725/1692 1685/1722/1689 1654/1695/1662
f 1642/1699/1666 1673/1726/1693 1672/1723/1690 1641/1696/1663
f 1669/1700/1667 1700/1727/1694 1699/1724/1691 1668/1697/1664
f 1656/1701/1668 1687/1728/1695 1686/1725/1692 1655/1698/1665
f 1643/1702/1669 1674/1729/1696 1673/1726/1693 1642/1699/1666
f 1203/44/44 1700/1727/1694 1669/1700/1667
f 1657/1703/1670 1688/1730/1697 1687/1728/1695 1656/1701/1668
f 1644/1704/1671 1675/1731/1698 1674/1729/1696 1643/1702/1669
f 1658/1705/1672 1689/1732/1699 1688/1730/1697 1657/1703/1670
f 1645/1706/1673 1676/1733/1700 1675/1731/1698 1644/1704/1671
f 1659/1707/1674 1690/1734/1701 1689/1732/1699 1658/1705/1672
f 1646/1708/1675 1677/1735/1702 1676/1733/1700 1645/1706/1673
f 1660/1709/1676 1691/1736/1703 1690/1734/1701 1659/1707/1674
f 1647/1680/1647 1678/1737/1704 1677/1735/1702 1646/1708/1675
f 1661/1682/1649 1692/1738/1705 1691/1736/1703 1660/1709/1676
f 1648/1679/1646 1679/1739/1706 1678/1737/1704 1647/1680/1647
f 1662/1681/1648 1693/1740/1707 1692/1738/1705 1661/1682/1649
f 1649/1683/1650 1680/1711/1678 1679/1739/1706 1648/1679/1646
f 1663/1684/1651 1694/1713/1680 1693/1740/1707 1662/1681/1648
f 1683/1716/1683 1714/1741/1708 1713/1742/1709 1682/1714/1681
f 1670/1717/1684 1701/1743/1710 1421/19/19
f 1697/1718/1685 1728/1744/1711 1727/1745/1712 1696/1715/1682
f 1684/1719/1686 1715/1746/1713 1714/1741/1708 1683/1716/1683
f 1671/1720/1687 1702/1747/1714 1701/1743/1710 1670/1717/1684
f 1698/1721/1688 1729/1748/1715 1728/1744/1711 1697/1718/1685
f 1685/1722/1689 1716/1749/1716 1715/1746/1713 1684/1719/1686
f 1672/1723/1690 1703/1750/1717 1702/1747/1714 1671/1720/1687
f 1699/1724/1691 1730/1751/1718 1729/1748/1715 1698/1721/1688
f 1686/1725/1692 1717/1752/1719 1716/1749/1716 1685/1722/1689
f 1673/1726/1693 1704/1753/1720 1703/1750/1717 1672/1723/1690
f 1700/1727/1694 1731/1754/1721 1730/1751/1718 1699/1724/1691
f 1687/1728/1695 1718/1755/1722 1717/1752/1719 1686/1725/1692
f 1674/1729/1696 1705/1756/1723 1704/1753/1720 1673/1726/1693
f 1203/44/44 1731/1754/1721 1700/1727/1694
f 1688/1730/1697 1719/1757/1724 1718/1755/1722 1687/1728/1695
f 1675/1731/1698 1706/1758/1725 1705/1756/1723 1674/1729/1696
f 1689/1732/1699 1720/1759/1726 1719/1757/1724 1688/1730/1697
f 1676/1733/1700 1707/1760/1727 1706/1758/1725 1675/1731/1698
f 1690/1734/1701 1721/1761/1728 1720/1759/1726 1689/1732/1699
f 1677/1735/1702 1708/1762/1729 1707/1760/1727 1676/1733/1700
f 1691/1736/1703 1722/1763/1730 1721/1761/1728 1690/1734/1701
f 1678/1737/1704 1709/1764/1731 1708/1762/1729 1677/1735/1702
f 1692/1738/1705 1723/1765/1732 1722/1763/1730 1691/1736/1703
f 1679/1739/1706 1710/1766/1733 1709/1764/1731 1678/1737/1704
f 1693/1740/1707 1724/1767/1734 1723/1765/1732 1692/1738/1705
f 1680/1711/1678 1711/1768/1735 1710/1766/1733 1679/1739/1706
f 1694/1713/1680 1725/1769/1736 1724/1767/1734 1693/1740/1707
f 1681/1710/1677 1712/1770/1737 1711/1768/1735 1680/1711/1678
f 1695/1712/1679 1726/1771/1738 1725/1769/1736 1694/1713/1680
f 1682/1714/1681 1713/1742/1709 1712/1770/1737 1681/1710/1677
f 1696/1715/1682 1727/1745/1712 1726/1771/1738 1695/1712/1679
f 1716/1749/1716 1747/1772/1739 1746/1773/1740 1715/1746/1713
f 1703/1750/1717 1734/1774/1741 1733/1775/1742 1702/1747/1714
f 1730/1751/1718 1761/1776/1743 1760/1777/1744 1729/1748/1715
f 1717/1752/1719 1748/1778/1745 1747/1772/1739 1716/1749/1716
f 1704/1753/1720 1735/1779/1746 1734/1774/1741 1703/1750/1717
f 1731/1754/1721 1762/1780/1747 1761/1776/1743 1730/1751/1718
f 1718/1755/1722 1749/1781/1748 1748/1778/1745 1717/1752/1719
f 1705/1756/1723 1736/1782/1749 1735/1779/1746 1704/1753/1720
f 1203/44/44 1762/1780/1747 1731/1754/1721
f 1719/1757/1724 1750/1783/1750 1749/1781/1748 1718/1755/1722
f 1706/1758/1725 1737/1784/1751 1736/1782/1749 1705/1756/1723
f 1720/1759/1726 1751/1785/1752 1750/1783/1750 1719/1757/1724
f 1707/1760/1727 1738/1786/1753 1737/1784/1751 1706/1758/1725
f 1721/1761/1728 1752/1787/1754 1751/1785/1752 1720/1759/1726
f 1708/1762/1729 1739/1788/1755 1738/1786/1753 1707/1760/1727
f 1722/1763/1730 1753/1789/1756 1752/1787/1754 1721/1761/1728
f 1709/1764/1731 1740/1790/1757 1739/1788/1755 1708/1762/1729
f 1723/1765/1732 1754/1791/1758 1753/1789/1756 1722/1763/1730
f 1710/1766/1733 1741/1792/1759 1740/1790/1757 1709/1764/1731
f 1724/1767/1734 1755/1793/1760 1754/1791/1758 1723/1765/1732
f 1711/1768/1735 1742/1794/1761 1741/1792/1759 1710/1766/1733
f 1725/1769/1736 1756/1795/1762 1755/1793/1760 1724/1767/1734
f 1712/1770/1737 1743/1796/1763 1742/1794/1761 1711/1768/1735
f 1726/1771/1738 1757/1797/1764 1756/1795/1762 1725/1769/1736
f 1713/1742/1709 1744/1798/1765 1743/1796/1763 1712/1770/1737
f 1727/1745/1712 1758/1799/1766 1757/1797/1764 1726/1771/1738
f 1714/1741/1708 1745/1800/1767 1744/1798/1765 1713/1742/1709
f 1701/1743/1710 1732/1801/1768 1421/19/19
f 1728/1744/1711 1759/1802/1769 1758/1799/1766 1727/1745/1712
f 1715/1746/1713 1746/1773/1740 1745/1800/1767 1714/1741/1708
f 1702/1747/1714 1733/1775/1742 1732/1801/1768 1701/1743/1710
f 1729/1748/1715 1760/1777/1744 1759/1802/1769 1728/1744/1711
f 1749/1781/1748 1780/1803/1770 1779/1804/1771 1748/1778/1745
f 1736/1782/1749 1767/1805/1772 1766/1806/1773 1735/1779/1746
f 1203/44/44 1793/1807/1774 1762/1780/1747
f 1750/1783/1750 1781/1808/1775 1780/1803/1770 1749/1781/1748
f 1737/1784/1751 1768/1809/1776 1767/1805/1772 1736/1782/1749
f 1751/1785/1752 1782/1810/1777 1781/1808/1775 1750/1783/1750
f 1738/1786/1753 1769/1811/1778 1768/1809/1776 1737/1784/1751
f 1752/1787/1754 1783/1812/1779 1782/1810/1777 1751/1785/1752
f 1739/1788/1755 1770/1813/1780 1769/1811/1778 1738/1786/1753
f 1753/1789/1756 1784/1814/1781 1783/1812/1779 1752/1787/1754
f 1740/1790/1757 1771/1815/1782 1770/1813/1780 1739/1788/1755
f 1754/1791/1758 1785/1816/1783 1784/1814/1781 1753/1789/1756
f 1741/1792/1759 1772/1817/1784 1771/1815/1782 1740/1790/1757
f 1755/1793/1760 1786/1818/1785 1785/1816/1783 1754/1791/1758
f 1742/1794/1761 1773/1819/1786 1772/1817/1784 1741/1792/1759
f 1756/1795/1762 1787/1820/1787 1786/1818/1785 1755/1793/1760
f 1743/1796/1763 1774/1821/1788 1773/1819/1786 1742/1794/1761
f 1757/1797/1764 1788/1822/1789 1787/1820/1787 1756/1795/1762
f 1744/1798/1765 1775/1823/1790 1774/1821/1788 1743/1796/1763
f 1758/1799/1766 1789/1824/1791 1788/1822/1789 1757/1797/1764
f 1745/1800/1767 1776/1825/1792 1775/1823/1790 1744/1798/1765
f 1732/1801/1768 1763/1826/1793 1421/19/19
f 1759/1802/1769 1790/1827/1794 1789/1824/1791 1758/1799/1766
f 1746/1773/1740 1777/1828/1795 1776/1825/1792 1745/1800/1767
f 1733/1775/1742 1764/1829/1796 1763/1826/1793 1732/1801/1768
f 1760/1777/1744 1791/1830/1797 1790/1827/1794 1759/1802/1769
f 1747/1772/1739 1778/1831/1798 1777/1828/1795 1746/1773/1740
f 1734/1774/1741 1765/1832/1799 1764/1829/1796 1733/1775/1742
f 1761/1776/1743 1792/1833/1800 1791/1830/1797 1760/1777/1744
f 1748/1778/1745 1779/1804/1771 1778/1831/1798 1747/1772/1739
f 1735/1779/1746 1766/1806/1773 1765/1832/1799 1734/1774/1741
f 1762/1780/1747 1793/1807/1774 1792/1833/1800 1761/1776/1743
f 1782/1810/1777 1813/1834/1801 1812/1835/1802 1781/1808/1775
f 1769/1811/1778 1800/1836/1803 1799/1837/1804 1768/1809/1776
f 1783/1812/1779 1814/1838/1805 1813/1834/1801 1782/1810/1777
f 1770/1813/1780 1801/1839/1806 1800/1836/1803 1769/1811/1778
f 1784/1814/1781 1815/1840/1807 1814/1838/1805 1783/1812/1779
f 1771/1815/1782 1802/1841/1808 1801/1839/1806 1770/1813/1780
f 1785/1816/1783 1816/1842/1809 1815/1840/1807 1784/1814/1781
f 1772/1817/1784 1803/1843/1810 1802/1841/1808 1771/1815/1782
f 1786/1818/1785 1817/1844/1811 1816/1842/1809 1785/1816/1783
f 1773/1819/1786 1804/1845/1812 1803/1843/1810 1772/1817/1784
f 1787/1820/1787 1818/1846/1813 1817/1844/1811 1786/1818/1785
f 1774/1821/1788 1805/1847/1814 1804/1845/1812 1773/1819/1786
f 1788/1822/1789 1819/1848/1815 1818/1846/1813 1787/1820/1787
f 1775/1823/1790 1806/1849/1816 1805/1847/1814 1774/1821/1788
f 1789/1824/1791 1820/1850/1817 1819/1848/1815 1788/1822/1789
f 1776/1825/1792 1807/1851/1818 1806/1849/1816 1775/1823/1790
f 1763/1826/1793 1794/1852/1819 1421/19/19
f 1790/1827/1794 1821/1853/1820 1820/1850/1817 1789/1824/1791
f 1777/1828/1795 1808/1854/1821 1807/1851/1818 1776/1825/1792
f 1764/1829/1796 1795/1855/1822 1794/1852/1819 1763/1826/1793
f 1791/1830/1797 1822/1856/1823 1821/1853/1820 1790/1827/1794
f 1778/1831/1798 1809/1857/1824 1808/1854/1821 1777/1828/1795
f 1765/1832/1799 1796/1858/1825 1795/1855/1822 1764/1829/1796
f 1792/1833/1800 1823/1859/1826 1822/1856/1823 1791/1830/1797
f 1779/1804/1771 1810/1860/1827 1809/1857/1824 1778/1831/1798
f 1766/1806/1773 1797/1861/1828 1796/1858/1825 1765/1832/1799
f 1793/1807/1774 1824/1862/1829 1823/1859/1826 1792/1833/1800
f 1780/1803/1770 1811/1863/1830 1810/1860/1827 1779/1804/1771
f 1767/1805/1772 1798/1864/1831 1797/1861/1828 1766/1806/1773
f 1203/44/44 1824/1862/1829 1793/1807/1774
f 1781/1808/1775 1812/1835/1802 1811/1863/1830 1780/1803/1770
f 1768/1809/1776 1799/1837/1804 1798/1864/1831 1767/1805/1772
f 1815/1840/1807 1846/1865/1832 1845/1866/1833 1814/1838/1805
f 1802/1841/1808 1833/1867/1834 1832/1868/1835 1801/1839/1806
f 1816/1842/1809 1847/1869/1836 1846/1865/1832 1815/1840/1807
f 1803/1843/1810 1834/1870/1837 1833/1867/1834 1802/1841/1808
f 1817/1844/1811 1848/1871/1838 1847/1869/1836 1816/1842/1809
f 1804/1845/1812 1835/1872/1839 1834/1870/1837 1803/1843/1810
f 1818/1846/1813 1849/1873/1840 1848/1871/1838 1817/1844/1811
f 1805/1847/1814 1836/1874/1841 1835/1872/1839 1804/1845/1812
f 1819/1848/1815 1850/1875/1842 1849/1873/1840 1818/1846/1813
f 1806/1849/1816 1837/1876/1843 1836/1874/1841 1805/1847/1814
f 1820/1850/1817 1851/1877/1844 1850/1875/1842 1819/1848/1815
f 1807/1851/1818 1838/1878/1845 1837/1876/1843 1806/1849/1816
f 1794/1852/1819 1825/1879/1846 1421/19/19
f 1821/1853/1820 1852/1880/1847 1851/1877/1844 1820/1850/1817
f 1808/1854/1821 1839/1881/1848 1838/1878/1845 1807/1851/1818
f 1795/1855/1822 1826/1882/1849 1825/1879/1846 1794/1852/1819
f 1822/1856/1823 1853/1883/1850 1852/1880/1847 1821/1853/1820
f 1809/1857/1824 1840/1884/1851 1839/1881/1848 1808/1854/1821
f 1796/1858/1825 1827/1885/1852 1826/1882/1849 1795/1855/1822
f 1823/1859/1826 1854/1886/1853 1853/1883/1850 1822/1856/1823
f 1810/1860/1827 1841/1887/1854 1840/1884/1851 1809/1857/1824
f 1797/1861/1828 1828/1888/1855 1827/1885/1852 1796/1858/1825
f 1824/1862/1829 1855/1889/1856 1854/1886/1853 1823/1859/1826
f 1811/1863/1830 1842/1890/1857 1841/1887/1854 1810/1860/1827
f 1798/1864/1831 1829/1891/1858 1828/1888/1855 1797/1861/1828
f 1203/44/44 1855/1889/1856 1824/1862/1829
f 1812/1835/1802 1843/1892/1859 1842/1890/1857 1811/1863/1830
f 1799/1837/1804 1830/1893/1860 1829/1891/1858 1798/1864/1831
f 1813/1834/1801 1844/1894/1861 1843/1892/1859 1812/1835/1802
f 1800/1836/1803 1831/1895/1862 1830/1893/1860 1799/1837/1804
f 1814/1838/1805 1845/1866/1833 1844/1894/1861 1813/1834/1801
f 1801/1839/1806 1832/1868/1835 1831/1895/1862 1800/1836/1803
f 1848/1871/1838 1879/1896/1863 1878/1897/1864 1847/1869/1836
f 1835/1872/1839 1866/1898/1865 1865/1899/1866 1834/1870/1837
f 1849/1873/1840 1880/1900/1867 1879/1896/1863 1848/1871/1838
f 1836/1874/1841 1867/1901/1868 1866/1898/1865 1835/1872/1839
f 1850/1875/1842 1881/1902/1869 1880/1900/1867 1849/1873/1840
f 1837/1876/1843 1868/1903/1870 1867/1901/1868 1836/1874/1841
f 1851/1877/1844 1882/1904/1871 1881/1902/1869 1850/1875/1842
f 1838/1878/1845 1869/1905/1872 1868/1903/1870 1837/1876/1843
f 1825/1879/1846 1856/1906/1873 1421/19/19
f 1852/1880/1847 1883/1907/1874 1882/1904/1871 1851/1877/1844
f 1839/1881/1848 1870/1908/1875 1869/1905/1872 1838/1878/1845
f 1826/1882/1849 1857/1909/1876 1856/1906/1873 1825/1879/1846
f 1853/1883/1850 1884/1910/1877 1883/1907/1874 1852/1880/1847
f 1840/1884/1851 1871/1911/1878 1870/1908/1875 1839/1881/1848
f 1827/1885/1852 1858/1912/1879 1857/1909/1876 1826/1882/1849
f 1854/1886/1853 1885/1913/1880 1884/1910/1877 1853/1883/1850
f 1841/1887/1854 1872/1914/1881 1871/1911/1878 1840/1884/1851
f 1828/1888/1855 1859/1915/1882 1858/1912/1879 1827/1885/1852
f 1855/1889/1856 1886/1916/1883 1885/1913/1880 1854/1886/1853
f 1842/1890/1857 1873/1917/1884 1872/1914/1881 1841/1887/1854
f 1829/1891/1858 1860/1918/1885 1859/1915/1882 1828/1888/1855
f 1203/44/44 1886/1916/1883 1855/1889/1856
f 1843/1892/1859 1874/1919/1886 1873/1917/1884 1842/1890/1857
f 1830/1893/1860 1861/1920/1887 1860/1918/1885 1829/1891/1858
f 1844/1894/1861 1875/1921/1888 1874/1919/1886 1843/1892/1859
f 1831/1895/1862 1862/1922/1889 1861/1920/1887 1830/1893/1860
f 1845/1866/1833 1876/1923/1890 1875/1921/1888 1844/1894/1861
f 1832/1868/1835 1863/1924/1891 1862/1922/1889 1831/1895/1862
f 1846/1865/1832 1877/1925/1892 1876/1923/1890 1845/1866/1833
f 1833/1867/1834 1864/1926/1893 1863/1924/1891 1832/1868/1835
f 1847/1869/1836 1878/1897/1864 1877/1925/1892 1846/1865/1832
f 1834/1870/1837 1865/1899/1866 1864/1926/1893 1833/1867/1834
f 1881/1902/1869 1912/1927/1894 1911/1928/1895 1880/1900/1867
f 1868/1903/1870 1899/1929/1896 1898/1930/1897 1867/1901/1868
f 1882/1904/1871 1913/1931/1898 1912/1927/1894 1881/1902/1869
f 1869/1905/1872 1900/1932/1899 1899/1929/1896 1868/1903/1870
f 1856/1906/1873 1887/1933/1900 1421/19/19
f 1883/1907/1874 1914/1934/1901 1913/1931/1898 1882/1904/1871
f 1870/1908/1875 1901/1935/1902 1900/1932/1899 1869/1905/1872
f 1857/1909/1876 1888/1936/1903 1887/1933/1900 1856/1906/1873
f 1884/1910/1877 1915/1937/1904 1914/1934/1901 1883/1907/1874
f 1871/1911/1878 1902/1938/1905 1901/1935/1902 1870/1908/1875
f 1858/1912/1879 1889/1939/1906 1888/1936/1903 1857/1909/1876
f 1885/1913/1880 1916/1940/1907 1915/1937/1904 1884/1910/1877
f 1872/1914/1881 1903/1941/1908 1902/1938/1905 1871/1911/1878
f 1859/1915/1882 1890/1942/1909 1889/1939/1906 1858/1912/1879
f 1886/1916/1883 1917/1943/1910 1916/1940/1907 1885/1913/1880
f 1873/1917/1884 1904/1944/1911 1903/1941/1908 1872/1914/1881
f 1860/1918/1885 1891/1945/1912 1890/1942/1909 1859/1915/1882
f 1203/44/44 1917/1943/1910 1886/1916/1883
f 1874/1919/1886 1905/1946/1913 1904/1944/1911 1873/1917/1884
f 1861/1920/1887 1892/1947/1914 1891/1945/1912 1860/1918/1885
f 1875/1921/1888 1906/1948/1915 1905/1946/1913 1874/1919/1886
f 1862/1922/1889 1893/1949/1916 1892/1947/1914 1861/1920/1887
f 1876/1923/1890 1907/1950/1917 1906/1948/1915 1875/1921/1888
f 1863/1924/1891 1894/1951/1918 1893/1949/1916 1862/1922/1889
f 1877/1925/1892 1908/1952/1919 1907/1950/1917 1876/1923/1890
f 1864/1926/1893 1895/1953/1920 1894/1951/1918 1863/1924/1891
f 1878/1897/1864 1909/1954/1921 1908/1952/1919 1877/1925/1892
f 1865/1899/1866 1896/1955/1922 1895/1953/1920 1864/1926/1893
f 1879/1896/1863 1910/1956/1923 1909/1954/1921 1878/1897/1864
f 1866/1898/1865 1897/1957/1924 1896/1955/1922 1865/1899/1866
f 1880/1900/1867 1911/1928/1895 1910/1956/1923 1879/1896/1863
f 1867/1901/1868 1898/1930/1897 1897/1957/1924 1866/1898/1865
f 1914/1934/1901 1924/20/20 21/13/13 1913/1931/1898
f 1901/1935/1902 12/22/22 11/15/15 1900/1932/1899
f 1888/1936/1903 1919/24/24 1918/17/17 1887/1933/1900
f 1915/1937/1904 22/26/26 1924/20/20 1914/1934/1901
f 1902/1938/1905 1921/28/28 12/22/22 1901/1935/1902
f 1889/1939/1906 1/30/30 1919/24/24 1888/1936/1903
f 1916/1940/1907 23/32/32 22/26/26 1915/1937/1904
f 1903/1941/1908 13/34/34 1921/28/28 1902/1938/1905
f 1890/1942/1909 2/36/36 1/30/30 1889/1939/1906
f 1917/1943/1910 24/38/38 23/32/32 1916/1940/1907
f 1904/1944/1911 14/40/40 13/34/34 1903/1941/1908
f 1891/1945/1912 3/42/42 2/36/36 1890/1942/1909
f 1203/44/44 24/38/38 1917/1943/1910
f 1905/1946/1913 15/45/45 14/40/40 1904/1944/1911
f 1892/1947/1914 4/47/47 3/42/42 1891/1945/1912
f 1906/1948/1915 16/49/49 15/45/45 1905/1946/1913
f 1893/1949/1916 1920/51/51 4/47/47 1892/1947/1914
f 1907/1950/1917 17/53/53 16/49/49 1906/1948/1915
f 1894/1951/1918 5/55/55 1920/51/51 1893/1949/1916
f 1908/1952/1919 18/57/57 17/53/53 1907/1950/1917
f 1895/1953/1920 6/59/59 5/55/55 1894/1951/1918
f 1909/1954/1921 1922/61/61 18/57/57 1908/1952/1919
f 1896/1955/1922 7/63/63 6/59/59 1895/1953/1920
f 1910/1956/1923 1923/4/4 1922/61/61 1909/1954/1921
f 1897/1957/1924 8/8/8 7/63/63 1896/1955/1922
f 1911/1928/1895 19/1/1 1923/4/4 1910/1956/1923
f 1898/1930/1897 9/5/5 8/8/8 1897/1957/1924
f 1912/1927/1894 20/9/9 19/1/1 1911/1928/1895
f 1899/1929/1896 10/11/11 9/5/5 1898/1930/1897
f 1913/1931/1898 21/13/13 20/9/9 1912/1927/1894
f 1900/1932/1899 11/15/15 10/11/11 1899/1929/1896
f 1887/1933/1900 1918/17/17 1421/19/19
o atmo_Sphere.001
v -1.474704 -0.803732 -0.911655
v -1.349428 -0.904901 -1.000877
v -1.211155 -0.997356 -1.080460
v -1.061219 -1.080206 -1.149638
v -0.732228 -1.213999 -1.254218
v -0.556342 -1.263654 -1.288614
v -0.375099 -1.301139 -1.310600
v -0.190242 -1.326093 -1.319964
v -0.003554 -1.338277 -1.316616
v 0.183169 -1.337572 -1.300589
v 0.368128 -1.323985 -1.272036
v 0.549541 -1.297648 -1.231232
v 0.894795 -1.207856 -1.114560
v 1.055310 -1.145267 -1.039815
v 1.205662 -1.071647 -0.955056
v 1.344402 -0.987707 -0.861099
v 1.470196 -0.894256 -0.758850
v 1.581831 -0.792191 -0.649292
v 1.821773 -0.444512 -0.287611
v 1.867532 -0.318512 -0.159920
v 1.895305 -0.189444 -0.030688
v 1.896001 0.072904 0.227414
v 1.868918 0.203658 0.353799
v 1.823835 0.332450 0.476776
v -1.683028 -0.591545 -0.694049
v -1.588658 -0.719353 -0.786252
v -1.478989 -0.840234 -0.870883
v -1.355077 -0.953022 -0.947127
v -1.218114 -1.056632 -1.014250
v -1.069420 -1.150066 -1.071605
v -0.910427 -1.232425 -1.118640
v -0.742666 -1.302914 -1.154902
v -0.567753 -1.360856 -1.180041
v -0.387372 -1.405692 -1.193816
v -0.203260 -1.436990 -1.196094
v -0.017191 -1.454450 -1.186853
v 0.169043 -1.457902 -1.166182
v 0.353650 -1.447314 -1.134280
v 0.534851 -1.422787 -1.091454
v 0.710901 -1.384558 -1.038116
v 0.880105 -1.332996 -0.974782
v 1.040832 -1.268595 -0.902059
v 1.191536 -1.191977 -0.820649
v 1.330765 -1.103880 -0.731336
v 1.457178 -1.005152 -0.634979
v 1.569557 -0.896744 -0.532508
v 1.666821 -0.779700 -0.424908
v 1.748032 -0.655147 -0.313216
v 1.812408 -0.524284 -0.198507
v 1.859331 -0.388372 -0.081887
v 1.888347 -0.248720 0.035522
v 1.899177 -0.106673 0.152588
v 1.891716 0.036402 0.268186
v 1.866038 0.179126 0.381200
v 1.822388 0.320125 0.490543
v -1.685190 -0.602478 -0.679238
v -1.592961 -0.741113 -0.756772
v -1.485392 -0.872611 -0.827019
v -1.363517 -0.995705 -0.889301
v -1.228511 -1.109210 -0.943019
v -1.081674 -1.212033 -0.987655
v -0.924419 -1.303183 -1.022779
v -0.758262 -1.381783 -1.048053
v -0.584803 -1.447075 -1.063234
v -0.405711 -1.498432 -1.068175
v -0.222712 -1.535357 -1.062829
v -0.037568 -1.557497 -1.047248
v 0.147937 -1.564636 -1.021581
v 0.332018 -1.556708 -0.986076
v 0.512901 -1.533787 -0.941074
v 0.688845 -1.496096 -0.887009
v 0.858155 -1.443996 -0.824402
v 1.019200 -1.377989 -0.753855
v 1.170430 -1.298712 -0.676048
v 1.310388 -1.206927 -0.591731
v 1.437726 -1.103519 -0.501715
v 1.551218 -0.989484 -0.406867
v 1.649771 -0.865919 -0.308100
v 1.732436 -0.734015 -0.206367
v 1.798416 -0.595042 -0.102646
v 1.847077 -0.450339 0.002064
v 1.877949 -0.301298 0.106753
v 1.890736 -0.149356 0.210415
v 1.885314 0.004025 0.312050
v 1.861735 0.157366 0.410680
v 1.820227 0.309193 0.505354
v -1.688045 -0.611906 -0.663534
v -1.598643 -0.759878 -0.725517
v -1.493846 -0.900532 -0.780513
v -1.374663 -1.032514 -0.827992
v -1.242240 -1.154552 -0.867497
v -1.097854 -1.265471 -0.898647
v -0.942895 -1.364202 -0.921143
v -0.778856 -1.449796 -0.934768
v -0.607316 -1.521428 -0.939390
v -0.429927 -1.578407 -0.934966
v -0.248398 -1.620185 -0.921538
v -0.064476 -1.646360 -0.899234
v 0.120067 -1.656680 -0.868270
v 0.303453 -1.651045 -0.828945
v 0.483917 -1.629509 -0.781636
v 0.659721 -1.592281 -0.726800
v 0.829171 -1.539718 -0.664964
v 0.990635 -1.472326 -0.596724
v 1.142560 -1.390755 -0.522738
v 1.283480 -1.295791 -0.443717
v 1.412041 -1.188347 -0.360423
v 1.527002 -1.069459 -0.273658
v 1.627258 -0.940271 -0.184257
v 1.711842 -0.802029 -0.093082
v 1.779940 -0.656062 -0.001010
v 1.830897 -0.503776 0.091071
v 1.864220 -0.346640 0.182275
v 1.879591 -0.186164 0.271724
v 1.876860 -0.023896 0.358556
v 1.856053 0.138602 0.441935
v 1.817372 0.299765 0.521058
v -1.691563 -0.619732 -0.647100
v -1.605646 -0.775455 -0.692807
v -1.504266 -0.923711 -0.731842
v -1.388399 -1.063070 -0.763828
v -1.259160 -1.192191 -0.788459
v -1.117796 -1.309831 -0.805496
v -0.965666 -1.414856 -0.814776
v -0.804237 -1.506256 -0.816209
v -0.635063 -1.583150 -0.809782
v -0.459772 -1.644797 -0.795556
v -0.280053 -1.690603 -0.773668
v -0.097638 -1.720128 -0.744330
v 0.085718 -1.733088 -0.707823
v 0.268249 -1.729357 -0.664499
v 0.448196 -1.708971 -0.614776
v 0.623827 -1.672127 -0.559133
v 0.793449 -1.619179 -0.498104
v 0.955431 -1.550638 -0.432279
v 1.108211 -1.467164 -0.362290
v 1.250319 -1.369559 -0.288813
v 1.380385 -1.258765 -0.212554
v 1.497157 -1.135849 -0.134248
v 1.599511 -1.001993 -0.054649
v 1.686461 -0.858489 0.025477
v 1.757169 -0.706716 0.105357
v 1.810955 -0.548137 0.184222
v 1.847300 -0.384279 0.261313
v 1.865855 -0.216720 0.335887
v 1.866440 -0.047075 0.407227
v 1.849051 0.123024 0.474645
v 1.813854 0.291939 0.537492
v -1.695709 -0.625877 -0.630103
v -1.613897 -0.787685 -0.658977
v -1.516544 -0.941908 -0.681505
v -1.404584 -1.087059 -0.697469
v -1.279098 -1.221742 -0.706716
v -1.141294 -1.344659 -0.709158
v -0.992498 -1.454625 -0.704769
v -0.834144 -1.550583 -0.693594
v -0.667757 -1.631608 -0.675738
v -0.494939 -1.696920 -0.651375
v -0.317355 -1.745889 -0.620739
v -0.136713 -1.778045 -0.584125
v 0.045244 -1.793077 -0.541885
v 0.226766 -1.790840 -0.494427
v 0.406104 -1.771357 -0.442207
v 0.581531 -1.734815 -0.385728
v 0.751358 -1.681566 -0.325534
v 0.913948 -1.612122 -0.262206
v 1.067737 -1.527152 -0.196352
v 1.211243 -1.427475 -0.128607
v 1.343084 -1.314051 -0.059624
v 1.461990 -1.187972 0.009933
v 1.566816 -1.050452 0.079395
v 1.656554 -0.902816 0.148092
v 1.730337 -0.746484 0.215363
v 1.787457 -0.582964 0.280560
v 1.827362 -0.413830 0.343055
v 1.849669 -0.240710 0.402247
v 1.854162 -0.065272 0.457564
v 1.840799 0.110795 0.508475
v 1.809708 0.285794 0.554489
v -1.700439 -0.630276 -0.612718
v -1.623313 -0.796442 -0.624375
v -1.530553 -0.954938 -0.630019
v -1.423054 -1.104237 -0.629595
v -1.301849 -1.242901 -0.623108
v -1.168107 -1.369596 -0.610620
v -1.023116 -1.483101 -0.592251
v -0.868271 -1.582323 -0.568179
v -0.705065 -1.666306 -0.538635
v -0.535068 -1.734242 -0.503904
v -0.359918 -1.785475 -0.464319
v -0.181302 -1.819514 -0.420263
v -0.000940 -1.836030 -0.372160
v 0.179431 -1.834864 -0.320472
v 0.358074 -1.816027 -0.265698
v 0.533269 -1.779702 -0.208365
v 0.703327 -1.726236 -0.149026
v 0.866613 -1.656146 -0.088251
v 1.021552 -1.570106 -0.026627
v 1.166654 -1.468945 0.035254
v 1.300520 -1.353637 0.096796
v 1.421861 -1.225294 0.157405
v 1.529509 -1.085150 0.216498
v 1.622427 -0.934555 0.273507
v 1.699720 -0.774960 0.327881
v 1.760643 -0.607902 0.379098
v 1.804611 -0.434989 0.426663
v 1.831200 -0.257887 0.470120
v 1.840153 -0.078302 0.509050
v 1.831384 0.102038 0.543077
v 1.804977 0.281395 0.571873
v -1.705706 -0.632886 -0.595124
v -1.633796 -0.801636 -0.589356
v -1.546152 -0.962666 -0.577912
v -1.443617 -1.114425 -0.560903
v -1.327180 -1.255452 -0.538492
v -1.197961 -1.384388 -0.510895
v -1.057205 -1.499991 -0.478377
v -0.906268 -1.601149 -0.441253
v -0.746602 -1.686887 -0.399879
v -0.579747 -1.756379 -0.354654
v -0.407308 -1.808956 -0.306013
v -0.230947 -1.844112 -0.254426
v -0.052361 -1.861508 -0.200388
v 0.126729 -1.860977 -0.144420
v 0.304598 -1.842523 -0.087061
v 0.479534 -1.806326 -0.028864
v 0.649851 -1.752732 0.029611
v 0.813911 -1.682258 0.087801
v 0.970132 -1.595584 0.145145
v 1.117009 -1.493542 0.201091
v 1.253130 -1.377118 0.255101
v 1.377182 -1.247431 0.306654
v 1.487971 -1.105731 0.355254
v 1.584431 -0.953381 0.400433
v 1.665631 -0.791850 0.441755
v 1.730790 -0.622693 0.478823
v 1.779281 -0.447540 0.511280
v 1.810636 -0.268076 0.538812
v 1.824554 -0.086030 0.561156
v 1.820900 0.096844 0.578095
v 1.799711 0.278785 0.589467
v -1.711455 -0.633679 -0.577501
v -1.645239 -0.803214 -0.554279
v -1.563179 -0.965015 -0.525720
v -1.466064 -1.117521 -0.492098
v -1.354830 -1.259265 -0.453736
v -1.230548 -1.388882 -0.411005
v -1.094415 -1.505123 -0.364315
v -0.947743 -1.606869 -0.314117
v -0.791944 -1.693139 -0.260894
v -0.628517 -1.763105 -0.205158
v -0.459038 -1.816090 -0.147446
v -0.285137 -1.851585 -0.088315
v -0.108491 -1.869249 -0.028333
v 0.069200 -1.868910 0.031922
v 0.246225 -1.850573 0.091870
v 0.420878 -1.814415 0.150933
v 0.591478 -1.760782 0.208542
v 0.756382 -1.690192 0.264143
v 0.914002 -1.603324 0.317200
v 1.062819 -1.501015 0.367202
v 1.201401 -1.384252 0.413668
v 1.328412 -1.254157 0.456150
v 1.442630 -1.111983 0.494239
v 1.542955 -0.959101 0.527569
v 1.628420 -0.796982 0.555817
v 1.698203 -0.627187 0.578713
v 1.751631 -0.451353 0.596035
v 1.788190 -0.271171 0.607618
v 1.807527 -0.088379 0.613348
v 1.809457 0.095266 0.613172
v 1.793961 0.277992 0.607091
v -1.717628 -0.632647 -0.560029
v -1.657525 -0.801160 -0.519505
v -1.581459 -0.961958 -0.473977
v -1.490163 -1.113492 -0.423885
v -1.384516 -1.254301 -0.369710
v -1.265535 -1.383032 -0.311975
v -1.134366 -1.498443 -0.251236
v -0.992273 -1.599423 -0.188076
v -0.840623 -1.685000 -0.123106
v -0.680878 -1.754350 -0.056950
v -0.514576 -1.806803 0.009755
v -0.343318 -1.841857 0.076365
v -0.168754 -1.859173 0.142240
v 0.007436 -1.858583 0.206745
v 0.183554 -1.840094 0.269260
v 0.357904 -1.803885 0.329181
v 0.528807 -1.750303 0.385932
v 0.694618 -1.679865 0.438966
v 0.853739 -1.593248 0.487773
v 1.004638 -1.491287 0.531882
v 1.145862 -1.374965 0.570869
v 1.276051 -1.245402 0.604358
v 1.393950 -1.103844 0.632027
v 1.498425 -0.951656 0.653609
v 1.588470 -0.790302 0.668897
v 1.663216 -0.621338 0.677742
v 1.721945 -0.446389 0.680061
v 1.764091 -0.267142 0.675830
v 1.789247 -0.085322 0.665091
v 1.797172 0.097320 0.647947
v 1.787789 0.279024 0.624562
v -1.724161 -0.629800 -0.542889
v -1.670527 -0.795495 -0.485389
v -1.600806 -0.953528 -0.423215
v -1.515668 -1.102378 -0.356965
v -1.415933 -1.240612 -0.287277
v -1.302562 -1.366899 -0.214822
v -1.176646 -1.480020 -0.140299
v -1.039399 -1.578889 -0.064424
v -0.892142 -1.662552 0.012071
v -0.736293 -1.730204 0.088449
v -0.573353 -1.781193 0.163977
v -0.404891 -1.815028 0.237924
v -0.232530 -1.831383 0.309581
v -0.057930 -1.830101 0.378256
v 0.117228 -1.811194 0.443288
v 0.291257 -1.774845 0.504052
v 0.462482 -1.721403 0.559960
v 0.629252 -1.651383 0.610476
v 0.789962 -1.565459 0.655114
v 0.943065 -1.464458 0.693441
v 1.087085 -1.349355 0.725091
v 1.220636 -1.221256 0.749758
v 1.342432 -1.081396 0.767204
v 1.451299 -0.931121 0.777261
v 1.546189 -0.771879 0.779834
v 1.626189 -0.605204 0.774895
v 1.690528 -0.432700 0.762494
v 1.738586 -0.256029 0.742750
v 1.769900 -0.076892 0.715853
v 1.784170 0.102985 0.682062
v 1.781256 0.281871 0.641702
v -1.730986 -0.625169 -0.526255
v -1.684112 -0.786276 -0.452282
v -1.621020 -0.939812 -0.373954
v -1.542316 -1.084296 -0.292024
v -1.448759 -1.218338 -0.207281
v -1.341249 -1.340647 -0.120543
v -1.220823 -1.450044 -0.032643
v -1.088639 -1.545476 0.055571
v -0.945971 -1.626026 0.143249
v -0.794193 -1.690915 0.229548
v -0.634766 -1.739520 0.313637
v -0.469226 -1.771372 0.394705
v -0.299167 -1.786166 0.471972
v -0.126228 -1.783757 0.544693
v 0.047928 -1.764170 0.612169
v 0.221622 -1.727593 0.673750
v 0.393181 -1.674378 0.728841
v 0.560955 -1.605039 0.776914
v 0.723325 -1.520241 0.817505
v 0.878730 -1.420803 0.850222
v 1.025672 -1.307682 0.874752
v 1.162736 -1.181967 0.890857
v 1.288603 -1.044869 0.898382
v 1.402059 -0.897709 0.897256
v 1.502013 -0.741903 0.887489
v 1.587502 -0.578952 0.869175
v 1.657702 -0.410426 0.842490
v 1.711938 -0.237946 0.807691
v 1.749686 -0.063176 0.765114
v 1.770584 0.112204 0.715169
v 1.774431 0.286502 0.658336
v -1.738034 -0.618800 -0.510300
v -1.698141 -0.773599 -0.420525
v -1.641894 -0.920949 -0.326700
v -1.569835 -1.059429 -0.229729
v -1.482657 -1.187706 -0.130545
v -1.381200 -1.304546 -0.030104
v -1.266442 -1.408821 0.070626
v -1.139487 -1.499529 0.170677
v -1.001558 -1.575796 0.269083
v -0.853983 -1.636887 0.364899
v -0.698185 -1.682213 0.457200
v -0.535662 -1.711339 0.545098
v -0.367981 -1.723984 0.627747
v -0.196755 -1.720026 0.704350
v -0.023636 -1.699503 0.774170
v 0.149712 -1.662614 0.836534
v 0.321618 -1.609712 0.890842
v 0.490427 -1.541308 0.936571
v 0.654512 -1.458060 0.973280
v 0.812294 -1.360770 1.000615
v 0.962253 -1.250375 1.018315
v 1.102946 -1.127939 1.026207
v 1.233016 -0.994640 1.024217
v 1.351212 -0.851761 1.012362
v 1.456394 -0.700680 0.990758
v 1.547551 -0.542851 0.959613
v 1.623804 -0.379795 0.919226
v 1.684419 -0.213080 0.869986
v 1.728812 -0.044313 0.812368
v 1.756555 0.124880 0.746926
v 1.767382 0.292871 0.674291
v -1.745234 -0.610758 -0.495185
v -1.712470 -0.757594 -0.390442
v -1.663214 -0.897134 -0.281938
v -1.597941 -1.028034 -0.170718
v -1.517279 -1.149033 -0.057855
v -1.422004 -1.258967 0.055565
v -1.313035 -1.356775 0.168450
v -1.191421 -1.441518 0.279713
v -1.058332 -1.512378 0.388282
v -0.915051 -1.568673 0.493112
v -0.762958 -1.609860 0.593193
v -0.603517 -1.635544 0.687561
v -0.438264 -1.645477 0.775308
v -0.268790 -1.639562 0.855588
v -0.096728 -1.617858 0.927628
v 0.076266 -1.580573 0.990735
v 0.248526 -1.528066 1.044301
v 0.418392 -1.460844 1.087809
v 0.584229 -1.379552 1.120841
v 0.744439 -1.284974 1.143078
v 0.897480 -1.178022 1.154308
v 1.041878 -1.059725 1.154420
v 1.176242 -0.931222 1.143415
v 1.299278 -0.793750 1.121399
v 1.409801 -0.648635 1.088582
v 1.506747 -0.497272 1.045282
v 1.589182 -0.341121 0.991916
v 1.656312 -0.181684 0.928996
v 1.707492 -0.020498 0.857130
v 1.742227 0.140886 0.777009
v 1.760183 0.300913 0.689406
v -1.752509 -0.601127 -0.481067
v -1.726951 -0.738425 -0.362342
v -1.684762 -0.868611 -0.240126
v -1.626347 -0.990432 -0.115599
v -1.552270 -1.102714 0.010042
v -1.463243 -1.204377 0.135586
v -1.360125 -1.294440 0.259825
v -1.243908 -1.372038 0.381561
v -1.115712 -1.436422 0.499623
v -0.976770 -1.486973 0.612873
v -0.828422 -1.523203 0.720220
v -0.672095 -1.544764 0.820632
v -0.509296 -1.551448 0.913140
v -0.341592 -1.543191 0.996855
v -0.170599 -1.520072 1.070969
v 0.002038 -1.482314 1.134770
v 0.174655 -1.430280 1.187642
v 0.345590 -1.364473 1.229076
v 0.513196 -1.285524 1.258673
v 0.675861 -1.194195 1.276149
v 0.832016 -1.091365 1.281335
v 0.980159 -0.978025 1.274181
v 1.118862 -0.855266 1.254756
v 1.246790 -0.724270 1.223246
v 1.362710 -0.586300 1.179957
v 1.465508 -0.442682 1.125304
v 1.554191 -0.294802 1.059813
v 1.627906 -0.144082 0.984116
v 1.685944 0.008025 0.898941
v 1.727746 0.160055 0.805109
v 1.752908 0.310544 0.703523
v -1.759787 -0.590005 -0.468091
v -1.741437 -0.716288 -0.336514
v -1.706315 -0.835672 -0.201696
v -1.654761 -0.947009 -0.064935
v -1.587271 -1.049225 0.072451
v -1.504494 -1.141336 0.209139
v -1.407229 -1.222456 0.343812
v -1.296410 -1.291803 0.475175
v -1.173107 -1.348709 0.601962
v -1.038506 -1.392627 0.722951
v -0.893904 -1.423132 0.836978
v -0.740693 -1.439932 0.942944
v -0.580348 -1.442865 1.039830
v -0.414415 -1.431902 1.126701
v -0.244491 -1.407149 1.202722
v -0.072212 -1.368845 1.267160
v 0.100763 -1.317357 1.319394
v 0.272767 -1.253183 1.358922
v 0.442144 -1.176940 1.385363
v 0.607263 -1.089363 1.398461
v 0.766534 -0.991294 1.398093
v 0.918423 -0.883679 1.384259
v 1.061467 -0.767553 1.357095
v 1.194288 -0.644035 1.316860
v 1.315607 -0.514315 1.263944
v 1.424257 -0.379642 1.198856
v 1.519190 -0.241313 1.122221
v 1.599492 -0.100659 1.034779
v 1.664391 0.040964 0.937372
v 1.713260 0.182192 0.830937
v 1.745630 0.321666 0.716500
v -1.766992 -0.577506 -0.456388
v -1.755777 -0.691411 -0.313222
v -1.727654 -0.798656 -0.167039
v -1.682892 -0.898210 -0.019247
v -1.621922 -0.989114 0.128730
v -1.545333 -1.070492 0.275467
v -1.453862 -1.141561 0.419551
v -1.348389 -1.201635 0.559595
v -1.229930 -1.250138 0.694249
v -1.099626 -1.286601 0.822218
v -0.958733 -1.310673 0.942268
v -0.808606 -1.322122 1.053244
v -0.650692 -1.320840 1.154077
v -0.486511 -1.306836 1.243795
v -0.317645 -1.280247 1.321535
v -0.145720 -1.241329 1.386548
v 0.027608 -1.190455 1.438207
v 0.200671 -1.128118 1.476015
v 0.371801 -1.054915 1.499609
v 0.539350 -0.971553 1.508761
v 0.701705 -0.878835 1.503383
v 0.857303 -0.777653 1.483526
v 1.004644 -0.668982 1.449382
v 1.142310 -0.553868 1.401280
v 1.268974 -0.433420 1.339683
v 1.383418 -0.308798 1.265184
v 1.484538 -0.181202 1.178500
v 1.571362 -0.051861 1.080467
v 1.643052 0.077979 0.972028
v 1.698920 0.207069 0.854228
v 1.738425 0.334164 0.728202
v -1.774051 -0.563759 -0.446081
v -1.769827 -0.664048 -0.292706
v -1.748558 -0.757943 -0.136513
v -1.710450 -0.844537 0.020996
v -1.655869 -0.922999 0.178302
v -1.585342 -0.992571 0.333890
v -1.499547 -1.052585 0.486263
v -1.399310 -1.102461 0.633954
v -1.285597 -1.141721 0.775539
v -1.159503 -1.169984 0.909655
v -1.022243 -1.186980 1.035011
v -0.875137 -1.192545 1.150399
v -0.719604 -1.186625 1.254708
v -0.557140 -1.169278 1.346934
v -0.389311 -1.140669 1.426188
v -0.217733 -1.101075 1.491707
v -0.044058 -1.050877 1.542860
v 0.130042 -0.990559 1.579154
v 0.302889 -0.920701 1.600241
v 0.472819 -0.841976 1.605916
v 0.638196 -0.755142 1.596125
v 0.797426 -0.661037 1.570963
v 0.948977 -0.560564 1.530672
v 1.091389 -0.454694 1.475639
v 1.223289 -0.344444 1.406395
v 1.343409 -0.230877 1.323607
v 1.450591 -0.115087 1.228072
v 1.543804 0.001812 1.120710
v 1.622148 0.118693 1.002555
v 1.684870 0.234431 0.874744
v 1.731366 0.347912 0.738509
v -1.780890 -0.548904 -0.437274
v -1.783440 -0.634482 -0.275177
v -1.768814 -0.713949 -0.110430
v -1.737153 -0.786541 0.055381
v -1.688763 -0.851558 0.220658
v -1.624109 -0.908373 0.383810
v -1.543814 -0.956441 0.543265
v -1.448651 -0.995297 0.697489
v -1.339537 -1.024569 0.844996
v -1.217522 -1.043973 0.984365
v -1.083782 -1.053323 1.114254
v -0.939605 -1.052529 1.233412
v -0.786378 -1.041599 1.340692
v -0.625579 -1.020638 1.435060
v -0.458754 -0.989846 1.515608
v -0.287512 -0.949523 1.581560
v -0.113501 -0.900055 1.632280
v 0.061604 -0.841919 1.667281
v 0.236115 -0.775674 1.686224
v 0.408352 -0.701960 1.688929
v 0.576656 -0.621485 1.675368
v 0.739407 -0.535026 1.645673
v 0.895037 -0.443413 1.600129
v 1.042047 -0.347530 1.539175
v 1.179022 -0.248300 1.463397
v 1.304642 -0.146679 1.373527
v 1.417698 -0.043646 1.270429
v 1.517100 0.059808 1.155095
v 1.601892 0.162686 1.028638
v 1.671257 0.263998 0.892273
v 1.724527 0.362766 0.747316
v -1.787441 -0.533094 -0.430057
v -1.796478 -0.603015 -0.260814
v -1.788213 -0.667128 -0.089058
v -1.762728 -0.724816 0.083556
v -1.720266 -0.775523 0.255364
v -1.661237 -0.818762 0.424713
v -1.586209 -0.854116 0.589972
v -1.495906 -0.881244 0.749549
v -1.391196 -0.899886 0.901908
v -1.273088 -0.909861 1.045581
v -1.142720 -0.911073 1.179184
v -1.001346 -0.903512 1.301431
v -0.850329 -0.887249 1.411145
v -0.691123 -0.862441 1.507269
v -0.525261 -0.829327 1.588877
v -0.354341 -0.788227 1.655184
v -0.180008 -0.739536 1.705549
v -0.003941 -0.683723 1.739490
v 0.172164 -0.621324 1.756678
v 0.346610 -0.552942 1.756948
v 0.517718 -0.479235 1.740299
v 0.683841 -0.400913 1.706889
v 0.843378 -0.318730 1.657041
v 0.994792 -0.233477 1.591234
v 1.136626 -0.145976 1.510104
v 1.267514 -0.057068 1.414430
v 1.386195 0.032388 1.305135
v 1.491526 0.121533 1.183270
v 1.582493 0.209508 1.050009
v 1.658220 0.295465 0.906637
v 1.717977 0.378576 0.754533
v -1.793635 -0.516492 -0.424506
v -1.808806 -0.569969 -0.249764
v -1.806557 -0.617958 -0.072616
v -1.786910 -0.659995 0.105231
v -1.750055 -0.695676 0.282064
v -1.696345 -0.724658 0.456180
v -1.626298 -0.746660 0.625903
v -1.540590 -0.761472 0.789599
v -1.440045 -0.768950 0.945691
v -1.325631 -0.769023 1.092675
v -1.198451 -0.761690 1.229135
v -1.059729 -0.747021 1.353759
v -0.910801 -0.725159 1.465346
v -0.753101 -0.696312 1.562820
v -0.588150 -0.660759 1.645243
v -0.417533 -0.618844 1.711823
v -0.242896 -0.570967 1.761916
v -0.065919 -0.517594 1.795041
v 0.111692 -0.459234 1.810879
v 0.288228 -0.396452 1.809276
v 0.461988 -0.329852 1.790250
v 0.631298 -0.260076 1.753983
v 0.794529 -0.187795 1.700824
v 0.950109 -0.113705 1.631284
v 1.096537 -0.038520 1.546035
v 1.232406 0.037036 1.445897
v 1.356406 0.112235 1.331834
v 1.467343 0.186354 1.204945
v 1.564149 0.258677 1.066451
v 1.645891 0.328510 0.917686
v 1.711783 0.395178 0.760085
v -1.799409 -0.499267 -0.420676
v -1.820298 -0.535685 -0.242141
v -1.823658 -0.566945 -0.061274
v -1.809454 -0.592745 0.120183
v -1.777824 -0.612836 0.300483
v -1.729073 -0.627025 0.477888
v -1.663669 -0.635176 0.650691
v -1.582244 -0.637209 0.817228
v -1.485581 -0.633106 0.975895
v -1.374611 -0.622906 1.125164
v -1.250403 -0.606706 1.263595
v -1.114153 -0.584664 1.389859
v -0.967173 -0.556992 1.502737
v -0.810878 -0.523955 1.601143
v -0.646774 -0.485871 1.684129
v -0.476442 -0.443110 1.750897
v -0.301521 -0.396080 1.800801
v -0.123696 -0.345236 1.833364
v 0.055320 -0.291067 1.848270
v 0.233804 -0.234095 1.845376
v 0.410035 -0.174869 1.824710
v 0.582318 -0.113958 1.786472
v 0.748993 -0.051950 1.731028
v 0.908454 0.010558 1.658914
v 1.059166 0.072965 1.570823
v 1.199679 0.134669 1.467605
v 1.328637 0.195076 1.350254
v 1.444800 0.253604 1.219898
v 1.547049 0.309690 1.077793
v 1.634399 0.362794 0.925309
v 1.706009 0.412403 0.763914
v -1.804704 -0.481596 -0.418607
v -1.830837 -0.500514 -0.238023
v -1.839339 -0.514612 -0.055147
v -1.830126 -0.523754 0.128261
v -1.803288 -0.527852 0.310433
v -1.759084 -0.526866 0.489615
v -1.697939 -0.520807 0.664082
v -1.620442 -0.509731 0.832153
v -1.527339 -0.493747 0.992212
v -1.419527 -0.473008 1.142714
v -1.298044 -0.447713 1.282210
v -1.164060 -0.418106 1.409359
v -1.018866 -0.384474 1.522936
v -0.863859 -0.347138 1.621845
v -0.700533 -0.306458 1.705135
v -0.530461 -0.262829 1.772004
v -0.355280 -0.216667 1.821807
v -0.176677 -0.168419 1.854065
v 0.003627 -0.118549 1.868468
v 0.183896 -0.067537 1.864876
v 0.362394 -0.015875 1.843325
v 0.537402 0.035940 1.804022
v 0.707235 0.087409 1.747344
v 0.870257 0.138036 1.673839
v 1.024897 0.187334 1.584214
v 1.169667 0.234828 1.479332
v 1.303173 0.280060 1.360204
v 1.424128 0.322595 1.227975
v 1.531368 0.362023 1.083920
v 1.623860 0.397965 0.929427
v 1.700714 0.430074 0.765983
v -1.809465 -0.463661 -0.418320
v -1.840314 -0.464817 -0.237453
v -1.853439 -0.461496 -0.054298
v -1.848715 -0.453731 0.129380
v -1.826187 -0.441597 0.311811
v -1.786071 -0.425209 0.491240
v -1.728755 -0.404727 0.665937
v -1.654790 -0.380346 0.834221
v -1.564889 -0.352303 0.994472
v -1.459916 -0.320867 1.145145
v -1.340884 -0.286341 1.284789
v -1.208938 -0.249057 1.412061
v -1.065350 -0.209375 1.525734
v -0.911502 -0.167676 1.624713
v -0.748875 -0.124362 1.708045
v -0.579037 -0.079851 1.774928
v -0.403622 -0.034570 1.824717
v -0.224320 0.011043 1.856933
v -0.042857 0.056550 1.871266
v 0.139018 0.101512 1.867578
v 0.319554 0.145497 1.845903
v 0.497013 0.188080 1.806453
v 0.669685 0.228853 1.749605
v 0.835908 0.267421 1.675906
v 0.994081 0.303414 1.586069
v 1.142680 0.336485 1.480956
v 1.280274 0.366315 1.361582
v 1.405539 0.392617 1.229094
v 1.517267 0.415139 1.084769
v 1.614384 0.433662 0.929998
v 1.695952 0.448009 0.766270
v -1.813644 -0.445645 -0.419819
v -1.848631 -0.428959 -0.240435
v -1.865816 -0.408143 -0.058736
v -1.865031 -0.383395 0.123529
v -1.846285 -0.354955 0.304604
v -1.809758 -0.323096 0.482745
v -1.755802 -0.288127 0.656238
v -1.684937 -0.250382 0.823410
v -1.597845 -0.210226 0.982653
v -1.495366 -0.168045 1.132432
v -1.378484 -0.124246 1.271305
v -1.248327 -0.079250 1.397935
v -1.106149 -0.033491 1.511103
v -0.953317 0.012590 1.609717
v -0.791304 0.058551 1.692829
v -0.621671 0.103947 1.759639
v -0.446051 0.148342 1.809501
v -0.266135 0.191309 1.841938
v -0.083656 0.232433 1.856635
v 0.099629 0.271319 1.853452
v 0.281954 0.307592 1.832420
v 0.461564 0.340902 1.793741
v 0.636729 0.370930 1.737786
v 0.805761 0.397385 1.665095
v 0.967034 0.420014 1.576370
v 1.118994 0.438597 1.472462
v 1.260176 0.452956 1.354375
v 1.389223 0.462953 1.223243
v 1.504891 0.468492 1.080331
v 1.606066 0.469519 0.927015
v 1.691774 0.466024 0.764771
v -1.817198 -0.427734 -0.423087
v -1.855704 -0.393310 -0.246941
v -1.876340 -0.355098 -0.068416
v -1.878905 -0.313467 0.110768
v -1.863375 -0.268816 0.288885
v -1.829900 -0.221577 0.464220
v -1.778802 -0.172204 0.635083
v -1.710573 -0.121172 0.799831
v -1.625871 -0.068973 0.956877
v -1.525511 -0.016110 1.104707
v -1.410458 0.036908 1.241897
v -1.281823 0.089571 1.367128
v -1.140843 0.141371 1.479193
v -0.988875 0.191809 1.577013
v -0.827385 0.240402 1.659644
v -0.657926 0.286677 1.726293
v -0.482131 0.330193 1.776316
v -0.301693 0.370528 1.809233
v -0.118350 0.407295 1.824726
v 0.066134 0.440140 1.822645
v 0.249980 0.468746 1.803012
v 0.431419 0.492837 1.766015
v 0.608703 0.512183 1.712010
v 0.780125 0.526595 1.641517
v 0.944034 0.535937 1.555215
v 1.098851 0.540117 1.453936
v 1.243086 0.539095 1.338656
v 1.375349 0.532881 1.210482
v 1.494367 0.521536 1.070652
v 1.598993 0.505168 0.920509
v 1.688220 0.483935 0.761503
v -1.820089 -0.410112 -0.428092
v -1.861460 -0.358235 -0.256902
v -1.884904 -0.302908 -0.083237
v -1.890196 -0.244664 0.091229
v -1.877283 -0.184064 0.264816
v -1.846292 -0.121691 0.435853
v -1.797519 -0.058147 0.602692
v -1.731436 0.005958 0.763727
v -1.648678 0.070006 0.917408
v -1.550042 0.133379 1.062252
v -1.436478 0.195468 1.196867
v -1.309081 0.255674 1.319955
v -1.169076 0.313418 1.430333
v -1.017812 0.368144 1.526934
v -0.856747 0.419325 1.608831
v -0.687430 0.466466 1.675234
v -0.511493 0.509116 1.725503
v -0.330630 0.546862 1.759155
v -0.146583 0.579343 1.775865
v 0.038876 0.606243 1.775472
v 0.223960 0.627306 1.757981
v 0.406887 0.642326 1.723560
v 0.585896 0.651161 1.672540
v 0.759263 0.653725 1.605412
v 0.925317 0.649994 1.522824
v 1.082460 0.640002 1.425569
v 1.229178 0.623847 1.314587
v 1.364058 0.601684 1.190943
v 1.485802 0.573726 1.055830
v 1.593237 0.540243 0.910548
v 1.685328 0.501557 0.756498
v -1.822290 -0.392958 -0.434782
v -1.865840 -0.324094 -0.270217
v -1.891421 -0.252108 -0.103049
v -1.898787 -0.177693 0.065111
v -1.887866 -0.101568 0.232643
v -1.858764 -0.024465 0.397935
v -1.811761 0.052874 0.559395
v -1.747310 0.129704 0.715467
v -1.666032 0.205285 0.864650
v -1.568709 0.278889 1.005505
v -1.456277 0.349806 1.136676
v -1.329822 0.417355 1.256901
v -1.190559 0.480885 1.365022
v -1.039831 0.539784 1.459996
v -0.879089 0.593484 1.540910
v -0.709880 0.641469 1.606984
v -0.533835 0.683276 1.657582
v -0.352649 0.718502 1.692217
v -0.168066 0.746809 1.710554
v 0.018135 0.767924 1.712418
v 0.204161 0.781644 1.697791
v 0.388221 0.787836 1.666813
v 0.568542 0.786440 1.619782
v 0.743388 0.777471 1.557153
v 0.911075 0.761014 1.479526
v 1.069987 0.737228 1.387652
v 1.218595 0.706343 1.282414
v 1.355467 0.668654 1.164825
v 1.479285 0.624527 1.036018
v 1.588857 0.574384 0.897233
v 1.683128 0.518711 0.749809
v -1.823776 -0.376450 -0.443088
v -1.868799 -0.291237 -0.286749
v -1.895824 -0.203218 -0.127648
v -1.904591 -0.113242 0.032682
v -1.895015 -0.022176 0.192697
v -1.867190 0.069104 0.350856
v -1.821382 0.159718 0.505636
v -1.758034 0.248795 0.655547
v -1.677755 0.335475 0.799146
v -1.581318 0.418925 0.935047
v -1.469652 0.498339 1.061943
v -1.343833 0.572955 1.178612
v -1.205072 0.642053 1.283931
v -1.054705 0.704968 1.376885
v -0.894181 0.761093 1.456578
v -0.725046 0.809889 1.522245
v -0.548928 0.850885 1.573250
v -0.367523 0.883686 1.609106
v -0.182579 0.907977 1.629464
v 0.004123 0.923524 1.634129
v 0.190786 0.930177 1.623057
v 0.375611 0.927872 1.596355
v 0.556819 0.916631 1.554278
v 0.732664 0.896562 1.497233
v 0.901454 0.867859 1.425768
v 1.061562 0.830797 1.340573
v 1.211446 0.785735 1.242468
v 1.349663 0.733106 1.132396
v 1.474883 0.673417 1.011419
v 1.585899 0.607242 0.880702
v 1.681641 0.535219 0.741503
v -1.824534 -0.360757 -0.452925
v -1.870306 -0.260001 -0.306328
v -1.898066 -0.156740 -0.156781
v -1.907547 -0.051970 -0.005724
v -1.898657 0.053300 0.145388
v -1.871482 0.158057 0.295099
v -1.826284 0.261291 0.441969
v -1.763497 0.362010 0.584582
v -1.683727 0.459242 0.721566
v -1.587742 0.552051 0.851600
v -1.476466 0.639543 0.973433
v -1.350971 0.720877 1.085892
v -1.212465 0.795269 1.187893
v -1.062283 0.862001 1.278454
v -0.901870 0.920432 1.356702
v -0.732772 0.969999 1.421885
v -0.556616 1.010224 1.473374
v -0.375100 1.040720 1.510674
v -0.189972 1.061193 1.533425
v -0.003014 1.071446 1.541409
v 0.183972 1.071381 1.534548
v 0.369187 1.060998 1.512909
v 0.550847 1.040397 1.476699
v 0.727201 1.009776 1.426268
v 0.896553 0.969431 1.362101
v 1.057269 0.919750 1.284816
v 1.207804 0.861211 1.195159
v 1.346707 0.794377 1.093990
v 1.472640 0.719894 0.982286
v 1.584391 0.638477 0.861122
v 1.680884 0.550912 0.731666
v -1.824554 -0.346039 -0.464192
v -1.870346 -0.230707 -0.328754
v -1.898126 -0.113152 -0.190149
v -1.907626 0.005492 -0.049714
v -1.898754 0.124083 0.091201
v -1.871597 0.241479 0.231236
v -1.826415 0.356549 0.369045
v -1.763643 0.468186 0.503300
v -1.683887 0.575314 0.632709
v -1.587914 0.676901 0.756023
v -1.476648 0.771969 0.872056
v -1.351161 0.859603 0.979691
v -1.212663 0.938959 1.077893
v -1.062485 1.009272 1.165712
v -0.902075 1.069865 1.242305
v -0.732978 1.120155 1.306935
v -0.556822 1.159657 1.358977
v -0.375303 1.187990 1.397933
v -0.190170 1.204883 1.423425
v -0.003205 1.210172 1.435209
v 0.183790 1.203807 1.433171
v 0.369015 1.185849 1.417331
v 0.550687 1.156469 1.387841
v 0.727055 1.115953 1.344986
v 0.896421 1.064689 1.289177
v 1.057155 1.003172 1.220953
v 1.207707 0.931994 1.140972
v 1.346628 0.851840 1.050001
v 1.472580 0.763482 0.948918
v 1.584351 0.667771 0.838697
v 1.680864 0.565630 0.720399
v -1.823837 -0.332447 -0.476774
v -1.868919 -0.203655 -0.353796
v -1.896003 -0.072901 -0.227411
v -1.904827 0.058556 -0.098835
v -1.895306 0.189448 0.030692
v -1.867533 0.318515 0.159923
v -1.821774 0.444515 0.287614
v -1.758471 0.566235 0.412535
v -1.678233 0.682501 0.533484
v -1.581832 0.792194 0.649294
v -1.470197 0.894258 0.758852
v -1.344403 0.987710 0.861101
v -1.205663 1.071650 0.955059
v -1.055311 1.145269 1.039818
v -0.894795 1.207859 1.114562
v -0.725663 1.258817 1.178574
v -0.549542 1.297651 1.231234
v -0.368129 1.323988 1.272038
v -0.183170 1.337574 1.300591
v 0.003553 1.338279 1.316618
v 0.190241 1.326096 1.319966
v 0.375098 1.301142 1.310603
v 0.556342 1.263656 1.288617
v 0.732228 1.214001 1.254221
v 0.901062 1.152655 1.207746
v 1.061219 1.080208 1.149640
v 1.211155 0.997359 1.080462
v 1.349427 0.904903 1.000879
v 1.474704 0.803733 0.911657
v 1.585778 0.694823 0.813655
v 1.681581 0.579221 0.707817
v -1.822390 -0.320122 -0.490541
v -1.866039 -0.179123 -0.381197
v -1.891718 -0.036399 -0.268183
v -1.899178 0.106676 -0.152585
v -1.888348 0.248724 -0.035518
v -1.859332 0.388375 0.081890
v -1.812410 0.524287 0.198510
v -1.748033 0.655150 0.313218
v -1.666822 0.779703 0.424911
v -1.569558 0.896748 0.532511
v -1.457179 1.005155 0.634982
v -1.330766 1.103883 0.731338
v -1.191537 1.191980 0.820652
v -1.040833 1.268598 0.902062
v -0.880105 1.332998 0.974784
v -0.710902 1.384561 1.038119
v -0.534852 1.422790 1.091456
v -0.353651 1.447317 1.134282
v -0.169044 1.457904 1.166184
v 0.017191 1.454452 1.186855
v 0.203260 1.436993 1.196096
v 0.387371 1.405695 1.193819
v 0.567752 1.360858 1.180044
v 0.742665 1.302916 1.154904
v 0.910426 1.232427 1.118642
v 1.069420 1.150068 1.071607
v 1.218113 1.056634 1.014253
v 1.355076 0.953024 0.947129
v 1.478989 0.840235 0.870885
v 1.588658 0.719355 0.786253
v 1.683027 0.591547 0.694050
v -1.820228 -0.309189 -0.505352
v -1.861736 -0.157363 -0.410677
v -1.885315 -0.004021 -0.312047
v -1.890738 0.149360 -0.210412
v -1.877951 0.301302 -0.106750
v -1.847078 0.450342 -0.002061
v -1.798418 0.595045 0.102649
v -1.732437 0.734018 0.206369
v -1.649772 0.865923 0.308103
v -1.551219 0.989487 0.406869
v -1.437727 1.103522 0.501717
v -1.310389 1.206930 0.591733
v -1.170431 1.298715 0.676051
v -1.019201 1.377992 0.753858
v -0.858156 1.443998 0.824404
v -0.688846 1.496099 0.887012
v -0.512902 1.533790 0.941076
v -0.332019 1.556711 0.986078
v -0.147938 1.564639 1.021584
v 0.037568 1.557499 1.047250
v 0.222711 1.535360 1.062831
v 0.405710 1.498435 1.068178
v 0.584802 1.447078 1.063236
v 0.758261 1.381785 1.048055
v 0.924418 1.303185 1.022781
v 1.081673 1.212035 0.987656
v 1.228510 1.109213 0.943021
v 1.363516 0.995707 0.889303
v 1.485391 0.872613 0.827021
v 1.592961 0.741114 0.756774
v 1.685189 0.602479 0.679239
v -1.817374 -0.299762 -0.521055
v -1.856055 -0.138598 -0.441932
v -1.876861 0.023900 -0.358553
v -1.879592 0.186168 -0.271721
v -1.864222 0.346643 -0.182272
v -1.830898 0.503780 -0.091068
v -1.779941 0.656065 0.001013
v -1.711843 0.802032 0.093084
v -1.627259 0.940275 0.184260
v -1.527003 1.069463 0.273660
v -1.412042 1.188350 0.360425
v -1.283481 1.295794 0.443719
v -1.142561 1.390758 0.522740
v -0.990636 1.472329 0.596727
v -0.829171 1.539721 0.664966
v -0.659722 1.592284 0.726802
v -0.483918 1.629512 0.781638
v -0.303454 1.651048 0.828947
v -0.120068 1.656682 0.868273
v 0.064475 1.646362 0.899236
v 0.248397 1.620188 0.921540
v 0.429926 1.578410 0.934969
v 0.607315 1.521430 0.939393
v 0.778856 1.449798 0.934770
v 0.942895 1.364205 0.921145
v 1.097854 1.265473 0.898649
v 1.242239 1.154554 0.867499
v 1.374662 1.032516 0.827994
v 1.493846 0.900534 0.780514
v 1.598643 0.759879 0.725519
v 1.688044 0.611907 0.663536
v -1.813855 -0.291935 -0.537490
v -1.849052 -0.123021 -0.474643
v -1.866441 0.047078 -0.407225
v -1.865856 0.216724 -0.335885
v -1.847301 0.384283 -0.261310
v -1.810956 0.548140 -0.184219
v -1.757170 0.706719 -0.105354
v -1.686462 0.858491 -0.025474
v -1.599513 1.001997 0.054651
v -1.497158 1.135852 0.134250
v -1.380386 1.258768 0.212556
v -1.250319 1.369562 0.288815
v -1.108212 1.467167 0.362293
v -0.955432 1.550641 0.432281
v -0.793450 1.619182 0.498106
v -0.623827 1.672130 0.559135
v -0.448197 1.708974 0.614778
v -0.268250 1.729360 0.664502
v -0.085719 1.733091 0.707825
v 0.097637 1.720131 0.744332
v 0.280052 1.690606 0.773670
v 0.459771 1.644800 0.795558
v 0.635062 1.583152 0.809784
v 0.804236 1.506258 0.816212
v 0.965666 1.414858 0.814778
v 1.117795 1.309833 0.805498
v 1.259160 1.192193 0.788461
v 1.388398 1.063072 0.763830
v 1.504265 0.923712 0.731843
v 1.605645 0.775456 0.692808
v 1.691562 0.619733 0.647101
v -1.809710 -0.285791 -0.554486
v -1.840801 -0.110791 -0.508472
v -1.854164 0.065276 -0.457562
v -1.849670 0.240714 -0.402244
v -1.827363 0.413834 -0.343053
v -1.787458 0.582968 -0.280558
v -1.730338 0.746487 -0.215361
v -1.656554 0.902819 -0.148090
v -1.566818 1.050456 -0.079392
v -1.461991 1.187975 -0.009931
v -1.343085 1.314054 0.059627
v -1.211244 1.427478 0.128610
v -1.067738 1.527155 0.196355
v -0.913949 1.612125 0.262209
v -0.751358 1.681569 0.325536
v -0.581532 1.734818 0.385730
v -0.406105 1.771360 0.442209
v -0.226767 1.790843 0.494429
v -0.045245 1.793079 0.541887
v 0.136713 1.778047 0.584127
v 0.317354 1.745891 0.620741
v 0.494938 1.696923 0.651378
v 0.667756 1.631611 0.675740
v 0.834144 1.550585 0.693596
v 0.992498 1.454627 0.704771
v 1.141294 1.344661 0.709159
v 1.279098 1.221744 0.706718
v 1.404584 1.087061 0.697471
v 1.516543 0.941909 0.681507
v 1.613897 0.787686 0.658979
v 1.695708 0.625878 0.630105
v -1.804979 -0.281391 -0.571871
v -1.831385 -0.102034 -0.543074
v -1.840154 0.078305 -0.509047
v -1.831201 0.257891 -0.470118
v -1.804612 0.434993 -0.426661
v -1.760644 0.607905 -0.379095
v -1.699721 0.774963 -0.327879
v -1.622428 0.934558 -0.273505
v -1.529510 1.085153 -0.216496
v -1.421862 1.225297 -0.157403
v -1.300521 1.353640 -0.096793
v -1.166655 1.468948 -0.035252
v -1.021554 1.570109 0.026629
v -0.866614 1.656149 0.088254
v -0.703328 1.726239 0.149028
v -0.533269 1.779705 0.208368
v -0.358075 1.816030 0.265700
v -0.179432 1.834867 0.320474
v 0.000939 1.836033 0.372162
v 0.181302 1.819517 0.420265
v 0.359918 1.785478 0.464321
v 0.535067 1.734244 0.503906
v 0.705064 1.666308 0.538637
v 0.868271 1.582325 0.568181
v 1.023115 1.483103 0.592254
v 1.168107 1.369598 0.610622
v 1.301849 1.242904 0.623110
v 1.423053 1.104239 0.629597
v 1.530553 0.954939 0.630021
v 1.623312 0.796443 0.624377
v 1.700438 0.630277 0.612720
v -1.799712 -0.278781 -0.589465
v -1.820902 -0.096840 -0.578093
v -1.824555 0.086034 -0.561154
v -1.810637 0.268080 -0.538810
v -1.779282 0.447544 -0.511278
v -1.730791 0.622697 -0.478821
v -1.665632 0.791853 -0.441753
v -1.584431 0.953384 -0.400431
v -1.487972 1.105734 -0.355252
v -1.377183 1.247434 -0.306653
v -1.253131 1.377121 -0.255099
v -1.117010 1.493545 -0.201090
v -0.970133 1.595587 -0.145143
v -0.813912 1.682261 -0.087798
v -0.649852 1.752735 -0.029609
v -0.479535 1.806329 0.028867
v -0.304599 1.842526 0.087063
v -0.126729 1.860980 0.144422
v 0.052360 1.861511 0.200390
v 0.230946 1.844114 0.254428
v 0.407307 1.808958 0.306015
v 0.579746 1.756382 0.354656
v 0.746602 1.686889 0.399881
v 0.906267 1.601151 0.441255
v 1.057204 1.499993 0.478379
v 1.197960 1.384390 0.510897
v 1.327179 1.255454 0.538494
v 1.443617 1.114427 0.560905
v 1.546151 0.962668 0.577914
v 1.633796 0.801637 0.589358
v 1.705705 0.632887 0.595126
v 1.761189 0.458041 0.595163
v -1.793963 -0.277988 -0.607089
v -1.809458 -0.095262 -0.613170
v -1.807528 0.088382 -0.613346
v -1.788191 0.271176 -0.607616
v -1.751632 0.451357 -0.596034
v -1.698204 0.627191 -0.578711
v -1.628421 0.796985 -0.555815
v -1.542956 0.959104 -0.527567
v -1.442631 1.111987 -0.494237
v -1.328413 1.254160 -0.456149
v -1.201401 1.384254 -0.413666
v -1.062819 1.501018 -0.367201
v -0.914003 1.603327 -0.317198
v -0.756383 1.690195 -0.264141
v -0.591479 1.760785 -0.208540
v -0.420879 1.814418 -0.150931
v -0.246226 1.850576 -0.091868
v -0.069201 1.868913 -0.031920
v 0.108490 1.869251 0.028335
v 0.285137 1.851587 0.088317
v 0.459037 1.816092 0.147448
v 0.628516 1.763108 0.205160
v 0.791943 1.693142 0.260896
v 0.947742 1.606871 0.314119
v 1.094415 1.505125 0.364317
v 1.230548 1.388884 0.411007
v 1.354829 1.259267 0.453738
v 1.466063 1.117523 0.492100
v 1.563178 0.965016 0.525722
v 1.645239 0.803215 0.554281
v 1.711455 0.633680 0.577503
v -1.787790 -0.279021 -0.624560
v -1.797173 -0.097316 -0.647945
v -1.789248 0.085326 -0.665089
v -1.764092 0.267146 -0.675829
v -1.721946 0.446393 -0.680059
v -1.663217 0.621341 -0.677741
v -1.588471 0.790305 -0.668895
v -1.498426 0.951658 -0.653608
v -1.393951 1.103848 -0.632025
v -1.276052 1.245405 -0.604357
v -1.145863 1.374968 -0.570867
v -1.004639 1.491290 -0.531881
v -0.853740 1.593251 -0.487771
v -0.694619 1.679868 -0.438964
v -0.528808 1.750306 -0.385931
v -0.357905 1.803888 -0.329179
v -0.183555 1.840098 -0.269258
v -0.007437 1.858586 -0.206744
v 0.168753 1.859175 -0.142238
v 0.343317 1.841859 -0.076363
v 0.514575 1.806806 -0.009753
v 0.680877 1.754353 0.056952
v 0.840623 1.685003 0.123108
v 0.992272 1.599425 0.188079
v 1.134365 1.498445 0.251238
v 1.265534 1.383034 0.311977
v 1.384515 1.254304 0.369712
v 1.490162 1.113493 0.423887
v 1.581458 0.961959 0.473979
v 1.657524 0.801161 0.519507
v 1.717627 0.632648 0.560031
v -1.781258 -0.281867 -0.641701
v -1.784171 -0.102982 -0.682060
v -1.769901 0.076896 -0.715852
v -1.738587 0.256033 -0.742749
v -1.690529 0.432704 -0.762493
v -1.626190 0.605207 -0.774894
v -1.546190 0.771882 -0.779832
v -1.451300 0.931124 -0.777260
v -1.342433 1.081400 -0.767202
v -1.220637 1.221260 -0.749756
v -1.087086 1.349358 -0.725090
v -0.943065 1.464461 -0.693440
v -0.789963 1.565462 -0.655112
v -0.629253 1.651386 -0.610475
v -0.462482 1.721406 -0.559959
v -0.291258 1.774849 -0.504050
v -0.117229 1.811198 -0.443287
v 0.057929 1.830104 -0.378254
v 0.232530 1.831386 -0.309579
v 0.404891 1.815030 -0.237923
v 0.573353 1.781195 -0.163975
v 0.736292 1.730207 -0.088448
v 0.892141 1.662555 -0.012069
v 1.039398 1.578891 0.064426
v 1.176646 1.480022 0.140301
v 1.302561 1.366900 0.214824
v 1.415932 1.240614 0.287279
v 1.515667 1.102380 0.356967
v 1.600805 0.953530 0.423217
v 1.670527 0.795496 0.485391
v 1.724160 0.629801 0.542891
v -1.774432 -0.286499 -0.658334
v -1.770585 -0.112200 -0.715167
v -1.749687 0.063179 -0.765113
v -1.711939 0.237950 -0.807690
v -1.657703 0.410429 -0.842488
v -1.587503 0.578955 -0.869173
v -1.502014 0.741906 -0.887487
v -1.402060 0.897712 -0.897255
v -1.288604 1.044873 -0.898381
v -1.162737 1.181971 -0.890855
v -1.025673 1.307685 -0.874750
v -0.878730 1.420806 -0.850221
v -0.723326 1.520245 -0.817503
v -0.560955 1.605042 -0.776913
v -0.393182 1.674381 -0.728840
v -0.221623 1.727596 -0.673748
v -0.047928 1.764173 -0.612168
v 0.126227 1.783760 -0.544692
v 0.299167 1.786169 -0.471970
v 0.469226 1.771375 -0.394703
v 0.634766 1.739522 -0.313636
v 0.794192 1.690918 -0.229547
v 0.945970 1.626028 -0.143248
v 1.088638 1.545479 -0.055569
v 1.220822 1.450046 0.032645
v 1.341249 1.340648 0.120545
v 1.448758 1.218340 0.207283
v 1.542315 1.084298 0.292026
v 1.621019 0.939813 0.373956
v 1.684112 0.786277 0.452285
v 1.730985 0.625170 0.526258
v -1.767384 -0.292868 -0.674290
v -1.756557 -0.124877 -0.746925
v -1.728813 0.044317 -0.812367
v -1.684420 0.213084 -0.869985
v -1.623805 0.379798 -0.919225
v -1.547552 0.542855 -0.959612
v -1.456395 0.700683 -0.990757
v -1.351212 0.851764 -1.012361
v -1.233017 0.994643 -1.024215
v -1.102946 1.127942 -1.026206
v -0.962254 1.250378 -1.018314
v -0.812295 1.360772 -1.000614
v -0.654513 1.458063 -0.973279
v -0.490427 1.541311 -0.936570
v -0.321619 1.609715 -0.890841
v -0.149713 1.662617 -0.836533
v 0.023635 1.699506 -0.774169
v 0.196755 1.720029 -0.704349
v 0.367980 1.723987 -0.627746
v 0.535662 1.711341 -0.545097
v 0.698184 1.682216 -0.457199
v 0.853983 1.636890 -0.364898
v 1.001557 1.575798 -0.269082
v 1.139486 1.499531 -0.170675
v 1.266441 1.408823 -0.070624
v 1.381199 1.304548 0.030107
v 1.482656 1.187709 0.130547
v 1.569834 1.059431 0.229731
v 1.641893 0.920950 0.326702
v 1.698141 0.773600 0.420527
v 1.738034 0.618801 0.510302
v -1.760185 -0.300909 -0.689405
v -1.742228 -0.140882 -0.777008
v -1.707493 0.020501 -0.857129
v -1.656313 0.181688 -0.928995
v -1.589182 0.341125 -0.991915
v -1.506747 0.497276 -1.045281
v -1.409801 0.648638 -1.088581
v -1.299278 0.793753 -1.121398
v -1.176242 0.931225 -1.143414
v -1.041878 1.059728 -1.154420
v -0.897481 1.178025 -1.154306
v -0.744439 1.284977 -1.143077
v -0.584229 1.379555 -1.120840
v -0.418393 1.460847 -1.087808
v -0.248526 1.528069 -1.044300
v -0.076267 1.580576 -0.990734
v 0.096727 1.617861 -0.927628
v 0.268790 1.639565 -0.855587
v 0.438263 1.645479 -0.775307
v 0.603517 1.635546 -0.687560
v 0.762958 1.609862 -0.593192
v 0.915051 1.568676 -0.493111
v 1.058332 1.512380 -0.388281
v 1.191420 1.441520 -0.279711
v 1.313035 1.356777 -0.168448
v 1.422004 1.258968 -0.055563
v 1.517278 1.149035 0.057857
v 1.597940 1.028036 0.170721
v 1.663214 0.897135 0.281940
v 1.712469 0.757595 0.390444
v 1.745233 0.610759 0.495188
v -1.752909 -0.310540 -0.703523
v -1.727746 -0.160052 -0.805108
v -1.685945 -0.008022 -0.898940
v -1.627907 0.144086 -0.984115
v -1.554191 0.294805 -1.059812
v -1.465508 0.442686 -1.125302
v -1.362711 0.586303 -1.179955
v -1.246790 0.724273 -1.223246
v -1.118863 0.855270 -1.254755
v -0.980160 0.978029 -1.274180
v -0.832017 1.091368 -1.281334
v -0.675861 1.194197 -1.276148
v -0.513197 1.285527 -1.258672
v -0.345590 1.364476 -1.229075
v -0.174655 1.430283 -1.187641
v -0.002038 1.482317 -1.134768
v 0.170598 1.520075 -1.070969
v 0.341592 1.543194 -0.996854
v 0.509296 1.551451 -0.913139
v 0.672095 1.544767 -0.820631
v 0.828422 1.523206 -0.720219
v 0.976770 1.486976 -0.612872
v 1.115711 1.436425 -0.499621
v 1.243908 1.372041 -0.381559
v 1.360125 1.294443 -0.259823
v 1.463243 1.204379 -0.135584
v 1.552269 1.102716 -0.010040
v 1.626346 0.990433 0.115601
v 1.684761 0.868612 0.240129
v 1.726950 0.738426 0.362344
v 1.752508 0.601128 0.481070
v -1.761190 -0.458038 -0.595162
v -1.745631 -0.321662 -0.716499
v -1.713261 -0.182189 -0.830936
v -1.664392 -0.040960 -0.937371
v -1.599493 0.100663 -1.034779
v -1.519190 0.241316 -1.122221
v -1.424257 0.379645 -1.198855
v -1.315608 0.514318 -1.263943
v -1.194288 0.644038 -1.316860
v -1.061467 0.767557 -1.357094
v -0.918423 0.883682 -1.384259
v -0.766535 0.991297 -1.398091
v -0.607264 1.089365 -1.398461
v -0.442145 1.176944 -1.385362
v -0.272767 1.253186 -1.358921
v -0.100763 1.317360 -1.319393
v 0.072211 1.368848 -1.267159
v 0.244490 1.407151 -1.202721
v 0.414415 1.431905 -1.126701
v 0.580348 1.442868 -1.039829
v 0.740692 1.439934 -0.942943
v 0.893904 1.423134 -0.836977
v 1.038506 1.392630 -0.722950
v 1.173107 1.348712 -0.601960
v 1.296410 1.291805 -0.475173
v 1.407228 1.222458 -0.343811
v 1.504494 1.141338 -0.209136
v 1.587270 1.049227 -0.072449
v 1.654761 0.947010 0.064937
v 1.706315 0.835674 0.201698
v 1.741436 0.716289 0.336516
v 1.759786 0.590006 0.468093
v -1.738426 -0.334161 -0.728201
v -1.698920 -0.207066 -0.854228
v -1.643053 -0.077976 -0.972027
v -1.571362 0.051864 -1.080466
v -1.484539 0.181205 -1.178499
v -1.383418 0.308801 -1.265183
v -1.268975 0.433423 -1.339682
v -1.142310 0.553871 -1.401279
v -1.004644 0.668985 -1.449382
v -0.857303 0.777656 -1.483526
v -0.701706 0.878838 -1.503382
v -0.539351 0.971556 -1.508760
v -0.371801 1.054918 -1.499609
v -0.200671 1.128121 -1.476015
v -0.027609 1.190458 -1.438206
v 0.145720 1.241332 -1.386546
v 0.317645 1.280250 -1.321534
v 0.486511 1.306839 -1.243794
v 0.650691 1.320842 -1.154076
v 0.808605 1.322125 -1.053243
v 0.958732 1.310675 -0.942267
v 1.099626 1.286604 -0.822217
v 1.229930 1.250141 -0.694248
v 1.348388 1.201638 -0.559593
v 1.453861 1.141563 -0.419549
v 1.545333 1.070494 -0.275465
v 1.621922 0.989116 -0.128727
v 1.682891 0.898212 0.019250
v 1.727653 0.798658 0.167042
v 1.755777 0.691412 0.313225
v 1.766991 0.577508 0.456391
v -1.731367 -0.347909 -0.738509
v -1.684871 -0.234428 -0.874743
v -1.622149 -0.118690 -1.002554
v -1.543804 -0.001809 -1.120709
v -1.450592 0.115090 -1.228071
v -1.343410 0.230880 -1.323607
v -1.223290 0.344447 -1.406394
v -1.091389 0.454697 -1.475639
v -0.948977 0.560568 -1.530672
v -0.797426 0.661040 -1.570963
v -0.638196 0.755145 -1.596124
v -0.472819 0.841978 -1.605915
v -0.302889 0.920704 -1.600240
v -0.130042 0.990562 -1.579154
v 0.044058 1.050880 -1.542859
v 0.217733 1.101078 -1.491706
v 0.389311 1.140671 -1.426187
v 0.557140 1.169280 -1.346933
v 0.719604 1.186628 -1.254707
v 0.875137 1.192547 -1.150398
v 1.022242 1.186982 -1.035010
v 1.159503 1.169987 -0.909654
v 1.285597 1.141723 -0.775538
v 1.399309 1.102464 -0.633952
v 1.499546 1.052587 -0.486262
v 1.585341 0.992573 -0.333888
v 1.655869 0.923001 -0.178299
v 1.710449 0.844539 -0.020993
v 1.748557 0.757944 0.136515
v 1.769826 0.664050 0.292709
v 1.774050 0.563760 0.446084
v -1.724528 -0.362763 -0.747316
v -1.671258 -0.263995 -0.892273
v -1.601893 -0.162683 -1.028637
v -1.517101 -0.059805 -1.155094
v -1.417698 0.043649 -1.270428
v -1.304642 0.146682 -1.373526
v -1.179023 0.248303 -1.463397
v -1.042048 0.347533 -1.539174
v -0.895037 0.443416 -1.600129
v -0.739407 0.535028 -1.645673
v -0.576656 0.621488 -1.675367
v -0.408352 0.701962 -1.688928
v -0.236115 0.775677 -1.686224
v -0.061604 0.841922 -1.667280
v 0.113501 0.900057 -1.632280
v 0.287512 0.949526 -1.581559
v 0.458754 0.989849 -1.515607
v 0.625578 1.020640 -1.435060
v 0.786378 1.041602 -1.340691
v 0.939604 1.052531 -1.233411
v 1.083782 1.053325 -1.114253
v 1.217522 1.043976 -0.984364
v 1.339536 1.024572 -0.844995
v 1.448650 0.995300 -0.697488
v 1.543813 0.956443 -0.543264
v 1.624108 0.908376 -0.383808
v 1.688762 0.851560 -0.220656
v 1.737153 0.786543 -0.055378
v 1.768813 0.713951 0.110432
v 1.783439 0.634483 0.275180
v 1.780889 0.548906 0.437277
v -1.717977 -0.378573 -0.754532
v -1.658220 -0.295462 -0.906636
v -1.582494 -0.209505 -1.050009
v -1.491527 -0.121530 -1.183269
v -1.386195 -0.032386 -1.305134
v -1.267514 0.057071 -1.414429
v -1.136627 0.145979 -1.510103
v -0.994792 0.233480 -1.591234
v -0.843378 0.318733 -1.657041
v -0.683841 0.400916 -1.706889
v -0.517719 0.479238 -1.740298
v -0.346610 0.552944 -1.756948
v -0.172164 0.621327 -1.756678
v 0.003941 0.683725 -1.739489
v 0.180008 0.739538 -1.705549
v 0.354340 0.788230 -1.655183
v 0.525261 0.829330 -1.588877
v 0.691123 0.862444 -1.507269
v 0.850329 0.887251 -1.411145
v 1.001346 0.903514 -1.301430
v 1.142720 0.911075 -1.179183
v 1.273088 0.909864 -1.045580
v 1.391196 0.899888 -0.901907
v 1.495906 0.881247 -0.749548
v 1.586209 0.854118 -0.589970
v 1.661236 0.818764 -0.424711
v 1.720265 0.775526 -0.255362
v 1.762727 0.724818 -0.083553
v 1.788212 0.667129 0.089061
v 1.796476 0.603016 0.260817
v 1.787439 0.533096 0.430060
v -1.711783 -0.395176 -0.760084
v -1.645892 -0.328507 -0.917686
v -1.564150 -0.258675 -1.066450
v -1.467344 -0.186351 -1.204944
v -1.356406 -0.112233 -1.331834
v -1.232406 -0.037033 -1.445897
v -1.096538 0.038523 -1.546035
v -0.950109 0.113707 -1.631284
v -0.794529 0.187797 -1.700824
v -0.631298 0.260078 -1.753983
v -0.461988 0.329854 -1.790249
v -0.288228 0.396454 -1.809276
v -0.111692 0.459237 -1.810878
v 0.065919 0.517596 -1.795040
v 0.242896 0.570970 -1.761915
v 0.417533 0.618846 -1.711822
v 0.588150 0.660761 -1.645243
v 0.753101 0.696314 -1.562820
v 0.910801 0.725161 -1.465345
v 1.059728 0.747023 -1.353758
v 1.198450 0.761692 -1.229135
v 1.325631 0.769026 -1.092674
v 1.440044 0.768953 -0.945690
v 1.540590 0.761474 -0.789598
v 1.626298 0.746662 -0.625902
v 1.696344 0.724660 -0.456178
v 1.750054 0.695678 -0.282061
v 1.786910 0.659997 -0.105228
v 1.806556 0.617960 0.072619
v 1.808805 0.569971 0.249767
v 1.793633 0.516493 0.424509
v -1.706009 -0.412401 -0.763914
v -1.634399 -0.362791 -0.925309
v -1.547050 -0.309688 -1.077793
v -1.444800 -0.253602 -1.219897
v -1.328637 -0.195073 -1.350253
v -1.199679 -0.134666 -1.467605
v -1.059167 -0.072962 -1.570823
v -0.908454 -0.010556 -1.658913
v -0.748993 0.051953 -1.731028
v -0.582318 0.113961 -1.786472
v -0.410035 0.174871 -1.824709
v -0.233804 0.234097 -1.845375
v -0.055320 0.291070 -1.848270
v 0.123696 0.345238 -1.833364
v 0.301521 0.396082 -1.800801
v 0.476441 0.443112 -1.750896
v 0.646774 0.485874 -1.684129
v 0.810878 0.523957 -1.601143
v 0.967172 0.556994 -1.502737
v 1.114153 0.584666 -1.389858
v 1.250403 0.606708 -1.263595
v 1.374611 0.622908 -1.125163
v 1.485581 0.633108 -0.975894
v 1.582244 0.637212 -0.817227
v 1.663669 0.635178 -0.650690
v 1.729072 0.627027 -0.477886
v 1.777823 0.612838 -0.300481
v 1.809453 0.592746 -0.120181
v 1.823656 0.566947 0.061276
v 1.820297 0.535687 0.242144
v 1.799407 0.499268 0.420679
v -1.700714 -0.430072 -0.765983
v -1.623861 -0.397963 -0.929427
v -1.531368 -0.362021 -1.083920
v -1.424128 -0.322592 -1.227974
v -1.303173 -0.280057 -1.360203
v -1.169667 -0.234825 -1.479331
v -1.024897 -0.187331 -1.584213
v -0.870257 -0.138034 -1.673839
v -0.707235 -0.087406 -1.747344
v -0.537402 -0.035938 -1.804022
v -0.362395 0.015877 -1.843324
v -0.183896 0.067539 -1.864876
v -0.003627 0.118551 -1.868468
v 0.176677 0.168421 -1.854065
v 0.355280 0.216669 -1.821807
v 0.530461 0.262831 -1.772003
v 0.700533 0.306461 -1.705135
v 0.863859 0.347140 -1.621845
v 1.018866 0.384476 -1.522935
v 1.164060 0.418108 -1.409359
v 1.298044 0.447714 -1.282210
v 1.419527 0.473010 -1.142713
v 1.527339 0.493749 -0.992211
v 1.620441 0.509734 -0.832152
v 1.697939 0.520809 -0.664081
v 1.759084 0.526868 -0.489613
v 1.803288 0.527854 -0.310431
v 1.830125 0.523756 -0.128258
v 1.839337 0.514614 0.055149
v 1.830836 0.500516 0.238026
v 1.804702 0.481598 0.418610
v -1.695953 -0.448007 -0.766270
v -1.614384 -0.433660 -0.929997
v -1.517268 -0.415137 -1.084769
v -1.405539 -0.392615 -1.229093
v -1.280274 -0.366313 -1.361581
v -1.142680 -0.336482 -1.480956
v -0.994081 -0.303411 -1.586068
v -0.835908 -0.267419 -1.675906
v -0.669685 -0.228850 -1.749605
v -0.497013 -0.188079 -1.806453
v -0.319554 -0.145495 -1.845903
v -0.139018 -0.101511 -1.867577
v 0.042857 -0.056548 -1.871266
v 0.224320 -0.011041 -1.856933
v 0.403622 0.034572 -1.824717
v 0.579037 0.079853 -1.774927
v 0.748875 0.124364 -1.708045
v 0.911502 0.167678 -1.624713
v 1.065350 0.209376 -1.525733
v 1.208938 0.249059 -1.412060
v 1.340884 0.286342 -1.284788
v 1.459916 0.320869 -1.145145
v 1.564888 0.352305 -0.994471
v 1.654790 0.380349 -0.834220
v 1.728755 0.404728 -0.665936
v 1.786071 0.425211 -0.491237
v 1.826186 0.441599 -0.311809
v 1.848714 0.453733 -0.129377
v 1.853438 0.461498 0.054301
v 1.840312 0.464819 0.237456
v 1.809464 0.463663 0.418323
v -1.691774 -0.466022 -0.764771
v -1.606066 -0.469517 -0.927014
v -1.504891 -0.468490 -1.080330
v -1.389223 -0.462952 -1.223243
v -1.260176 -0.452954 -1.354374
v -1.118993 -0.438595 -1.472462
v -0.967034 -0.420011 -1.576369
v -0.805761 -0.397384 -1.665095
v -0.636728 -0.370928 -1.737786
v -0.461564 -0.340901 -1.793741
v -0.281954 -0.307590 -1.832420
v -0.099629 -0.271317 -1.853452
v 0.083656 -0.232431 -1.856636
v 0.266135 -0.191307 -1.841938
v 0.446051 -0.148341 -1.809501
v 0.621671 -0.103945 -1.759638
v 0.791305 -0.058549 -1.692829
v 0.953317 -0.012588 -1.609717
v 1.106148 0.033493 -1.511102
v 1.248327 0.079252 -1.397935
v 1.378484 0.124247 -1.271305
v 1.495365 0.168047 -1.132432
v 1.597845 0.210228 -0.982652
v 1.684937 0.250384 -0.823409
v 1.755802 0.288129 -0.656236
v 1.809757 0.323099 -0.482743
v 1.846284 0.354957 -0.304602
v 1.865030 0.383397 -0.123526
v 1.865814 0.408145 0.058739
v 1.848630 0.428962 0.240438
v 1.813643 0.445647 0.419822
v -1.688220 -0.483933 -0.761503
v -1.598993 -0.505166 -0.920509
v -1.494367 -0.521534 -1.070651
v -1.375349 -0.532880 -1.210482
v -1.243086 -0.539093 -1.338655
v -1.098851 -0.540115 -1.453936
v -0.944034 -0.535935 -1.555215
v -0.780125 -0.526594 -1.641516
v -0.608703 -0.512181 -1.712010
v -0.431419 -0.492836 -1.766015
v -0.249980 -0.468744 -1.803012
v -0.066134 -0.440139 -1.822644
v 0.118350 -0.407294 -1.824726
v 0.301693 -0.370526 -1.809233
v 0.482132 -0.330192 -1.776316
v 0.657926 -0.286675 -1.726293
v 0.827385 -0.240400 -1.659644
v 0.988876 -0.191808 -1.577013
v 1.140843 -0.141369 -1.479193
v 1.281823 -0.089569 -1.367128
v 1.410458 -0.036907 -1.241897
v 1.525511 0.016112 -1.104707
v 1.625871 0.068975 -0.956876
v 1.710573 0.121174 -0.799830
v 1.778802 0.172205 -0.635082
v 1.829900 0.221579 -0.464217
v 1.863375 0.268818 -0.288883
v 1.878904 0.313469 -0.110765
v 1.876339 0.355101 0.068418
v 1.855703 0.393313 0.246944
v 1.817196 0.427737 0.423090
v -1.685328 -0.501556 -0.756498
v -1.593237 -0.540241 -0.910548
v -1.485803 -0.573725 -1.055829
v -1.364058 -0.601682 -1.190942
v -1.229178 -0.623845 -1.314586
v -1.082459 -0.640000 -1.425569
v -0.925317 -0.649992 -1.522823
v -0.759262 -0.653724 -1.605412
v -0.585896 -0.651160 -1.672540
v -0.406887 -0.642325 -1.723561
v -0.223960 -0.627304 -1.757981
v -0.038876 -0.606242 -1.775472
v 0.146584 -0.579341 -1.775865
v 0.330631 -0.546861 -1.759155
v 0.511493 -0.509115 -1.725503
v 0.687430 -0.466465 -1.675234
v 0.856747 -0.419323 -1.608831
v 1.017813 -0.368143 -1.526934
v 1.169076 -0.313417 -1.430332
v 1.309081 -0.255673 -1.319955
v 1.436478 -0.195467 -1.196866
v 1.550042 -0.133378 -1.062252
v 1.648678 -0.070004 -0.917406
v 1.731436 -0.005956 -0.763726
v 1.797519 0.058148 -0.602690
v 1.846291 0.121693 -0.435850
v 1.877283 0.184066 -0.264814
v 1.890195 0.244667 -0.091226
v 1.884903 0.302911 0.083240
v 1.861459 0.358237 0.256905
v 1.820088 0.410114 0.428095
v -1.683128 -0.518709 -0.749808
v -1.588858 -0.574383 -0.897233
v -1.479286 -0.624525 -1.036017
v -1.355467 -0.668653 -1.164824
v -1.218595 -0.706341 -1.282413
v -1.069987 -0.737227 -1.387651
v -0.911075 -0.761012 -1.479526
v -0.743388 -0.777470 -1.557152
v -0.568542 -0.786439 -1.619783
v -0.388220 -0.787835 -1.666813
v -0.204161 -0.781643 -1.697790
v -0.018134 -0.767923 -1.712417
v 0.168067 -0.746808 -1.710554
v 0.352649 -0.718501 -1.692217
v 0.533835 -0.683275 -1.657582
v 0.709880 -0.641467 -1.606984
v 0.879089 -0.593483 -1.540909
v 1.039831 -0.539783 -1.459996
v 1.190559 -0.480884 -1.365021
v 1.329822 -0.417354 -1.256900
v 1.456278 -0.349805 -1.136675
v 1.568709 -0.278887 -1.005504
v 1.666032 -0.205283 -0.864649
v 1.747310 -0.129702 -0.715466
v 1.811761 -0.052872 -0.559393
v 1.858764 0.024467 -0.397933
v 1.887866 0.101570 -0.232641
v 1.898786 0.177696 -0.065108
v 1.891420 0.252110 0.103052
v 1.865839 0.324096 0.270220
v 1.822288 0.392961 0.434785
v -1.681641 -0.535217 -0.741502
v -1.585899 -0.607240 -0.880701
v -1.474883 -0.673415 -1.011419
v -1.349663 -0.733105 -1.132396
v -1.211446 -0.785734 -1.242467
v -1.061561 -0.830796 -1.340572
v -0.901454 -0.867857 -1.425768
v -0.732664 -0.896561 -1.497232
v -0.556818 -0.916630 -1.554278
v -0.375611 -0.927871 -1.596355
v -0.190786 -0.930176 -1.623057
v -0.004123 -0.923523 -1.634128
v 0.182580 -0.907977 -1.629464
v 0.367523 -0.883685 -1.609105
v 0.548928 -0.850884 -1.573250
v 0.725046 -0.809888 -1.522244
v 0.894182 -0.761093 -1.456578
v 1.054706 -0.704967 -1.376885
v 1.205072 -0.642052 -1.283931
v 1.343833 -0.572954 -1.178611
v 1.469652 -0.498339 -1.061942
v 1.581318 -0.418923 -0.935046
v 1.677755 -0.335474 -0.799144
v 1.758034 -0.248793 -0.655546
v 1.821382 -0.159717 -0.505635
v 1.867189 -0.069102 -0.350854
v 1.895015 0.022178 -0.192695
v 1.904590 0.113244 -0.032679
v 1.895823 0.203220 0.127651
v 1.868797 0.291239 0.286752
v 1.823775 0.376453 0.443090
v -1.680884 -0.550911 -0.731665
v -1.584392 -0.638476 -0.861122
v -1.472641 -0.719893 -0.982286
v -1.346707 -0.794376 -1.093989
v -1.207804 -0.861209 -1.195158
v -1.057269 -0.919748 -1.284816
v -0.896552 -0.969430 -1.362100
v -0.727201 -1.009776 -1.426267
v -0.550846 -1.040397 -1.476699
v -0.369187 -1.060998 -1.512908
v -0.183972 -1.071380 -1.534547
v 0.003014 -1.071445 -1.541408
v 0.189973 -1.061192 -1.533425
v 0.375101 -1.040719 -1.510674
v 0.556616 -1.010223 -1.473373
v 0.732772 -0.969998 -1.421884
v 0.901870 -0.920431 -1.356701
v 1.062283 -0.862000 -1.278453
v 1.212465 -0.795268 -1.187892
v 1.350971 -0.720876 -1.085891
v 1.476466 -0.639543 -0.973432
v 1.587742 -0.552050 -0.851600
v 1.683727 -0.459240 -0.721565
v 1.763497 -0.362008 -0.584581
v 1.826283 -0.261289 -0.441967
v 1.871482 -0.158054 -0.295097
v 1.898656 -0.053298 -0.145386
v 1.907546 0.051973 0.005727
v 1.898065 0.156743 0.156784
v 1.870305 0.260003 0.306331
v 1.824532 0.360759 0.452928
v -1.680864 -0.565629 -0.720398
v -1.584351 -0.667770 -0.838696
v -1.472581 -0.763481 -0.948917
v -1.346628 -0.851839 -1.050000
v -1.207707 -0.931993 -1.140970
v -1.057154 -1.003171 -1.220953
v -0.896421 -1.064688 -1.289176
v -0.727055 -1.115952 -1.344985
v -0.550687 -1.156469 -1.387841
v -0.369015 -1.185848 -1.417331
v -0.183790 -1.203806 -1.433170
v 0.003205 -1.210172 -1.435207
v 0.190170 -1.204883 -1.423425
v 0.375303 -1.187990 -1.397932
v 0.556822 -1.159656 -1.358977
v 0.732978 -1.120154 -1.306934
v 0.902075 -1.069865 -1.242305
v 1.062485 -1.009271 -1.165712
v 1.212663 -0.938958 -1.077892
v 1.351161 -0.859603 -0.979690
v 1.476648 -0.771969 -0.872055
v 1.587914 -0.676900 -0.756022
v 1.683887 -0.575313 -0.632707
v 1.763643 -0.468184 -0.503299
v 1.826414 -0.356548 -0.369044
v 1.871596 -0.241477 -0.231234
v 1.898754 -0.124081 -0.091198
v 1.907625 -0.005489 0.049716
v 1.898125 0.113155 0.190152
v 1.870345 0.230709 0.328757
v 1.824552 0.346041 0.464195
v -1.681581 -0.579220 -0.707816
v -1.585778 -0.694822 -0.813654
v -0.901062 -1.152654 -1.207745
v 0.725663 -1.258816 -1.178573
v 1.678232 -0.682500 -0.533483
v 1.758471 -0.566233 -0.412534
v 1.904826 -0.058553 0.098838
vt 0.883484 0.278306
vt 0.889081 0.259514
vt 0.870081 0.245778
vt 0.864741 0.267436
vt 0.637377 0.339301
vt 0.627164 0.315190
vt 0.613604 0.335744
vt 0.623545 0.358026
vt 0.901160 0.291294
vt 0.906585 0.275420
vt 0.652049 0.321669
vt 0.641811 0.295804
vt 0.917760 0.306115
vt 0.922676 0.293133
vt 0.667668 0.305357
vt 0.657710 0.277859
vt 0.506223 0.570035
vt 0.505099 0.567756
vt 0.494222 0.590946
vt 0.933330 0.322497
vt 0.937493 0.312330
vt 0.684319 0.290618
vt 0.675005 0.261673
vt 0.517858 0.548715
vt 0.515619 0.544240
vt 0.947959 0.340187
vt 0.951199 0.332731
vt 0.702048 0.277727
vt 0.693788 0.247602
vt 0.529236 0.527111
vt 0.525905 0.520510
vt 0.961753 0.358960
vt 0.963964 0.354101
vt 0.720841 0.266967
vt 0.714061 0.236030
vt 0.540461 0.505342
vt 0.536072 0.496672
vt 0.974831 0.378615
vt 0.975951 0.376239
vt 0.740605 0.258615
vt 0.735690 0.227339
vt 0.551638 0.483519
vt 0.546230 0.472828
vt 0.987312 0.398975
vt 0.761156 0.252915
vt 0.758377 0.221863
vt 0.562869 0.461755
vt 0.556493 0.449076
vt 0.782220 0.250052
vt 0.781665 0.219838
vt 0.574257 0.440162
vt 0.566972 0.425523
vt 0.803456 0.250124
vt 0.804994 0.221356
vt 0.585907 0.418859
vt 0.577790 0.402279
vt 0.824502 0.253128
vt 0.827798 0.226349
vt 0.597928 0.397972
vt 0.589073 0.379469
vt 0.845020 0.258961
vt 0.849601 0.234597
vt 0.610435 0.377642
vt 0.600960 0.357235
vt 0.549545 0.437623
vt 0.540355 0.463200
vt 0.781949 0.189616
vt 0.755673 0.190750
vt 0.558999 0.412244
vt 0.808000 0.192767
vt 0.568849 0.387164
vt 0.832941 0.200010
vt 0.579241 0.362499
vt 0.856133 0.210939
vt 0.590340 0.338387
vt 0.877253 0.225034
vt 0.602335 0.314994
vt 0.896259 0.241753
vt 0.615442 0.292527
vt 0.913286 0.260598
vt 0.629903 0.271241
vt 0.928565 0.281138
vt 0.645977 0.251454
vt 0.503868 0.565711
vt 0.942354 0.303018
vt 0.663914 0.233556
vt 0.513182 0.540226
vt 0.954907 0.325951
vt 0.683911 0.218011
vt 0.522289 0.514587
vt 0.966453 0.349706
vt 0.706031 0.205345
vt 0.531309 0.488884
vt 0.977195 0.374098
vt 0.730109 0.196098
vt 0.559096 0.373705
vt 0.550365 0.400481
vt 0.840587 0.174374
vt 0.813094 0.164510
vt 0.568414 0.347293
vt 0.865149 0.188317
vt 0.578507 0.321370
vt 0.886613 0.205546
vt 0.589605 0.296092
vt 0.905209 0.225336
vt 0.601982 0.271663
vt 0.921337 0.247086
vt 0.615976 0.248351
vt 0.935433 0.270326
vt 0.631980 0.226506
vt 0.502545 0.563920
vt 0.947892 0.294700
vt 0.650426 0.206592
vt 0.510569 0.536712
vt 0.959053 0.319936
vt 0.671721 0.189202
vt 0.518418 0.509400
vt 0.969196 0.345828
vt 0.696109 0.175054
vt 0.526208 0.482051
vt 0.978552 0.372217
vt 0.723453 0.164941
vt 0.534051 0.454735
vt 0.753016 0.159586
vt 0.542063 0.427520
vt 0.783442 0.159438
vt 0.565434 0.306487
vt 0.556602 0.334098
vt 0.898552 0.187759
vt 0.877352 0.167198
vt 0.575315 0.279401
vt 0.916099 0.210632
vt 0.586578 0.253026
vt 0.930779 0.235166
vt 0.599661 0.227614
vt 0.943259 0.260901
vt 0.615130 0.203525
vt 0.501141 0.562400
vt 0.954064 0.287514
vt 0.633693 0.181271
vt 0.507805 0.533732
vt 0.963597 0.314775
vt 0.656154 0.161573
vt 0.514326 0.504997
vt 0.972166 0.342517
vt 0.683210 0.145405
vt 0.520812 0.476244
vt 0.980008 0.370615
vt 0.714981 0.133953
vt 0.527365 0.447523
vt 0.750367 0.128381
vt 0.534093 0.418886
vt 0.786837 0.129388
vt 0.541113 0.390390
vt 0.821340 0.136840
vt 0.548562 0.362100
vt 0.851735 0.149847
vt 0.569095 0.237116
vt 0.559439 0.265327
vt 0.941583 0.225136
vt 0.929021 0.198062
vt 0.580632 0.209637
vt 0.951977 0.253061
vt 0.594787 0.183208
vt 0.499672 0.561167
vt 0.960806 0.281587
vt 0.612618 0.158330
vt 0.504915 0.531314
vt 0.968488 0.310544
vt 0.635579 0.135799
vt 0.510049 0.501421
vt 0.975327 0.339814
vt 0.665388 0.116860
vt 0.515165 0.471522
vt 0.981545 0.369312
vt 0.703202 0.103299
vt 0.520349 0.441647
vt 0.747666 0.097143
vt 0.525697 0.411832
vt 0.793571 0.099625
vt 0.531311 0.382114
vt 0.834654 0.110218
vt 0.537316 0.352537
vt 0.867872 0.127081
vt 0.543863 0.323160
vt 0.893583 0.148245
vt 0.551149 0.294056
vt 0.913430 0.172228
vt 0.570433 0.166467
vt 0.558734 0.195140
vt 0.498150 0.560232
vt 0.968025 0.277034
vt 0.961473 0.246994
vt 0.585982 0.138862
vt 0.501926 0.529480
vt 0.973664 0.307310
vt 0.607623 0.113039
vt 0.505626 0.498709
vt 0.978644 0.337755
vt 0.638985 0.090361
vt 0.509317 0.467936
vt 0.983148 0.368322
vt 0.684619 0.073371
vt 0.513068 0.437178
vt 0.744773 0.065882
vt 0.516951 0.406453
vt 0.807067 0.070518
vt 0.521048 0.375783
vt 0.856604 0.085567
vt 0.525459 0.345192
vt 0.891042 0.107151
vt 0.530308 0.314714
vt 0.914657 0.132368
vt 0.535766 0.284391
vt 0.931438 0.159622
vt 0.542066 0.254286
vt 0.943925 0.188080
vt 0.549550 0.224489
vt 0.953631 0.217290
vt 0.569574 0.095234
vt 0.552988 0.124363
vt 0.501096 0.496888
vt 0.498865 0.528250
vt 0.982074 0.336368
vt 0.979050 0.305126
vt 0.597372 0.067983
vt 0.503323 0.465526
vt 0.984799 0.367656
vt 0.649281 0.045349
vt 0.505591 0.434169
vt 0.741213 0.034605
vt 0.507944 0.402826
vt 0.837229 0.043176
vt 0.510436 0.371504
vt 0.893477 0.064862
vt 0.513131 0.340212
vt 0.923336 0.091752
vt 0.516112 0.308963
vt 0.940902 0.120722
vt 0.519495 0.277774
vt 0.952387 0.150664
vt 0.523442 0.246671
vt 0.960537 0.181126
vt 0.528203 0.215690
vt 0.966693 0.211894
vt 0.534171 0.184894
vt 0.971576 0.242855
vt 0.542020 0.154386
vt 0.496590 0.559604
vt 0.975608 0.273946
vt 0.565534 0.024015
vt 0.532980 0.054060
vt 0.497994 0.432660
vt 0.497240 0.464317
vt 0.986478 0.367322
vt 0.732755 0.003331
vt 0.498776 0.401004
vt 0.916623 0.022189
vt 0.499606 0.369351
vt 0.951986 0.052086
vt 0.500506 0.337701
vt 0.964795 0.083143
vt 0.501505 0.306056
vt 0.971412 0.114511
vt 0.502643 0.274418
vt 0.975502 0.146003
vt 0.503978 0.242789
vt 0.978323 0.177558
vt 0.505603 0.211175
vt 0.980420 0.209149
vt 0.507664 0.179583
vt 0.982067 0.240762
vt 0.510426 0.148025
vt 0.495007 0.559290
vt 0.983418 0.272390
vt 0.514409 0.116527
vt 0.495762 0.527633
vt 0.984566 0.304028
vt 0.520797 0.085148
vt 0.496501 0.495975
vt 0.985573 0.335672
vt 1.059533 0.022361
vt 1.241614 0.003721
vt 0.488703 0.369365
vt 0.489554 0.401016
vt 1.023495 0.052174
vt 0.487780 0.337717
vt 1.010387 0.083200
vt 0.486757 0.306074
vt 1.003609 0.114550
vt 0.485590 0.274439
vt 0.999417 0.146033
vt 0.484221 0.242814
vt 0.996526 0.177581
vt 0.482556 0.211204
vt 0.994377 0.209166
vt 0.480443 0.179616
vt 0.992689 0.240775
vt 0.477613 0.148065
vt 0.493418 0.559292
vt 0.991304 0.272400
vt 0.473532 0.116578
vt 0.492644 0.527637
vt 0.990126 0.304034
vt 0.466989 0.085215
vt 0.491886 0.495981
vt 0.989095 0.335677
vt 0.454524 0.054156
vt 0.491128 0.464325
vt 0.988166 0.367324
vt 0.421346 0.024188
vt 0.490356 0.432670
vt 0.255436 0.003721
vt 0.024208 0.083200
vt 0.065573 0.091907
vt 0.095553 0.065082
vt 0.037317 0.052174
vt 0.472153 0.309017
vt 0.475158 0.340259
vt 0.017430 0.114550
vt 0.047900 0.120836
vt 0.468743 0.277837
vt 0.013239 0.146033
vt 0.036334 0.150751
vt 0.464764 0.246743
vt 0.010348 0.177581
vt 0.028124 0.181192
vt 0.459967 0.215775
vt 0.008199 0.209166
vt 0.021920 0.211945
vt 0.453954 0.184993
vt 0.006511 0.240775
vt 0.016998 0.242894
vt 0.446048 0.154503
vt 0.491835 0.559610
vt 0.005126 0.272400
vt 0.012933 0.273975
vt 0.435007 0.124506
vt 0.489541 0.528261
vt 0.003948 0.304034
vt 0.009463 0.305146
vt 0.418327 0.095415
vt 0.487292 0.496905
vt 0.002916 0.335677
vt 0.006415 0.336381
vt 0.390424 0.068222
vt 0.485046 0.465548
vt 0.001988 0.367324
vt 0.003667 0.367662
vt 0.338530 0.045675
vt 0.482760 0.434198
vt 0.001134 0.398975
vt 0.247178 0.034995
vt 0.480387 0.402860
vt 0.073355 0.022361
vt 0.151787 0.043495
vt 0.477875 0.371544
vt 0.057250 0.159759
vt 0.074083 0.132543
vt 0.446154 0.254403
vt 0.452481 0.284493
vt 0.044717 0.188187
vt 0.438639 0.224624
vt 0.034971 0.217373
vt 0.429420 0.195296
vt 0.027094 0.247058
vt 0.417683 0.166649
vt 0.490276 0.560242
vt 0.020512 0.277082
vt 0.402093 0.139077
vt 0.486481 0.529500
vt 0.014848 0.307344
vt 0.380417 0.113297
vt 0.482763 0.498738
vt 0.009843 0.337776
vt 0.349055 0.090672
vt 0.479054 0.467974
vt 0.005317 0.368332
vt 0.303524 0.073737
vt 0.475285 0.437225
vt 0.243633 0.066272
vt 0.471383 0.406510
vt 0.181616 0.070874
vt 0.467266 0.375849
vt 0.132191 0.085856
vt 0.462835 0.345270
vt 0.097744 0.107376
vt 0.457963 0.314803
vt 0.047005 0.225248
vt 0.059597 0.198204
vt 0.407558 0.209841
vt 0.419119 0.237296
vt 0.036582 0.253149
vt 0.393381 0.183441
vt 0.488754 0.561181
vt 0.027727 0.281653
vt 0.375533 0.158598
vt 0.483493 0.531341
vt 0.020020 0.310590
vt 0.352570 0.136105
vt 0.478341 0.501461
vt 0.013158 0.339843
vt 0.322792 0.117206
vt 0.473209 0.471574
vt 0.006920 0.369326
vt 0.285065 0.103678
vt 0.468006 0.441712
vt 0.240745 0.097533
vt 0.462641 0.411910
vt 0.194989 0.099993
vt 0.457008 0.382205
vt 0.154001 0.110541
vt 0.450985 0.352643
vt 0.120812 0.127351
vt 0.444418 0.323281
vt 0.095092 0.148464
vt 0.437111 0.294194
vt 0.075220 0.172405
vt 0.428799 0.265484
vt 0.034462 0.287596
vt 0.045290 0.261009
vt 0.354519 0.181574
vt 0.373085 0.203797
vt 0.480605 0.533766
vt 0.487285 0.562418
vt 0.024907 0.314833
vt 0.332070 0.161908
vt 0.474066 0.505046
vt 0.016318 0.342554
vt 0.305050 0.145769
vt 0.467564 0.476310
vt 0.008456 0.370633
vt 0.273343 0.134338
vt 0.460995 0.447605
vt 0.238045 0.128770
vt 0.454250 0.418984
vt 0.201667 0.129761
vt 0.447213 0.390505
vt 0.167234 0.137180
vt 0.439747 0.362232
vt 0.136876 0.150143
vt 0.431690 0.334249
vt 0.111268 0.167450
vt 0.422841 0.306658
vt 0.090059 0.187968
vt 0.412942 0.279594
vt 0.072495 0.210803
vt 0.401662 0.253242
vt 0.057793 0.235303
vt 0.388564 0.227857
vt 0.019285 0.345873
vt 0.029447 0.320006
vt 0.292197 0.175429
vt 0.316554 0.189555
vt 0.462171 0.482130
vt 0.469977 0.509460
vt 0.009910 0.372238
vt 0.264900 0.165329
vt 0.454312 0.454832
vt 0.235397 0.159975
vt 0.446286 0.427637
vt 0.205032 0.159813
vt 0.437968 0.400618
vt 0.175431 0.164860
vt 0.429223 0.373862
vt 0.147972 0.174688
vt 0.419890 0.347471
vt 0.123426 0.188591
vt 0.409782 0.321569
vt 0.101963 0.205780
vt 0.398672 0.296315
vt 0.083359 0.225531
vt 0.386283 0.271911
vt 0.067217 0.247245
vt 0.372281 0.248624
vt 0.053104 0.270453
vt 0.356274 0.226806
vt 0.485883 0.563940
vt 0.040627 0.294797
vt 0.337833 0.206920
vt 0.477842 0.536753
vt 0.011266 0.374123
vt 0.232739 0.191138
vt 0.258260 0.196487
vt 0.438810 0.437757
vt 0.448013 0.463313
vt 0.206506 0.189992
vt 0.429342 0.412400
vt 0.180494 0.193122
vt 0.419479 0.387342
vt 0.155582 0.200335
vt 0.409075 0.362700
vt 0.132408 0.211228
vt 0.397965 0.338611
vt 0.111294 0.225285
vt 0.385961 0.315242
vt 0.092287 0.241967
vt 0.372847 0.292799
vt 0.075251 0.260775
vt 0.358382 0.271538
vt 0.059960 0.281280
vt 0.342309 0.251775
vt 0.484561 0.565735
vt 0.046156 0.303128
vt 0.324379 0.233900
vt 0.475231 0.540273
vt 0.033587 0.326031
vt 0.304398 0.218376
vt 0.466109 0.514657
vt 0.022025 0.349758
vt 0.282304 0.205725
vt 0.457075 0.488975
vt 0.183478 0.221714
vt 0.206778 0.220215
vt 0.410549 0.402477
vt 0.421378 0.425697
vt 0.160698 0.226680
vt 0.399256 0.379690
vt 0.138912 0.234897
vt 0.387359 0.357481
vt 0.118442 0.246043
vt 0.374709 0.336013
vt 0.099444 0.259743
vt 0.361144 0.315482
vt 0.081935 0.275612
vt 0.346496 0.296119
vt 0.065836 0.293289
vt 0.330601 0.278196
vt 0.483332 0.567783
vt 0.051008 0.312451
vt 0.313314 0.262029
vt 0.472796 0.544292
vt 0.037289 0.332820
vt 0.294545 0.247974
vt 0.462496 0.520588
vt 0.024511 0.354159
vt 0.274292 0.236415
vt 0.452316 0.496775
vt 0.012509 0.376267
vt 0.252690 0.227729
vt 0.442144 0.472955
vt 0.230034 0.222251
vt 0.431869 0.449227
vt 0.143471 0.259268
vt 0.163975 0.253463
vt 0.377898 0.377905
vt 0.390412 0.398211
vt 0.123760 0.267711
vt 0.364784 0.358312
vt 0.105022 0.278546
vt 0.350949 0.339609
vt 0.087345 0.291498
vt 0.336277 0.321998
vt 0.070741 0.306282
vt 0.320662 0.305705
vt 0.482208 0.570065
vt 0.055162 0.322628
vt 0.304019 0.290984
vt 0.470560 0.548774
vt 0.040524 0.340284
vt 0.286302 0.278105
vt 0.459169 0.527197
vt 0.026718 0.359023
vt 0.267526 0.267354
vt 0.447931 0.505455
vt 0.013627 0.378645
vt 0.247781 0.259005
vt 0.436742 0.483659
vt 0.227253 0.253302
vt 0.425500 0.461921
vt 0.206214 0.250428
vt 0.414102 0.440353
vt 0.185001 0.250483
vt 0.402442 0.419074
vt 0.109205 0.298115
vt 0.127545 0.290021
vt 0.342044 0.364901
vt 0.356041 0.381874
vt 0.091572 0.308202
vt 0.327425 0.348895
vt 0.074704 0.320074
vt 0.312111 0.334042
vt 0.481201 0.572559
vt 0.058612 0.333518
vt 0.296047 0.320543
vt 0.468543 0.553674
vt 0.043271 0.348325
vt 0.279208 0.308609
vt 0.456157 0.534423
vt 0.028627 0.364292
vt 0.261602 0.298454
vt 0.443953 0.514933
vt 0.014609 0.381233
vt 0.243287 0.290282
vt 0.431839 0.495323
vt 0.224372 0.284280
vt 0.419728 0.475710
vt 0.205020 0.280595
vt 0.407528 0.456213
vt 0.185434 0.279326
vt 0.395150 0.436952
vt 0.165844 0.280505
vt 0.382504 0.418050
vt 0.146479 0.284102
vt 0.369498 0.399643
vt 0.077766 0.334490
vt 0.094712 0.325521
vt 0.304649 0.363016
vt 0.319690 0.376596
vt 0.480321 0.575241
vt 0.061364 0.344986
vt 0.289073 0.350556
vt 0.466765 0.558948
vt 0.045521 0.356846
vt 0.272941 0.339380
vt 0.453485 0.542199
vt 0.030225 0.369905
vt 0.256255 0.329653
vt 0.440409 0.525122
vt 0.015445 0.384001
vt 0.239042 0.321535
vt 0.427462 0.507840
vt 0.221364 0.315171
vt 0.414570 0.490470
vt 0.203314 0.310684
vt 0.401660 0.473130
vt 0.185010 0.308168
vt 0.388655 0.455939
vt 0.166595 0.307675
vt 0.375482 0.439016
vt 0.148219 0.309218
vt 0.362069 0.422487
vt 0.130030 0.312762
vt 0.348343 0.406480
vt 0.112159 0.318233
vt 0.334237 0.391135
vt 0.465245 0.564546
vt 0.479578 0.578084
vt 0.047270 0.365750
vt 0.063432 0.356898
vt 0.267273 0.370342
vt 0.282854 0.380912
vt 0.451178 0.550455
vt 0.031502 0.375800
vt 0.251295 0.360910
vt 0.437325 0.535935
vt 0.016128 0.386919
vt 0.234930 0.352743
vt 0.423633 0.521102
vt 0.218203 0.345959
vt 0.410042 0.506073
vt 0.201163 0.340665
vt 0.396495 0.490961
vt 0.183875 0.336949
vt 0.382933 0.475879
vt 0.166422 0.334873
vt 0.369296 0.460940
vt 0.148896 0.334476
vt 0.355526 0.446258
vt 0.131397 0.335764
vt 0.341566 0.431950
vt 0.114020 0.338714
vt 0.327365 0.418136
vt 0.096854 0.343275
vt 0.312872 0.404940
vt 0.079973 0.349369
vt 0.298047 0.392488
vt 0.434726 0.547277
vt 0.449256 0.559117
vt 0.016653 0.389958
vt 0.032451 0.381913
vt 0.230858 0.383884
vt 0.246585 0.392189
vt 0.420372 0.535001
vt 0.214858 0.376626
vt 0.406155 0.522398
vt 0.198602 0.370509
vt 0.392033 0.509572
vt 0.182119 0.365615
vt 0.377962 0.496628
vt 0.165453 0.362013
vt 0.363897 0.483671
vt 0.148653 0.359758
vt 0.349793 0.470805
vt 0.131782 0.358882
vt 0.335604 0.458135
vt 0.114901 0.359400
vt 0.321290 0.445765
vt 0.098078 0.361303
vt 0.306808 0.433802
vt 0.081371 0.364562
vt 0.292124 0.422354
vt 0.478979 0.581061
vt 0.064837 0.369130
vt 0.277207 0.411531
vt 0.463997 0.570415
vt 0.048519 0.374940
vt 0.262033 0.401439
vt 0.402921 0.539324
vt 0.417699 0.549428
vt 0.195640 0.400183
vt 0.211295 0.407151
vt 0.388272 0.528835
vt 0.179794 0.394115
vt 0.373724 0.518055
vt 0.163769 0.389020
vt 0.359247 0.507079
vt 0.147590 0.384962
vt 0.344806 0.496000
vt 0.131285 0.381992
vt 0.330368 0.484913
vt 0.114892 0.380149
vt 0.315900 0.473910
vt 0.098451 0.379460
vt 0.301368 0.463086
vt 0.082006 0.379932
vt 0.286740 0.452536
vt 0.478531 0.584141
vt 0.065600 0.381560
vt 0.271988 0.442353
vt 0.463037 0.576500
vt 0.049276 0.384321
vt 0.257086 0.432630
vt 0.447740 0.568108
vt 0.033070 0.388179
vt 0.242012 0.423462
vt 0.432632 0.559054
vt 0.017015 0.393084
vt 0.226752 0.414939
vt 0.370209 0.540039
vt 0.385217 0.548629
vt 0.161420 0.415822
vt 0.176921 0.422398
vt 0.355315 0.531045
vt 0.145771 0.409994
vt 0.340516 0.521732
vt 0.129979 0.404979
vt 0.325788 0.512183
vt 0.114059 0.400836
vt 0.311107 0.502483
vt 0.098029 0.397612
vt 0.296447 0.492717
vt 0.081915 0.395348
vt 0.281780 0.482971
vt 0.478240 0.587294
vt 0.065744 0.394072
vt 0.267081 0.473330
vt 0.462377 0.582744
vt 0.049549 0.393799
vt 0.252323 0.463879
vt 0.446649 0.577348
vt 0.033361 0.394534
vt 0.237483 0.454702
vt 0.431067 0.571168
vt 0.017212 0.396266
vt 0.222539 0.445883
vt 0.415637 0.564272
vt 0.207473 0.437506
vt 0.400355 0.556734
vt 0.192270 0.429651
vt 0.336887 0.547904
vt 0.352086 0.555464
vt 0.127910 0.427737
vt 0.143234 0.434764
vt 0.321809 0.539860
vt 0.112452 0.421338
vt 0.306839 0.531411
vt 0.096858 0.415635
vt 0.291958 0.522635
vt 0.081136 0.410689
vt 0.277148 0.513613
vt 0.478111 0.590490
vt 0.065294 0.406556
vt 0.262386 0.504426
vt 0.462027 0.589087
vt 0.049351 0.403285
vt 0.247649 0.495155
vt 0.446000 0.586754
vt 0.033326 0.400914
vt 0.232912 0.485883
vt 0.430052 0.583520
vt 0.017245 0.399471
vt 0.218152 0.476691
vt 0.414206 0.579422
vt 0.203344 0.467660
vt 0.398478 0.574510
vt 0.188467 0.458872
vt 0.382879 0.568836
vt 0.173501 0.450408
vt 0.367415 0.562465
vt 0.158428 0.442345
vt 0.303041 0.560635
vt 0.318396 0.567874
vt 0.094973 0.433407
vt 0.110105 0.441541
vt 0.287834 0.552792
vt 0.079697 0.425836
vt 0.272763 0.544423
vt 0.478145 0.593694
vt 0.064272 0.418905
vt 0.257816 0.535608
vt 0.461997 0.595466
vt 0.048696 0.412689
vt 0.242974 0.526432
vt 0.445807 0.596240
vt 0.032973 0.407255
vt 0.228215 0.516978
vt 0.429609 0.596005
vt 0.017113 0.402666
vt 0.213516 0.507330
vt 0.413435 0.594764
vt 0.198851 0.497575
vt 0.397316 0.592534
vt 0.184193 0.487796
vt 0.381282 0.589342
vt 0.169515 0.478081
vt 0.365356 0.585227
vt 0.154791 0.468513
vt 0.349558 0.580237
vt 0.139996 0.459177
vt 0.333902 0.574431
vt 0.125108 0.450159
vt 0.268552 0.575369
vt 0.284015 0.583149
vt 0.478345 0.596876
vt 0.062700 0.431016
vt 0.077627 0.440675
vt 0.253287 0.566849
vt 0.462291 0.601821
vt 0.047599 0.421926
vt 0.238210 0.557680
vt 0.446087 0.605718
vt 0.032309 0.413498
vt 0.223305 0.547953
vt 0.429762 0.608517
vt 0.016820 0.405819
vt 0.208551 0.537763
vt 0.413354 0.610181
vt 0.193923 0.527202
vt 0.396905 0.610688
vt 0.179392 0.516364
vt 0.380459 0.610030
vt 0.164926 0.505345
vt 0.364059 0.608217
vt 0.150492 0.494238
vt 0.347748 0.605272
vt 0.136056 0.483137
vt 0.331561 0.601236
vt 0.121583 0.472136
vt 0.315530 0.596159
vt 0.107041 0.461329
vt 0.299676 0.590106
vt 0.092399 0.450811
vt 0.159682 0.532116
vt 0.173995 0.544504
vt 0.363573 0.631327
vt 0.380460 0.630780
vt 0.145497 0.519426
vt 0.346694 0.630478
vt 0.131396 0.506537
vt 0.329887 0.628245
vt 0.117336 0.493555
vt 0.313211 0.624662
vt 0.103271 0.480585
vt 0.296719 0.619783
vt 0.089156 0.467730
vt 0.280455 0.613676
vt 0.074947 0.455096
vt 0.264447 0.606424
vt 0.478709 0.600002
vt 0.060601 0.442788
vt 0.248713 0.598122
vt 0.462915 0.608085
vt 0.046078 0.430914
vt 0.233260 0.588870
vt 0.446849 0.615097
vt 0.031345 0.419581
vt 0.218081 0.578773
vt 0.430532 0.620945
vt 0.016371 0.408898
vt 0.203161 0.567941
vt 0.413997 0.625549
vt 0.188476 0.556481
vt 0.397288 0.628844
vt 0.125988 0.529260
vt 0.139754 0.543964
vt 0.328927 0.655387
vt 0.346462 0.655760
vt 0.112356 0.514296
vt 0.311462 0.653330
vt 0.098800 0.499187
vt 0.294163 0.649628
vt 0.085261 0.484047
vt 0.277112 0.644345
vt 0.071679 0.468988
vt 0.260375 0.637567
vt 0.479235 0.603039
vt 0.057995 0.454125
vt 0.244000 0.629401
vt 0.463868 0.614196
vt 0.044152 0.439571
vt 0.228015 0.619966
vt 0.448105 0.624284
vt 0.030094 0.425447
vt 0.212428 0.609389
vt 0.431945 0.633173
vt 0.015770 0.411873
vt 0.197232 0.597802
vt 0.415405 0.640740
vt 0.182404 0.585338
vt 0.398523 0.646870
vt 0.167911 0.572125
vt 0.381353 0.651464
vt 0.153710 0.558293
vt 0.363970 0.654445
vt 0.093628 0.517007
vt 0.106625 0.534225
vt 0.292018 0.679611
vt 0.310336 0.682112
vt 0.080725 0.499641
vt 0.273953 0.675134
vt 0.067843 0.482242
vt 0.256262 0.668775
vt 0.479920 0.605956
vt 0.054906 0.464930
vt 0.239037 0.660657
vt 0.465149 0.620088
vt 0.041839 0.447822
vt 0.222341 0.650926
vt 0.449860 0.633184
vt 0.028570 0.431041
vt 0.206201 0.639741
vt 0.434022 0.645081
vt 0.015025 0.414714
vt 0.190620 0.627269
vt 0.417623 0.655614
vt 0.175575 0.613674
vt 0.400677 0.664619
vt 0.161027 0.599118
vt 0.383227 0.671941
vt 0.146923 0.583753
vt 0.365350 0.677444
vt 0.133200 0.567725
vt 0.347151 0.681017
vt 0.119791 0.551172
vt 0.328764 0.682584
vt 0.063459 0.494749
vt 0.075560 0.514388
vt 0.252015 0.700029
vt 0.270947 0.706027
vt 0.480758 0.608722
vt 0.051356 0.475111
vt 0.233684 0.691856
vt 0.466750 0.625697
vt 0.039163 0.455591
vt 0.216065 0.681693
vt 0.452116 0.641700
vt 0.026789 0.436310
vt 0.199216 0.669749
vt 0.436782 0.656542
vt 0.014143 0.417394
vt 0.183146 0.656236
vt 0.420696 0.670023
vt 0.167828 0.641367
vt 0.403829 0.681932
vt 0.153208 0.625341
vt 0.386195 0.692053
vt 0.139213 0.608347
vt 0.367850 0.700181
vt 0.125759 0.590556
vt 0.348906 0.706131
vt 0.112759 0.572125
vt 0.329528 0.709754
vt 0.100119 0.553199
vt 0.309922 0.710955
vt 0.087750 0.533912
vt 0.290318 0.709701
vt 0.468664 0.630962
vt 0.481742 0.611307
vt 0.036147 0.462810
vt 0.047373 0.484579
vt 0.208959 0.712194
vt 0.227752 0.722954
vt 0.454869 0.649734
vt 0.024769 0.441206
vt 0.191230 0.699302
vt 0.440241 0.667424
vt 0.013135 0.419885
vt 0.174579 0.684564
vt 0.424670 0.683806
vt 0.158960 0.668252
vt 0.408071 0.698627
vt 0.144288 0.650620
vt 0.390395 0.711614
vt 0.130456 0.631895
vt 0.371652 0.722485
vt 0.117346 0.612279
vt 0.351931 0.730960
vt 0.104839 0.591949
vt 0.331412 0.736793
vt 0.092818 0.571062
vt 0.310367 0.739797
vt 0.081168 0.549758
vt 0.289130 0.739869
vt 0.069780 0.528165
vt 0.268067 0.737005
vt 0.058550 0.506401
vt 0.247516 0.731306
vt 0.444404 0.677591
vt 0.458110 0.657190
vt 0.012010 0.422165
vt 0.022530 0.445681
vt 0.164621 0.712061
vt 0.181916 0.728248
vt 0.429587 0.696788
vt 0.148722 0.694117
vt 0.413496 0.714501
vt 0.134075 0.674731
vt 0.395991 0.730407
vt 0.120515 0.654177
vt 0.376991 0.744143
vt 0.107871 0.632685
vt 0.356512 0.755324
vt 0.095984 0.610452
vt 0.334709 0.763572
vt 0.084701 0.587642
vt 0.311905 0.768564
vt 0.073883 0.564398
vt 0.288575 0.770083
vt 0.063404 0.540844
vt 0.265288 0.768057
vt 0.053142 0.517093
vt 0.242601 0.762581
vt 0.482861 0.613682
vt 0.042983 0.493248
vt 0.220972 0.753890
vt 0.470874 0.635820
vt 0.032816 0.469411
vt 0.200699 0.742319
vt 0.420196 0.729323
vt 0.435475 0.708783
vt 0.122353 0.697393
vt 0.136814 0.718679
vt 0.403169 0.748168
vt 0.109246 0.674926
vt 0.384164 0.764887
vt 0.097251 0.651534
vt 0.363043 0.778982
vt 0.086152 0.627422
vt 0.339851 0.789911
vt 0.075760 0.602757
vt 0.314911 0.797153
vt 0.065910 0.577677
vt 0.288860 0.800305
vt 0.056456 0.552298
vt 0.262584 0.799171
vt 0.047266 0.526721
vt 0.237020 0.793822
vt 0.484106 0.615823
vt 0.038220 0.501037
vt 0.212942 0.784576
vt 0.473363 0.640215
vt 0.029200 0.475333
vt 0.190822 0.771910
vt 0.461817 0.663971
vt 0.020093 0.449695
vt 0.170825 0.756365
vt 0.449265 0.686904
vt 0.010779 0.424210
vt 0.152888 0.738467
vt 0.393524 0.784375
vt 0.412119 0.764585
vt 0.085419 0.668551
vt 0.096516 0.693829
vt 0.372060 0.801604
vt 0.075325 0.642627
vt 0.347498 0.815547
vt 0.066007 0.616215
vt 0.320004 0.825410
vt 0.057276 0.589440
vt 0.290353 0.830483
vt 0.048974 0.562401
vt 0.259926 0.830335
vt 0.040963 0.535186
vt 0.230363 0.824979
vt 0.485463 0.617705
vt 0.033119 0.507870
vt 0.203020 0.814866
vt 0.476107 0.644093
vt 0.025329 0.480521
vt 0.178632 0.800719
vt 0.465963 0.669985
vt 0.017480 0.453208
vt 0.157337 0.783328
vt 0.454802 0.695221
vt 0.009456 0.426001
vt 0.138891 0.763414
vt 0.442343 0.719595
vt 0.122887 0.741570
vt 0.428248 0.742835
vt 0.108893 0.718257
vt 0.358646 0.840074
vt 0.384263 0.822722
vt 0.055474 0.627821
vt 0.063513 0.655823
vt 0.328250 0.853081
vt 0.048024 0.599531
vt 0.293747 0.860533
vt 0.041004 0.571035
vt 0.257278 0.861540
vt 0.034276 0.542398
vt 0.221892 0.855967
vt 0.486918 0.619306
vt 0.027723 0.513677
vt 0.190120 0.844515
vt 0.479076 0.647405
vt 0.021237 0.484924
vt 0.163065 0.828347
vt 0.470508 0.675146
vt 0.014716 0.456188
vt 0.140604 0.808649
vt 0.460975 0.702407
vt 0.008053 0.427521
vt 0.122041 0.786395
vt 0.450169 0.729020
vt 0.106572 0.762307
vt 0.437689 0.754755
vt 0.093489 0.736895
vt 0.423009 0.779289
vt 0.082226 0.710519
vt 0.405463 0.802162
vt 0.072345 0.683434
vt 0.300481 0.890296
vt 0.341564 0.879703
vt 0.032608 0.578089
vt 0.038222 0.607807
vt 0.254577 0.892777
vt 0.027261 0.548273
vt 0.210113 0.886621
vt 0.488456 0.620609
vt 0.022076 0.518399
vt 0.172299 0.873061
vt 0.482238 0.650108
vt 0.016960 0.488500
vt 0.142490 0.854121
vt 0.475399 0.679377
vt 0.011826 0.458607
vt 0.119529 0.831590
vt 0.467716 0.708334
vt 0.006583 0.428754
vt 0.101698 0.806713
vt 0.458888 0.736860
vt 0.087543 0.780284
vt 0.448493 0.764785
vt 0.076006 0.752804
vt 0.435932 0.791859
vt 0.066350 0.724594
vt 0.420340 0.817693
vt 0.058060 0.695865
vt 0.400494 0.841676
vt 0.050774 0.666761
vt 0.374783 0.862839
vt 0.044227 0.637384
vt 0.191530 0.916549
vt 0.251684 0.924039
vt 0.490059 0.621600
vt 0.016228 0.521985
vt 0.019979 0.552743
vt 0.145896 0.899559
vt 0.485555 0.652166
vt 0.012537 0.491212
vt 0.114534 0.876881
vt 0.480574 0.682611
vt 0.008837 0.460440
vt 0.092893 0.851059
vt 0.474936 0.712888
vt 0.005061 0.429689
vt 0.077344 0.823454
vt 0.468384 0.742928
vt 0.065646 0.794781
vt 0.460542 0.772631
vt 0.056462 0.765432
vt 0.450835 0.801841
vt 0.048977 0.735635
vt 0.438349 0.830298
vt 0.042677 0.705530
vt 0.421567 0.857553
vt 0.037219 0.675207
vt 0.397952 0.882770
vt 0.032370 0.644728
vt 0.363514 0.904353
vt 0.027959 0.614138
vt 0.313977 0.919403
vt 0.023862 0.583468
vt 0.076485 0.894687
vt 0.104283 0.921937
vt 0.485961 0.684796
vt 0.488984 0.653553
vt 0.005776 0.461671
vt 0.008007 0.493033
vt 0.059899 0.865558
vt 0.482519 0.715976
vt 0.003501 0.430316
vt 0.048932 0.835534
vt 0.478487 0.747066
vt 0.041082 0.805027
vt 0.473603 0.778028
vt 0.035114 0.774230
vt 0.467448 0.808795
vt 0.030353 0.743250
vt 0.459298 0.839257
vt 0.026406 0.712147
vt 0.447813 0.869199
vt 0.023023 0.680958
vt 0.430246 0.898169
vt 0.020042 0.649709
vt 0.400386 0.925058
vt 0.017347 0.618417
vt 0.344139 0.946745
vt 0.014855 0.587095
vt 0.248123 0.955316
vt 0.012502 0.555752
vt 0.156192 0.944571
vt 0.491709 0.622266
vt 0.010234 0.524395
vt 0.017337 0.841896
vt 0.021320 0.873394
vt 0.488977 0.749159
vt 0.490328 0.717532
vt 0.001919 0.430631
vt 0.014575 0.810338
vt 0.487330 0.780772
vt 0.012514 0.778745
vt 0.485234 0.812363
vt 0.010890 0.747131
vt 0.482413 0.843918
vt 0.009554 0.715503
vt 0.478323 0.875411
vt 0.008416 0.683865
vt 0.471706 0.906778
vt 0.007417 0.652220
vt 0.458895 0.937835
vt 0.006517 0.620570
vt 0.423533 0.967732
vt 0.005687 0.588916
vt 0.239664 0.986589
vt 0.004905 0.557261
vt 0.072446 0.965905
vt 0.493389 0.622599
vt 0.004152 0.525604
vt 0.039892 0.935861
vt 0.492483 0.654249
vt 0.003413 0.493946
vt 0.027708 0.904772
vt 0.491477 0.685894
vt 0.002673 0.462288
vt 0.998692 0.778745
vt 0.975645 0.778717
vt 0.973533 0.810304
vt 1.000754 0.810338
vt 0.503437 0.812340
vt 0.501288 0.780755
vt 0.997068 0.747131
vt 0.977310 0.747107
vt 0.506328 0.843889
vt 0.995732 0.715503
vt 0.978679 0.715482
vt 0.510519 0.875371
vt 0.994594 0.683865
vt 0.979846 0.683846
vt 0.517297 0.906721
vt 0.993595 0.652220
vt 0.980870 0.652204
vt 0.530406 0.937747
vt 0.992695 0.620570
vt 0.981792 0.620556
vt 0.566443 0.967560
vt 0.991865 0.588916
vt 0.982643 0.588905
vt 1.225842 0.986589
vt 0.748528 0.986200
vt 0.991083 0.557261
vt 0.983445 0.557251
vt 1.058624 0.965905
vt 0.914437 0.965733
vt 0.495077 0.622597
vt 0.990330 0.525604
vt 0.984217 0.525596
vt 1.026070 0.935861
vt 0.947614 0.935764
vt 0.496005 0.654245
vt 0.989591 0.493946
vt 0.984975 0.493940
vt 1.013886 0.904772
vt 0.960079 0.904706
vt 0.497037 0.685887
vt 0.988851 0.462288
vt 0.985733 0.462284
vt 1.007498 0.873394
vt 0.966621 0.873343
vt 0.498214 0.717522
vt 0.988097 0.430631
vt 0.986507 0.430629
vt 1.003515 0.841896
vt 0.970702 0.841855
vt 0.499600 0.749146
vt 0.961832 0.712084
vt 0.957854 0.743178
vt 0.540989 0.869085
vt 0.529423 0.839171
vt 0.965242 0.680904
vt 0.558661 0.898014
vt 0.968248 0.649662
vt 0.588642 0.924839
vt 0.970964 0.618377
vt 0.644876 0.946426
vt 0.973476 0.587061
vt 0.740268 0.954926
vt 0.975849 0.555723
vt 0.831620 0.944246
vt 0.496756 0.622259
vt 0.978135 0.524373
vt 0.883514 0.921699
vt 0.499504 0.653540
vt 0.980381 0.493016
vt 0.911417 0.894506
vt 0.502552 0.684775
vt 0.982630 0.461660
vt 0.928097 0.865415
vt 0.506022 0.715946
vt 0.984925 0.430310
vt 0.939137 0.835417
vt 0.510087 0.747027
vt 0.947043 0.804928
vt 0.515009 0.777976
vt 0.953056 0.774146
vt 0.521213 0.808729
vt 0.955925 0.644651
vt 0.951053 0.675118
vt 0.625280 0.904065
vt 0.590833 0.882545
vt 0.960356 0.614071
vt 0.674705 0.919048
vt 0.964472 0.583411
vt 0.736723 0.923649
vt 0.968374 0.552696
vt 0.796613 0.916184
vt 0.498406 0.621589
vt 0.972143 0.521947
vt 0.842144 0.899249
vt 0.502932 0.652145
vt 0.975853 0.491183
vt 0.873506 0.876623
vt 0.507936 0.682577
vt 0.979570 0.460421
vt 0.895182 0.850843
vt 0.513601 0.712840
vt 0.983365 0.429679
vt 0.910772 0.823272
vt 0.520183 0.742864
vt 0.922510 0.794625
vt 0.528060 0.772548
vt 0.931728 0.765297
vt 0.537806 0.801734
vt 0.939243 0.735518
vt 0.550339 0.830163
vt 0.945571 0.705428
vt 0.567172 0.857378
vt 0.955730 0.578011
vt 0.950098 0.607716
vt 0.733834 0.892388
vt 0.688079 0.889928
vt 0.961096 0.548209
vt 0.778155 0.886243
vt 0.500009 0.620595
vt 0.966298 0.518347
vt 0.815882 0.872715
vt 0.506247 0.650078
vt 0.971431 0.488460
vt 0.845660 0.853815
vt 0.513109 0.679331
vt 0.976582 0.458580
vt 0.868622 0.831323
vt 0.520816 0.708269
vt 0.981844 0.428740
vt 0.886470 0.806480
vt 0.529671 0.736773
vt 0.900648 0.780080
vt 0.540094 0.764673
vt 0.912208 0.752625
vt 0.552686 0.791717
vt 0.921888 0.724437
vt 0.568309 0.817516
vt 0.930200 0.695727
vt 0.588181 0.841457
vt 0.937507 0.666640
vt 0.613902 0.862571
vt 0.944074 0.637278
vt 0.647090 0.879381
vt 0.501545 0.619288
vt 0.960653 0.513611
vt 0.954084 0.542316
vt 0.798139 0.844151
vt 0.766432 0.855583
vt 0.509407 0.647367
vt 0.967156 0.484874
vt 0.825160 0.828013
vt 0.517996 0.675088
vt 0.973694 0.456155
vt 0.847609 0.808347
vt 0.527551 0.702325
vt 0.980375 0.427503
vt 0.866174 0.786124
vt 0.538379 0.728912
vt 0.881654 0.762064
vt 0.550882 0.754618
vt 0.894751 0.736679
vt 0.565584 0.779118
vt 0.906031 0.710327
vt 0.583148 0.801953
vt 0.915930 0.683263
vt 0.604357 0.822471
vt 0.924779 0.655672
vt 0.629965 0.839778
vt 0.932836 0.627689
vt 0.660323 0.852741
vt 0.940302 0.599416
vt 0.694756 0.860160
vt 0.947339 0.570937
vt 0.731134 0.861151
vt 0.522536 0.669915
vt 0.512374 0.644048
vt 0.970932 0.453168
vt 0.963066 0.480461
vt 0.830922 0.783001
vt 0.809644 0.800367
vt 0.533715 0.695124
vt 0.978972 0.425980
vt 0.849364 0.763115
vt 0.546193 0.719468
vt 0.865370 0.741297
vt 0.560306 0.742676
vt 0.879372 0.718010
vt 0.576449 0.764390
vt 0.891761 0.693606
vt 0.595052 0.784142
vt 0.902872 0.668352
vt 0.616515 0.801331
vt 0.912979 0.642450
vt 0.641061 0.815233
vt 0.922312 0.616059
vt 0.668520 0.825062
vt 0.931058 0.589303
vt 0.698121 0.830108
vt 0.939375 0.562284
vt 0.728486 0.829946
vt 0.947402 0.535088
vt 0.757990 0.824592
vt 0.502999 0.617683
vt 0.955260 0.507791
vt 0.785286 0.814492
vt 0.553049 0.708641
vt 0.539245 0.686794
vt 0.977650 0.424186
vt 0.851471 0.718383
vt 0.835398 0.738146
vt 0.568340 0.729146
vt 0.865936 0.697122
vt 0.585376 0.747954
vt 0.879050 0.674679
vt 0.604383 0.764636
vt 0.891055 0.651310
vt 0.625497 0.778693
vt 0.902164 0.627221
vt 0.648671 0.789587
vt 0.912568 0.602579
vt 0.673583 0.796799
vt 0.922431 0.577521
vt 0.699595 0.799929
vt 0.931899 0.552163
vt 0.725828 0.798783
vt 0.941103 0.526608
vt 0.751350 0.793434
vt 0.504355 0.615798
vt 0.950164 0.500946
vt 0.775393 0.784196
vt 0.515114 0.640163
vt 0.959198 0.475264
vt 0.797488 0.771545
vt 0.526676 0.663891
vt 0.968321 0.449648
vt 0.817469 0.756021
vt 0.592533 0.730178
vt 0.575024 0.714309
vt 0.867799 0.653908
vt 0.854234 0.674439
vt 0.611531 0.743878
vt 0.880449 0.632440
vt 0.632001 0.755024
vt 0.892345 0.610231
vt 0.653787 0.763241
vt 0.903638 0.587444
vt 0.676568 0.768207
vt 0.914467 0.564224
vt 0.699867 0.769706
vt 0.924958 0.540694
vt 0.723123 0.767671
vt 0.935233 0.516966
vt 0.745779 0.762192
vt 0.505598 0.613654
vt 0.945405 0.493146
vt 0.767382 0.753506
vt 0.517600 0.635762
vt 0.955585 0.469333
vt 0.787634 0.741947
vt 0.530378 0.657101
vt 0.965886 0.445628
vt 0.806403 0.727892
vt 0.544097 0.677470
vt 0.976421 0.422138
vt 0.823690 0.711725
vt 0.558925 0.696632
vt 0.839586 0.693802
vt 0.636561 0.730653
vt 0.616849 0.722211
vt 0.883501 0.591710
vt 0.870988 0.612016
vt 0.657064 0.736458
vt 0.895532 0.570847
vt 0.678090 0.739438
vt 0.907191 0.549568
vt 0.699303 0.739493
vt 0.918589 0.528000
vt 0.720343 0.736619
vt 0.929831 0.506262
vt 0.740871 0.730916
vt 0.506716 0.611276
vt 0.941020 0.484466
vt 0.760615 0.722567
vt 0.519807 0.630898
vt 0.952259 0.462724
vt 0.779391 0.711816
vt 0.533613 0.649638
vt 0.963649 0.441147
vt 0.797108 0.698937
vt 0.548251 0.667293
vt 0.975297 0.419856
vt 0.813752 0.684216
vt 0.563830 0.683639
vt 0.829367 0.667923
vt 0.580434 0.698424
vt 0.844038 0.650312
vt 0.598111 0.711375
vt 0.857873 0.631609
vt 0.678523 0.710595
vt 0.658933 0.709416
vt 0.900617 0.533707
vt 0.888240 0.552969
vt 0.698109 0.709326
vt 0.912817 0.514210
vt 0.717461 0.705641
vt 0.924928 0.494598
vt 0.736376 0.699639
vt 0.507698 0.608688
vt 0.937042 0.474988
vt 0.754691 0.691468
vt 0.521716 0.625629
vt 0.949247 0.455498
vt 0.772297 0.681312
vt 0.536360 0.641596
vt 0.961632 0.436247
vt 0.789137 0.669378
vt 0.551701 0.656403
vt 0.974290 0.417361
vt 0.805200 0.655879
vt 0.567793 0.669847
vt 0.820514 0.641026
vt 0.584661 0.681720
vt 0.835133 0.625020
vt 0.602295 0.691806
vt 0.849130 0.608047
vt 0.620634 0.699900
vt 0.862587 0.590278
vt 0.639568 0.705819
vt 0.875593 0.571871
vt 0.714454 0.674750
vt 0.696403 0.679237
vt 0.920551 0.482081
vt 0.907660 0.499451
vt 0.732131 0.668386
vt 0.508534 0.605921
vt 0.933498 0.464799
vt 0.749344 0.660268
vt 0.523314 0.620016
vt 0.946575 0.447722
vt 0.766030 0.650541
vt 0.538610 0.633075
vt 0.959855 0.430973
vt 0.782162 0.639365
vt 0.554453 0.644935
vt 0.973410 0.414680
vt 0.797738 0.626905
vt 0.570855 0.655432
vt 0.812779 0.613325
vt 0.587801 0.664401
vt 0.827327 0.598786
vt 0.605248 0.671688
vt 0.841432 0.583440
vt 0.623119 0.677159
vt 0.855158 0.567434
vt 0.641309 0.680703
vt 0.868572 0.550905
vt 0.659684 0.682246
vt 0.881744 0.533982
vt 0.678099 0.681753
vt 0.894749 0.516791
vt 0.744385 0.629011
vt 0.728019 0.637178
vt 0.524591 0.614121
vt 0.509217 0.603002
vt 0.944267 0.439466
vt 0.930415 0.453986
vt 0.760362 0.619579
vt 0.540359 0.624171
vt 0.958334 0.425375
vt 0.775944 0.609009
vt 0.556521 0.633023
vt 0.972667 0.411837
vt 0.791136 0.597433
vt 0.573062 0.640552
vt 0.805961 0.584981
vt 0.589943 0.646646
vt 0.820454 0.571785
vt 0.607109 0.651207
vt 0.834656 0.557971
vt 0.624486 0.654157
vt 0.848615 0.543663
vt 0.641986 0.655445
vt 0.862385 0.528981
vt 0.659511 0.655048
vt 0.876022 0.514042
vt 0.676965 0.652973
vt 0.889585 0.498960
vt 0.694252 0.649256
vt 0.903131 0.483848
vt 0.711292 0.643962
vt 0.916722 0.468819
vt 0.624871 0.631039
vt 0.607991 0.630522
vt 0.842882 0.519116
vt 0.828694 0.531786
vt 0.641743 0.630164
vt 0.856986 0.506249
vt 0.658542 0.627908
vt 0.871051 0.493293
vt 0.675209 0.624306
vt 0.885122 0.480349
vt 0.691691 0.619412
vt 0.899244 0.467523
vt 0.707947 0.613295
vt 0.913461 0.454920
vt 0.723948 0.606037
vt 0.509742 0.599963
vt 0.927815 0.442644
vt 0.739674 0.597732
vt 0.525540 0.608008
vt 0.942345 0.430804
vt 0.755122 0.588482
vt 0.541608 0.614981
vt 0.957087 0.419506
vt 0.770296 0.578390
vt 0.557926 0.620791
vt 0.972068 0.408860
vt 0.785214 0.567566
vt 0.574460 0.625359
vt 0.799897 0.556119
vt 0.591167 0.628618
vt 0.814379 0.544156
vt 0.656859 0.600901
vt 0.640679 0.604959
vt 0.866814 0.471866
vt 0.852336 0.482842
vt 0.672883 0.595806
vt 0.881361 0.461086
vt 0.688729 0.589738
vt 0.896010 0.450597
vt 0.704384 0.582770
vt 0.910789 0.440493
vt 0.719841 0.574982
vt 0.510104 0.596837
vt 0.925722 0.430867
vt 0.735101 0.566459
vt 0.526159 0.601742
vt 0.940830 0.421813
vt 0.750175 0.557291
vt 0.542365 0.605600
vt 0.956126 0.413421
vt 0.765077 0.547568
vt 0.558689 0.608361
vt 0.971620 0.405780
vt 0.779830 0.537385
vt 0.575095 0.609989
vt 0.794457 0.526834
vt 0.591540 0.610461
vt 0.808989 0.516011
vt 0.607981 0.609772
vt 0.823458 0.505008
vt 0.624374 0.607929
vt 0.837895 0.493921
vt 0.685359 0.560270
vt 0.670010 0.567523
vt 0.893445 0.433187
vt 0.878306 0.441292
vt 0.700562 0.552415
vt 0.908726 0.425649
vt 0.715628 0.544038
vt 0.510301 0.593655
vt 0.924157 0.418753
vt 0.730572 0.535219
vt 0.526450 0.595387
vt 0.939738 0.412573
vt 0.745412 0.526042
vt 0.542638 0.596122
vt 0.955466 0.407177
vt 0.760170 0.516591
vt 0.558834 0.595849
vt 0.971330 0.402627
vt 0.774869 0.506950
vt 0.575004 0.594573
vt 0.789536 0.497204
vt 0.591119 0.592309
vt 0.804196 0.487438
vt 0.607148 0.589085
vt 0.818877 0.477738
vt 0.623068 0.584942
vt 0.833605 0.468189
vt 0.638860 0.579927
vt 0.848404 0.458876
vt 0.654510 0.574099
vt 0.863298 0.449882
vt 0.711241 0.513230
vt 0.696433 0.522261
vt 0.510333 0.590450
vt 0.923142 0.406401
vt 0.907296 0.410499
vt 0.726001 0.504038
vt 0.526415 0.589007
vt 0.939089 0.403167
vt 0.740738 0.494766
vt 0.542440 0.586636
vt 0.955117 0.400834
vt 0.755475 0.485495
vt 0.558383 0.583365
vt 0.971200 0.399431
vt 0.770237 0.476308
vt 0.574225 0.579232
vt 0.785047 0.467286
vt 0.589947 0.574286
vt 0.799928 0.458510
vt 0.605541 0.568583
vt 0.814898 0.450060
vt 0.621000 0.562184
vt 0.829976 0.442017
vt 0.636323 0.555157
vt 0.845175 0.434457
vt 0.651517 0.547575
vt 0.860504 0.427456
vt 0.666590 0.539513
vt 0.875969 0.421084
vt 0.681556 0.531049
vt 0.891568 0.415411
vt 0.736063 0.463489
vt 0.721305 0.472943
vt 0.541785 0.577232
vt 0.526062 0.582666
vt 0.955086 0.394455
vt 0.938897 0.393681
vt 0.750905 0.454313
vt 0.557361 0.571016
vt 0.971234 0.396227
vt 0.765852 0.445498
vt 0.572786 0.564085
vt 0.780923 0.437129
vt 0.588062 0.556514
vt 0.796130 0.429285
vt 0.603194 0.548380
vt 0.811485 0.422047
vt 0.618197 0.539762
vt 0.826991 0.415490
vt 0.633085 0.530744
vt 0.842647 0.409684
vt 0.647880 0.521408
vt 0.858445 0.404694
vt 0.662604 0.511840
vt 0.874371 0.400579
vt 0.677282 0.502124
vt 0.890406 0.397387
vt 0.691940 0.492346
vt 0.906524 0.395156
vt 0.706605 0.482591
vt 0.510202 0.587255
vt 0.922699 0.393916
vt 0.761642 0.414552
vt 0.746376 0.423072
vt 0.570716 0.549246
vt 0.555789 0.558905
vt 0.971434 0.393045
vt 0.777104 0.406771
vt 0.585488 0.539110
vt 0.792765 0.399814
vt 0.600130 0.528592
vt 0.808619 0.393761
vt 0.614672 0.517785
vt 0.824650 0.388685
vt 0.629145 0.506784
vt 0.840837 0.384649
vt 0.643581 0.495683
vt 0.857148 0.381704
vt 0.658015 0.484576
vt 0.873548 0.379891
vt 0.672481 0.473556
vt 0.889994 0.379233
vt 0.687013 0.462719
vt 0.906443 0.379740
vt 0.701640 0.452158
vt 0.509909 0.584102
vt 0.922851 0.381404
vt 0.716394 0.441967
vt 0.525398 0.576423
vt 0.939176 0.384203
vt 0.731299 0.432241
vt 0.540688 0.567995
vt 0.955381 0.388100
vt 0.789809 0.370138
vt 0.773544 0.376245
vt 0.596361 0.509336
vt 0.582246 0.522190
vt 0.806300 0.365258
vt 0.610425 0.496365
vt 0.822976 0.361676
vt 0.624485 0.483384
vt 0.839783 0.359443
vt 0.638586 0.470495
vt 0.856663 0.358594
vt 0.652771 0.457804
vt 0.873549 0.359141
vt 0.667084 0.445417
vt 0.890377 0.361077
vt 0.681565 0.433440
vt 0.907086 0.364371
vt 0.696250 0.421980
vt 0.509460 0.581023
vt 0.923622 0.368976
vt 0.711170 0.411148
vt 0.524434 0.570340
vt 0.939939 0.374824
vt 0.726349 0.401051
vt 0.539167 0.559007
vt 0.956004 0.381836
vt 0.741802 0.391799
vt 0.553690 0.547132
vt 0.971798 0.389919
vt 0.757536 0.383497
vt 0.568036 0.534825
vt 0.822016 0.334534
vt 0.804551 0.336590
vt 0.619077 0.460661
vt 0.605445 0.475625
vt 0.839551 0.334160
vt 0.632843 0.445956
vt 0.857059 0.335476
vt 0.646799 0.431628
vt 0.874442 0.338457
vt 0.661000 0.417795
vt 0.891612 0.343051
vt 0.675493 0.404583
vt 0.908495 0.349181
vt 0.690321 0.392118
vt 0.508859 0.578048
vt 0.925034 0.356748
vt 0.705517 0.380531
vt 0.523183 0.564474
vt 0.941194 0.365637
vt 0.721104 0.369955
vt 0.537241 0.550349
vt 0.956957 0.375725
vt 0.737089 0.360520
vt 0.551084 0.535796
vt 0.972324 0.386882
vt 0.753464 0.352354
vt 0.564768 0.520932
vt 0.770201 0.345576
vt 0.578350 0.505874
vt 0.787252 0.340292
vt 0.591889 0.490734
vt 0.858439 0.312477
vt 0.840240 0.308904
vt 0.640012 0.406168
vt 0.626289 0.422196
vt 0.876316 0.317979
vt 0.654116 0.390803
vt 0.893766 0.325302
vt 0.668664 0.376246
vt 0.910712 0.334307
vt 0.683709 0.362652
vt 0.508114 0.575207
vt 0.927111 0.344840
vt 0.699290 0.350179
vt 0.521659 0.558880
vt 0.942949 0.356737
vt 0.715430 0.338995
vt 0.534928 0.542099
vt 0.958238 0.369833
vt 0.732126 0.329264
vt 0.547995 0.524991
vt 0.973009 0.383965
vt 0.749351 0.321146
vt 0.560932 0.507679
vt 0.767042 0.314786
vt 0.573814 0.490280
vt 0.785107 0.310310
vt 0.586717 0.472913
vt 0.803425 0.307808
vt 0.599714 0.455696
vt 0.821853 0.307336
vt 0.612880 0.438749
vt 0.896919 0.307989
vt 0.879284 0.297867
vt 0.660917 0.348554
vt 0.646297 0.364579
vt 0.913785 0.319898
vt 0.676235 0.333685
vt 0.507232 0.572527
vt 0.929872 0.333379
vt 0.692305 0.320172
vt 0.519878 0.553610
vt 0.945205 0.348221
vt 0.709154 0.308227
vt 0.532252 0.534329
vt 0.959840 0.364224
vt 0.726773 0.298065
vt 0.544445 0.514810
vt 0.973848 0.381199
vt 0.745104 0.289892
vt 0.556548 0.495172
vt 0.764036 0.283894
vt 0.568649 0.475532
vt 0.783407 0.280220
vt 0.580839 0.456009
vt 0.803011 0.278966
vt 0.593209 0.436721
vt 0.822617 0.280167
vt 0.605848 0.417796
vt 0.841995 0.283790
vt 0.618849 0.399365
vt 0.860939 0.289739
vt 0.632302 0.381574
vn 0.9535 -0.2503 -0.1679
vn 0.9484 -0.2938 -0.1193
vn 0.9142 -0.3630 -0.1800
vn 0.9199 -0.3147 -0.2340
vn 0.0150 -0.7135 -0.7005
vn 0.0076 -0.7761 -0.6306
vn -0.0884 -0.7671 -0.6354
vn -0.0814 -0.7072 -0.7023
vn 0.9780 -0.1832 -0.0999
vn 0.9735 -0.2214 -0.0572
vn 0.1108 -0.7131 -0.6923
vn 0.1032 -0.7778 -0.6200
vn 0.9930 -0.1140 -0.0305
vn 0.9892 -0.1465 0.0057
vn 0.2055 -0.7061 -0.6776
vn 0.1977 -0.7724 -0.6036
vn -0.8755 -0.3065 -0.3734
vn -0.8763 -0.3134 -0.3657
vn -0.9199 -0.2392 -0.3108
vn 0.9983 -0.0434 0.0393
vn 0.9952 -0.0698 0.0688
vn 0.2981 -0.6926 -0.6568
vn 0.2902 -0.7598 -0.5817
vn -0.8231 -0.3696 -0.4311
vn -0.8247 -0.3832 -0.4160
vn 0.9936 0.0279 0.1090
vn 0.9913 0.0078 0.1315
vn 0.3879 -0.6728 -0.6299
vn 0.3799 -0.7403 -0.5545
vn -0.7625 -0.4288 -0.4844
vn -0.7649 -0.4489 -0.4619
vn 0.9790 0.0991 0.1779
vn 0.9774 0.0855 0.1930
vn 0.4741 -0.6469 -0.5973
vn 0.4662 -0.7141 -0.5223
vn -0.6945 -0.4836 -0.5327
vn -0.6976 -0.5101 -0.5032
vn 0.9546 0.1694 0.2450
vn 0.9538 0.1625 0.2527
vn 0.5560 -0.6149 -0.5592
vn 0.5482 -0.6812 -0.4852
vn -0.6198 -0.5334 -0.5755
vn -0.6236 -0.5659 -0.5393
vn 0.9199 0.2392 0.3108
vn 0.6330 -0.5773 -0.5158
vn 0.6254 -0.6420 -0.4435
vn -0.5393 -0.5778 -0.6126
vn -0.5438 -0.6160 -0.5700
vn 0.7042 -0.5342 -0.4676
vn 0.6969 -0.5968 -0.3977
vn -0.4539 -0.6163 -0.6435
vn -0.4590 -0.6598 -0.5949
vn 0.7692 -0.4860 -0.4148
vn 0.7622 -0.5459 -0.3480
vn -0.3645 -0.6487 -0.6680
vn -0.3701 -0.6971 -0.6140
vn 0.8272 -0.4331 -0.3580
vn 0.8206 -0.4896 -0.2948
vn -0.2720 -0.6748 -0.6860
vn -0.2781 -0.7275 -0.6272
vn 0.8776 -0.3758 -0.2976
vn 0.8714 -0.4285 -0.2387
vn -0.1773 -0.6943 -0.6975
vn -0.1839 -0.7508 -0.6343
vn -0.5504 -0.6498 -0.5241
vn -0.6293 -0.5947 -0.5003
vn 0.6859 -0.6523 -0.3225
vn 0.6140 -0.6994 -0.3657
vn -0.4666 -0.6984 -0.5427
vn 0.7517 -0.5990 -0.2761
vn -0.3786 -0.7400 -0.5560
vn 0.8106 -0.5398 -0.2269
vn -0.2874 -0.7743 -0.5639
vn 0.8621 -0.4753 -0.1754
vn -0.1938 -0.8010 -0.5663
vn 0.9057 -0.4059 -0.1220
vn -0.0988 -0.8202 -0.5635
vn 0.9407 -0.3324 -0.0671
vn -0.0033 -0.8316 -0.5554
vn 0.9668 -0.2552 -0.0114
vn 0.0919 -0.8352 -0.5422
vn 0.9835 -0.1753 0.0447
vn 0.1861 -0.8311 -0.5240
vn -0.8776 -0.3195 -0.3575
vn 0.9905 -0.0933 0.1006
vn 0.2784 -0.8194 -0.5010
vn -0.8271 -0.3952 -0.3997
vn 0.9877 -0.0100 0.1557
vn 0.3681 -0.8002 -0.4734
vn -0.7684 -0.4668 -0.4378
vn 0.9751 0.0735 0.2093
vn 0.4544 -0.7736 -0.4415
vn -0.7022 -0.5335 -0.4714
vn 0.9526 0.1564 0.2610
vn 0.5366 -0.7400 -0.4055
vn -0.3897 -0.7769 -0.4944
vn -0.4766 -0.7317 -0.4873
vn 0.7975 -0.5831 -0.1549
vn 0.7378 -0.6448 -0.1998
vn -0.2995 -0.8146 -0.4967
vn 0.8499 -0.5156 -0.1083
vn -0.2069 -0.8443 -0.4943
vn 0.8945 -0.4429 -0.0604
vn -0.1127 -0.8659 -0.4873
vn 0.9307 -0.3657 -0.0117
vn -0.0178 -0.8794 -0.4757
vn 0.9579 -0.2845 0.0372
vn 0.0770 -0.8847 -0.4597
vn 0.9760 -0.2001 0.0861
vn 0.1708 -0.8818 -0.4396
vn -0.8791 -0.3248 -0.3487
vn 0.9844 -0.1135 0.1343
vn 0.2629 -0.8708 -0.4154
vn -0.8302 -0.4056 -0.3824
vn 0.9831 -0.0255 0.1812
vn 0.3525 -0.8518 -0.3874
vn -0.7730 -0.4822 -0.4122
vn 0.9719 0.0631 0.2266
vn 0.4388 -0.8250 -0.3559
vn -0.7083 -0.5538 -0.4378
vn 0.9510 0.1512 0.2697
vn 0.5212 -0.7907 -0.3211
vn -0.6368 -0.6196 -0.4589
vn 0.5990 -0.7489 -0.2833
vn -0.5593 -0.6791 -0.4755
vn 0.6714 -0.7002 -0.2428
vn -0.2229 -0.8802 -0.4189
vn -0.3145 -0.8480 -0.4265
vn 0.8807 -0.4737 0.0039
vn 0.8349 -0.5491 -0.0381
vn -0.1297 -0.9039 -0.4075
vn 0.9182 -0.3933 0.0461
vn -0.0356 -0.9192 -0.3923
vn 0.9470 -0.3088 0.0880
vn 0.0585 -0.9258 -0.3735
vn 0.9667 -0.2208 0.1293
vn 0.1519 -0.9239 -0.3512
vn -0.8811 -0.3291 -0.3395
vn 0.9769 -0.1303 0.1695
vn 0.2437 -0.9134 -0.3258
vn -0.8341 -0.4142 -0.3643
vn 0.9774 -0.0382 0.2080
vn 0.3332 -0.8947 -0.2975
vn -0.7787 -0.4950 -0.3854
vn 0.9680 0.0544 0.2447
vn 0.4196 -0.8677 -0.2664
vn -0.7158 -0.5706 -0.4025
vn 0.9490 0.1468 0.2789
vn 0.5023 -0.8327 -0.2328
vn -0.6460 -0.6402 -0.4156
vn 0.5805 -0.7900 -0.1971
vn -0.5701 -0.7033 -0.4246
vn 0.6535 -0.7399 -0.1594
vn -0.4889 -0.7593 -0.4294
vn 0.7207 -0.6828 -0.1201
vn -0.4035 -0.8076 -0.4300
vn 0.7813 -0.6190 -0.0796
vn -0.0566 -0.9503 -0.3060
vn -0.1497 -0.9337 -0.3250
vn 0.9342 -0.3279 0.1406
vn 0.9036 -0.4150 0.1060
vn 0.0368 -0.9580 -0.2843
vn 0.9557 -0.2371 0.1740
vn 0.1297 -0.9568 -0.2600
vn -0.8834 -0.3326 -0.3301
vn 0.9680 -0.1436 0.2058
vn 0.2212 -0.9469 -0.2333
vn -0.8386 -0.4210 -0.3456
vn 0.9706 -0.0483 0.2358
vn 0.3105 -0.9283 -0.2045
vn -0.7855 -0.5051 -0.3577
vn 0.9635 0.0476 0.2633
vn 0.3970 -0.9012 -0.1739
vn -0.7246 -0.5838 -0.3661
vn 0.9467 0.1433 0.2884
vn 0.4800 -0.8657 -0.1416
vn -0.6568 -0.6565 -0.3709
vn 0.5587 -0.8223 -0.1079
vn -0.5828 -0.7224 -0.3720
vn 0.6324 -0.7711 -0.0732
vn -0.5035 -0.7810 -0.3695
vn 0.7005 -0.7126 -0.0377
vn -0.4196 -0.8318 -0.3634
vn 0.7623 -0.6472 -0.0017
vn -0.3321 -0.8743 -0.3539
vn 0.8171 -0.5754 0.0345
vn -0.2419 -0.9084 -0.3410
vn 0.8644 -0.4978 0.0705
vn 0.1043 -0.9805 -0.1667
vn 0.0121 -0.9811 -0.1931
vn -0.8860 -0.3351 -0.3204
vn 0.9578 -0.1531 0.2431
vn 0.9433 -0.2487 0.2198
vn 0.1954 -0.9709 -0.1387
vn -0.8438 -0.4259 -0.3265
vn 0.9629 -0.0555 0.2641
vn 0.2847 -0.9523 -0.1095
vn -0.7931 -0.5123 -0.3293
vn 0.9583 0.0428 0.2824
vn 0.3713 -0.9251 -0.0793
vn -0.7347 -0.5932 -0.3289
vn 0.9441 0.1409 0.2980
vn 0.4546 -0.8894 -0.0483
vn -0.6692 -0.6681 -0.3251
vn 0.5339 -0.8454 -0.0168
vn -0.5974 -0.7361 -0.3182
vn 0.6084 -0.7935 0.0149
vn -0.5201 -0.7965 -0.3082
vn 0.6775 -0.7340 0.0465
vn -0.4380 -0.8490 -0.2953
vn 0.7405 -0.6674 0.0779
vn -0.3522 -0.8931 -0.2796
vn 0.7968 -0.5943 0.1086
vn -0.2634 -0.9286 -0.2614
vn 0.8458 -0.5151 0.1385
vn -0.1726 -0.9551 -0.2407
vn 0.8869 -0.4306 0.1672
vn -0.0804 -0.9726 -0.2179
vn 0.9195 -0.3415 0.1944
vn 0.2559 -0.9666 -0.0133
vn 0.1668 -0.9850 -0.0430
vn -0.8017 -0.5166 -0.3007
vn -0.8495 -0.4288 -0.3072
vn 0.9525 0.0399 0.3018
vn 0.9543 -0.0598 0.2927
vn 0.3426 -0.9393 0.0164
vn -0.7460 -0.5989 -0.2912
vn 0.9411 0.1394 0.3079
vn 0.4263 -0.9034 0.0461
vn -0.6830 -0.6750 -0.2788
vn 0.5062 -0.8591 0.0753
vn -0.6136 -0.7442 -0.2638
vn 0.5817 -0.8067 0.1040
vn -0.5385 -0.8058 -0.2463
vn 0.6519 -0.7467 0.1318
vn -0.4586 -0.8593 -0.2264
vn 0.7164 -0.6795 0.1584
vn -0.3746 -0.9043 -0.2045
vn 0.7743 -0.6055 0.1837
vn -0.2875 -0.9405 -0.1808
vn 0.8252 -0.5254 0.2073
vn -0.1980 -0.9678 -0.1554
vn 0.8683 -0.4399 0.2291
vn -0.1071 -0.9859 -0.1287
vn 0.9032 -0.3497 0.2487
vn -0.0154 -0.9948 -0.1009
vn 0.9294 -0.2557 0.2660
vn 0.0761 -0.9944 -0.0723
vn -0.8889 -0.3365 -0.3106
vn 0.9465 -0.1587 0.2807
vn 0.3955 -0.9077 0.1405
vn 0.3113 -0.9436 0.1122
vn -0.6981 -0.6772 -0.2325
vn -0.7582 -0.6007 -0.2535
vn 0.9380 0.1390 0.3177
vn 0.4761 -0.8633 0.1676
vn -0.6313 -0.7467 -0.2094
vn 0.5525 -0.8108 0.1932
vn -0.5587 -0.8086 -0.1843
vn 0.6240 -0.7506 0.2171
vn -0.4810 -0.8625 -0.1575
vn 0.6900 -0.6832 0.2390
vn -0.3990 -0.9077 -0.1294
vn 0.7497 -0.6090 0.2588
vn -0.3137 -0.9442 -0.1001
vn 0.8026 -0.5286 0.2763
vn -0.2258 -0.9716 -0.0701
vn 0.8480 -0.4428 0.2911
vn -0.1361 -0.9899 -0.0395
vn 0.8854 -0.3522 0.3032
vn -0.0455 -0.9989 -0.0086
vn 0.9143 -0.2579 0.3123
vn 0.0453 -0.9987 0.0222
vn -0.8921 -0.3370 -0.3008
vn 0.9342 -0.1605 0.3185
vn 0.1356 -0.9893 0.0528
vn -0.8559 -0.4297 -0.2878
vn 0.9449 -0.0612 0.3214
vn 0.2245 -0.9709 0.0829
vn -0.8110 -0.5179 -0.2720
vn 0.9462 0.0389 0.3211
vn 0.5212 -0.8056 0.2816
vn 0.4437 -0.8579 0.2590
vn -0.5803 -0.8051 -0.1228
vn -0.6503 -0.7436 -0.1554
vn 0.5941 -0.7457 0.3016
vn -0.5050 -0.8585 -0.0892
vn 0.6617 -0.6785 0.3189
vn -0.4252 -0.9034 -0.0548
vn 0.7234 -0.6047 0.3333
vn -0.3418 -0.9395 -0.0202
vn 0.7784 -0.5247 0.3445
vn -0.2556 -0.9667 0.0145
vn 0.8263 -0.4393 0.3525
vn -0.1673 -0.9847 0.0489
vn 0.8663 -0.3492 0.3571
vn -0.0777 -0.9935 0.0828
vn 0.8980 -0.2552 0.3582
vn 0.0123 -0.9932 0.1158
vn -0.8956 -0.3364 -0.2910
vn 0.9210 -0.1584 0.3558
vn 0.1021 -0.9837 0.1477
vn -0.8626 -0.4286 -0.2686
vn 0.9349 -0.0596 0.3498
vn 0.1908 -0.9653 0.1782
vn -0.8210 -0.5163 -0.2435
vn 0.9394 0.0400 0.3403
vn 0.2778 -0.9380 0.2071
vn -0.7714 -0.5985 -0.2161
vn 0.9345 0.1395 0.3274
vn 0.3623 -0.9021 0.2341
vn -0.7142 -0.6746 -0.1866
vn 0.6318 -0.6656 0.3972
vn 0.5624 -0.7320 0.3845
vn -0.4530 -0.8913 0.0182
vn -0.5304 -0.8474 -0.0222
vn 0.6955 -0.5926 0.4063
vn -0.3716 -0.9265 0.0582
vn 0.7529 -0.5137 0.4115
vn -0.2871 -0.9529 0.0974
vn 0.8033 -0.4293 0.4128
vn -0.2002 -0.9703 0.1356
vn 0.8461 -0.3405 0.4100
vn -0.1118 -0.9786 0.1724
vn 0.8809 -0.2478 0.4033
vn -0.0226 -0.9779 0.2076
vn -0.8992 -0.3349 -0.2815
vn 0.9070 -0.1523 0.3925
vn 0.0666 -0.9683 0.2407
vn -0.8698 -0.4255 -0.2498
vn 0.9243 -0.0550 0.3777
vn 0.1552 -0.9498 0.2716
vn -0.8316 -0.5117 -0.2156
vn 0.9322 0.0431 0.3592
vn 0.2423 -0.9226 0.3001
vn -0.7853 -0.5925 -0.1794
vn 0.9309 0.1411 0.3369
vn 0.3273 -0.8869 0.3258
vn -0.7313 -0.6671 -0.1415
vn 0.4095 -0.8430 0.3486
vn -0.6704 -0.7349 -0.1024
vn 0.4881 -0.7913 0.3682
vn -0.6032 -0.7951 -0.0625
vn 0.7262 -0.4957 0.4764
vn 0.6664 -0.5730 0.4771
vn -0.3200 -0.9305 0.1779
vn -0.4027 -0.9054 0.1342
vn 0.7792 -0.4132 0.4712
vn -0.2347 -0.9469 0.2197
vn 0.8250 -0.3262 0.4613
vn -0.1474 -0.9544 0.2594
vn 0.8629 -0.2358 0.4469
vn -0.0591 -0.9532 0.2966
vn -0.9030 -0.3323 -0.2722
vn 0.8924 -0.1425 0.4280
vn 0.0296 -0.9431 0.3310
vn -0.8773 -0.4205 -0.2315
vn 0.9131 -0.0475 0.4048
vn 0.1180 -0.9245 0.3623
vn -0.8427 -0.5042 -0.1885
vn 0.9248 0.0482 0.3774
vn 0.2053 -0.8975 0.3903
vn -0.7999 -0.5827 -0.1438
vn 0.9271 0.1436 0.3462
vn 0.2908 -0.8621 0.4148
vn -0.7492 -0.6550 -0.0978
vn 0.3738 -0.8189 0.4355
vn -0.6914 -0.7206 -0.0511
vn 0.4535 -0.7679 0.4523
vn -0.6271 -0.7789 -0.0040
vn 0.5294 -0.7096 0.4649
vn -0.5570 -0.8294 0.0428
vn 0.6005 -0.6445 0.4732
vn -0.4820 -0.8716 0.0890
vn 0.8032 -0.3067 0.5106
vn 0.7544 -0.3909 0.5272
vn -0.1842 -0.9212 0.3428
vn -0.2702 -0.9147 0.3003
vn 0.8444 -0.2191 0.4888
vn -0.0967 -0.9191 0.3819
vn -0.9069 -0.3288 -0.2633
vn 0.8773 -0.1290 0.4621
vn -0.0085 -0.9086 0.4175
vn -0.8850 -0.4135 -0.2140
vn 0.9017 -0.0372 0.4307
vn 0.0796 -0.8899 0.4492
vn -0.8542 -0.4939 -0.1626
vn 0.9170 0.0551 0.3949
vn 0.1671 -0.8629 0.4769
vn -0.8149 -0.5691 -0.1097
vn 0.9232 0.1471 0.3551
vn 0.2531 -0.8281 0.5001
vn -0.7677 -0.6384 -0.0559
vn 0.3369 -0.7856 0.5189
vn -0.7131 -0.7010 -0.0018
vn 0.4179 -0.7358 0.5329
vn -0.6518 -0.7566 0.0520
vn 0.4953 -0.6789 0.5420
vn -0.5845 -0.8046 0.1051
vn 0.5683 -0.6155 0.5461
vn -0.5119 -0.8446 0.1570
vn 0.6363 -0.5459 0.5450
vn -0.4348 -0.8764 0.2071
vn 0.6986 -0.4708 0.5387
vn -0.3540 -0.8998 0.2550
vn 0.8620 -0.1119 0.4944
vn 0.8255 -0.1981 0.5285
vn -0.0475 -0.8650 0.4994
vn -0.1352 -0.8761 0.4627
vn -0.8928 -0.4047 -0.1974
vn -0.9109 -0.3244 -0.2550
vn 0.8900 -0.0242 0.4553
vn 0.0404 -0.8461 0.5315
vn -0.8658 -0.4808 -0.1380
vn 0.9091 0.0639 0.4115
vn 0.1281 -0.8194 0.5588
vn -0.8303 -0.5520 -0.0774
vn 0.9192 0.1516 0.3635
vn 0.2146 -0.7851 0.5809
vn -0.7865 -0.6173 -0.0162
vn 0.2993 -0.7436 0.5978
vn -0.7353 -0.6763 0.0448
vn 0.3815 -0.6952 0.6092
vn -0.6770 -0.7284 0.1051
vn 0.4605 -0.6401 0.6150
vn -0.6125 -0.7732 0.1641
vn 0.5354 -0.5788 0.6150
vn -0.5425 -0.8104 0.2213
vn 0.6056 -0.5118 0.6093
vn -0.4676 -0.8397 0.2761
vn 0.6705 -0.4395 0.5977
vn -0.3887 -0.8610 0.3280
vn 0.7291 -0.3627 0.5803
vn -0.3065 -0.8741 0.3767
vn 0.7810 -0.2819 0.5572
vn -0.2218 -0.8792 0.4217
vn 0.9012 0.0745 0.4270
vn 0.8781 -0.0086 0.4783
vn 0.0886 -0.7672 0.6352
vn 0.0008 -0.7937 0.6083
vn -0.8458 -0.5314 -0.0472
vn -0.8777 -0.4652 -0.1151
vn 0.9151 0.1569 0.3713
vn 0.1757 -0.7337 0.6563
vn -0.8056 -0.5921 0.0208
vn 0.2613 -0.6934 0.6715
vn -0.7577 -0.6466 0.0883
vn 0.3448 -0.6466 0.6804
vn -0.7025 -0.6946 0.1547
vn 0.4253 -0.5936 0.6831
vn -0.6409 -0.7356 0.2192
vn 0.5022 -0.5349 0.6794
vn -0.5734 -0.7694 0.2814
vn 0.5747 -0.4708 0.6693
vn -0.5008 -0.7957 0.3405
vn 0.6420 -0.4020 0.6528
vn -0.4238 -0.8145 0.3962
vn 0.7036 -0.3289 0.6299
vn -0.3432 -0.8255 0.4480
vn 0.7586 -0.2523 0.6007
vn -0.2597 -0.8289 0.4954
vn 0.8064 -0.1728 0.5655
vn -0.1740 -0.8247 0.5381
vn -0.9149 -0.3190 -0.2471
vn 0.8464 -0.0913 0.5246
vn -0.0870 -0.8129 0.5759
vn -0.9008 -0.3942 -0.1819
vn 0.9111 0.1631 0.3785
vn 0.2233 -0.6354 0.7392
vn 0.1368 -0.6743 0.7257
vn -0.7801 -0.6124 0.1283
vn -0.8247 -0.5629 0.0548
vn 0.3080 -0.5905 0.7459
vn -0.7280 -0.6556 0.2002
vn 0.3901 -0.5400 0.7458
vn -0.6692 -0.6923 0.2698
vn 0.4690 -0.4842 0.7386
vn -0.6043 -0.7222 0.3365
vn 0.5437 -0.4236 0.7245
vn -0.5340 -0.7450 0.3997
vn 0.6137 -0.3586 0.7034
vn -0.4589 -0.7608 0.4588
vn 0.6780 -0.2899 0.6754
vn -0.3799 -0.7694 0.5134
vn 0.7361 -0.2180 0.6407
vn -0.2977 -0.7709 0.5631
vn 0.7873 -0.1437 0.5996
vn -0.2129 -0.7653 0.6075
vn -0.9190 -0.3128 -0.2399
vn 0.8309 -0.0676 0.5523
vn -0.1264 -0.7526 0.6462
vn -0.9088 -0.3820 -0.1677
vn 0.8663 0.0095 0.4993
vn -0.0388 -0.7331 0.6789
vn -0.8895 -0.4472 -0.0940
vn 0.8932 0.0866 0.4412
vn 0.0492 -0.7070 0.7055
vn -0.8613 -0.5077 -0.0195
vn 0.3554 -0.4796 0.8023
vn 0.2717 -0.5274 0.8050
vn -0.6973 -0.6435 0.3155
vn -0.7533 -0.6117 0.2413
vn 0.4361 -0.4272 0.7920
vn -0.6349 -0.6690 0.3863
vn 0.5131 -0.3704 0.7743
vn -0.5669 -0.6880 0.4531
vn 0.5856 -0.3099 0.7490
vn -0.4937 -0.7005 0.5153
vn 0.6528 -0.2460 0.7165
vn -0.4163 -0.7063 0.5725
vn 0.7140 -0.1795 0.6768
vn -0.3353 -0.7056 0.6242
vn 0.7684 -0.1109 0.6302
vn -0.2514 -0.6985 0.6700
vn -0.9230 -0.3059 -0.2334
vn 0.8155 -0.0409 0.5773
vn -0.1654 -0.6849 0.7096
vn -0.9167 -0.3683 -0.1549
vn 0.8546 0.0298 0.5184
vn -0.0780 -0.6651 0.7426
vn -0.9012 -0.4269 -0.0750
vn 0.8853 0.1003 0.4541
vn 0.0102 -0.6392 0.7689
vn -0.8767 -0.4810 0.0054
vn 0.9071 0.1700 0.3850
vn 0.0983 -0.6075 0.7882
vn -0.8436 -0.5301 0.0855
vn 0.1857 -0.5701 0.8003
vn -0.8023 -0.5738 0.1644
vn 0.4831 -0.3120 0.8181
vn 0.4039 -0.3645 0.8390
vn -0.5990 -0.6253 0.5001
vn -0.6650 -0.6106 0.4301
vn 0.5581 -0.2563 0.7892
vn -0.5278 -0.6341 0.5651
vn 0.6280 -0.1978 0.7526
vn -0.4519 -0.6370 0.6245
vn 0.6922 -0.1372 0.7085
vn -0.3721 -0.6339 0.6780
vn 0.7499 -0.0748 0.6572
vn -0.2891 -0.6250 0.7250
vn -0.9269 -0.2982 -0.2277
vn 0.8004 -0.0115 0.5993
vn -0.2037 -0.6105 0.7654
vn -0.9244 -0.3532 -0.1436
vn 0.8432 0.0521 0.5351
vn -0.1164 -0.5903 0.7987
vn -0.9127 -0.4045 -0.0582
vn 0.8776 0.1154 0.4653
vn -0.0280 -0.5648 0.8247
vn -0.8918 -0.4516 0.0274
vn 0.9032 0.1777 0.3908
vn 0.0606 -0.5341 0.8433
vn -0.8621 -0.4941 0.1125
vn 0.1489 -0.4984 0.8541
vn -0.8240 -0.5315 0.1961
vn 0.2361 -0.4580 0.8570
vn -0.7781 -0.5635 0.2774
vn 0.3213 -0.4133 0.8520
vn -0.7249 -0.5899 0.3557
vn 0.6040 -0.1456 0.7835
vn 0.5314 -0.1983 0.8236
vn -0.4865 -0.5620 0.6689
vn -0.5609 -0.5624 0.6076
vn 0.6711 -0.0913 0.7356
vn -0.4078 -0.5564 0.7239
vn 0.7320 -0.0359 0.6803
vn -0.3257 -0.5457 0.7721
vn -0.9307 -0.2900 -0.2228
vn 0.7859 0.0202 0.6181
vn -0.2407 -0.5300 0.8131
vn -0.9319 -0.3369 -0.1339
vn 0.8321 0.0762 0.5494
vn -0.1536 -0.5095 0.8466
vn -0.9238 -0.3804 -0.0439
vn 0.8701 0.1317 0.4750
vn -0.0651 -0.4843 0.8725
vn -0.9064 -0.4199 0.0462
vn 0.8993 0.1859 0.3956
vn 0.0241 -0.4547 0.8903
vn -0.8800 -0.4551 0.1356
vn 0.1132 -0.4209 0.9000
vn -0.8451 -0.4857 0.2232
vn 0.2016 -0.3830 0.9015
vn -0.8021 -0.5114 0.3083
vn 0.2883 -0.3415 0.8945
vn -0.7516 -0.5320 0.3900
vn 0.3728 -0.2966 0.8792
vn -0.6941 -0.5474 0.4675
vn 0.4541 -0.2488 0.8555
vn -0.6303 -0.5575 0.5402
vn 0.7148 0.0056 0.6992
vn 0.6510 -0.0426 0.7579
vn -0.3607 -0.4612 0.8107
vn -0.4421 -0.4738 0.7616
vn -0.9344 -0.2812 -0.2188
vn 0.7719 0.0540 0.6334
vn -0.2762 -0.4443 0.8522
vn -0.9391 -0.3196 -0.1261
vn 0.8214 0.1019 0.5611
vn -0.1892 -0.4234 0.8859
vn -0.9344 -0.3547 -0.0323
vn 0.8629 0.1491 0.4829
vn -0.1006 -0.3986 0.9116
vn -0.9204 -0.3861 0.0616
vn 0.8957 0.1947 0.3996
vn -0.0109 -0.3702 0.9289
vn -0.8972 -0.4136 0.1545
vn 0.0790 -0.3383 0.9377
vn -0.8654 -0.4369 0.2454
vn 0.1685 -0.3032 0.9379
vn -0.8252 -0.4559 0.3336
vn 0.2568 -0.2651 0.9294
vn -0.7772 -0.4703 0.4181
vn 0.3429 -0.2245 0.9121
vn -0.7220 -0.4801 0.4982
vn 0.4262 -0.1815 0.8862
vn -0.6602 -0.4854 0.5731
vn 0.5059 -0.1366 0.8517
vn -0.5925 -0.4860 0.6424
vn 0.5811 -0.0901 0.8088
vn -0.5196 -0.4821 0.7053
vn -0.9459 -0.3014 -0.1200
vn -0.9378 -0.2720 -0.2157
vn 0.8114 0.1289 0.5701
vn 0.7587 0.0894 0.6453
vn -0.2230 -0.3330 0.9162
vn -0.3098 -0.3543 0.8823
vn -0.9445 -0.3277 -0.0233
vn 0.8561 0.1673 0.4889
vn -0.1341 -0.3086 0.9417
vn -0.9336 -0.3507 0.0734
vn 0.8923 0.2040 0.4027
vn -0.0440 -0.2814 0.9586
vn -0.9135 -0.3700 0.1690
vn 0.0468 -0.2515 0.9667
vn -0.8845 -0.3857 0.2625
vn 0.1373 -0.2193 0.9659
vn -0.8469 -0.3975 0.3530
vn 0.2269 -0.1849 0.9562
vn -0.8014 -0.4055 0.4397
vn 0.3147 -0.1486 0.9375
vn -0.7484 -0.4095 0.5217
vn 0.3999 -0.1108 0.9098
vn -0.6886 -0.4096 0.5984
vn 0.4818 -0.0717 0.8733
vn -0.6225 -0.4058 0.6691
vn 0.5594 -0.0318 0.8283
vn -0.5509 -0.3983 0.7334
vn 0.6319 0.0086 0.7749
vn -0.4745 -0.3871 0.7906
vn 0.6986 0.0492 0.7138
vn -0.3939 -0.3724 0.8403
vn -0.9460 -0.3138 0.0815
vn -0.9539 -0.2997 -0.0171
vn 0.8891 0.2136 0.4048
vn 0.8498 0.1862 0.4931
vn -0.0748 -0.1892 0.9791
vn -0.1654 -0.2152 0.9624
vn -0.9287 -0.3248 0.1789
vn 0.0166 -0.1615 0.9867
vn -0.9023 -0.3326 0.2742
vn 0.1082 -0.1322 0.9853
vn -0.8672 -0.3370 0.3664
vn 0.1990 -0.1016 0.9747
vn -0.8240 -0.3382 0.4546
vn 0.2884 -0.0699 0.9549
vn -0.7730 -0.3361 0.5379
vn 0.3754 -0.0374 0.9261
vn -0.7150 -0.3309 0.6159
vn 0.4593 -0.0044 0.8882
vn -0.6505 -0.3226 0.6876
vn 0.5392 0.0287 0.8417
vn -0.5802 -0.3112 0.7527
vn 0.6142 0.0618 0.7867
vn -0.5047 -0.2971 0.8105
vn 0.6835 0.0945 0.7237
vn -0.4248 -0.2803 0.8608
vn -0.9410 -0.2624 -0.2136
vn 0.7464 0.1263 0.6534
vn -0.3412 -0.2608 0.9031
vn -0.9522 -0.2824 -0.1158
vn 0.8020 0.1570 0.5763
vn -0.2545 -0.2391 0.9370
vn -0.9187 -0.2780 0.2805
vn -0.9426 -0.2784 0.1843
vn 0.0815 -0.0428 0.9957
vn -0.0110 -0.0691 0.9975
vn -0.8859 -0.2749 0.3736
vn 0.1735 -0.0161 0.9847
vn -0.8447 -0.2692 0.4625
vn 0.2643 0.0108 0.9644
vn -0.7956 -0.2609 0.5467
vn 0.3530 0.0378 0.9348
vn -0.7392 -0.2501 0.6252
vn 0.4387 0.0646 0.8963
vn -0.6761 -0.2371 0.6976
vn 0.5206 0.0909 0.8489
vn -0.6070 -0.2219 0.7631
vn 0.5979 0.1164 0.7930
vn -0.5324 -0.2047 0.8213
vn 0.6697 0.1409 0.7291
vn -0.4532 -0.1856 0.8719
vn -0.9439 -0.2525 -0.2125
vn 0.7351 0.1641 0.6578
vn -0.3699 -0.1650 0.9143
vn -0.9580 -0.2631 -0.1136
vn 0.7935 0.1857 0.5796
vn -0.2833 -0.1427 0.9483
vn -0.9625 -0.2709 -0.0138
vn 0.8440 0.2056 0.4953
vn -0.1942 -0.1192 0.9737
vn -0.9573 -0.2760 0.0858
vn 0.8861 0.2234 0.4060
vn -0.1031 -0.0946 0.9901
vn -0.8634 -0.1991 0.4636
vn -0.9027 -0.2119 0.3745
vn 0.2426 0.0929 0.9656
vn 0.1505 0.0707 0.9861
vn -0.8160 -0.1844 0.5478
vn 0.3328 0.1143 0.9360
vn -0.7611 -0.1681 0.6265
vn 0.4202 0.1347 0.8973
vn -0.6992 -0.1503 0.6989
vn 0.5040 0.1540 0.8498
vn -0.6311 -0.1312 0.7645
vn 0.5833 0.1718 0.7938
vn -0.5574 -0.1108 0.8228
vn 0.6572 0.1880 0.7298
vn -0.4787 -0.0896 0.8733
vn -0.9466 -0.2426 -0.2123
vn 0.7250 0.2025 0.6583
vn -0.3958 -0.0675 0.9158
vn -0.9633 -0.2434 -0.1133
vn 0.7857 0.2149 0.5800
vn -0.3093 -0.0449 0.9499
vn -0.9702 -0.2417 -0.0134
vn 0.8388 0.2253 0.4956
vn -0.2200 -0.0218 0.9752
vn -0.9675 -0.2377 0.0864
vn 0.8835 0.2334 0.4061
vn -0.1286 0.0014 0.9917
vn -0.9551 -0.2313 0.1849
vn -0.0358 0.0248 0.9990
vn -0.9334 -0.2226 0.2813
vn 0.0575 0.0479 0.9972
vn -0.7803 -0.0857 0.6195
vn -0.8339 -0.1076 0.5413
vn 0.4039 0.2052 0.8914
vn 0.3151 0.1912 0.9296
vn -0.7195 -0.0631 0.6915
vn 0.4894 0.2174 0.8445
vn -0.6523 -0.0399 0.7568
vn 0.5705 0.2275 0.7891
vn -0.5793 -0.0165 0.8149
vn 0.6463 0.2354 0.7258
vn -0.5011 0.0070 0.8653
vn -0.9489 -0.2325 -0.2132
vn 0.7161 0.2410 0.6550
vn -0.4185 0.0304 0.9077
vn -0.9679 -0.2236 -0.1150
vn 0.7790 0.2443 0.5775
vn -0.3321 0.0535 0.9417
vn -0.9771 -0.2124 -0.0159
vn 0.8342 0.2451 0.4939
vn -0.2427 0.0761 0.9671
vn -0.9764 -0.1991 0.0831
vn 0.8812 0.2434 0.4053
vn -0.1509 0.0980 0.9836
vn -0.9661 -0.1839 0.1809
vn -0.0576 0.1191 0.9912
vn -0.9463 -0.1670 0.2766
vn 0.0364 0.1391 0.9896
vn -0.9174 -0.1485 0.3691
vn 0.1304 0.1579 0.9788
vn -0.8798 -0.1286 0.4576
vn 0.2236 0.1753 0.9588
vn -0.6704 0.0507 0.7402
vn -0.7368 0.0237 0.6756
vn 0.5596 0.2829 0.7790
vn 0.4770 0.2804 0.8329
vn -0.5980 0.0773 0.7978
vn 0.6370 0.2825 0.7172
vn -0.5202 0.1030 0.8477
vn -0.9509 -0.2225 -0.2150
vn 0.7085 0.2794 0.6480
vn -0.4379 0.1278 0.8899
vn -0.9718 -0.2039 -0.1187
vn 0.7732 0.2734 0.5721
vn -0.3515 0.1513 0.9238
vn -0.9828 -0.1832 -0.0213
vn 0.8303 0.2647 0.4903
vn -0.2620 0.1735 0.9493
vn -0.9840 -0.1608 0.0760
vn 0.8792 0.2534 0.4034
vn -0.1700 0.1941 0.9661
vn -0.9755 -0.1368 0.1722
vn -0.0762 0.2130 0.9741
vn -0.9574 -0.1116 0.2664
vn 0.0184 0.2299 0.9730
vn -0.9300 -0.0855 0.3575
vn 0.1133 0.2447 0.9629
vn -0.8937 -0.0586 0.4447
vn 0.2074 0.2574 0.9438
vn -0.8491 -0.0312 0.5273
vn 0.3000 0.2676 0.9156
vn -0.7966 -0.0037 0.6045
vn 0.3901 0.2753 0.8786
vn -0.5358 0.1976 0.8209
vn -0.6132 0.1696 0.7715
vn -0.9525 -0.2127 -0.2178
vn 0.7024 0.3171 0.6372
vn 0.6295 0.3289 0.7039
vn -0.4536 0.2237 0.8626
vn -0.9749 -0.1845 -0.1242
vn 0.7685 0.3022 0.5639
vn -0.3674 0.2477 0.8965
vn -0.9875 -0.1545 -0.0295
vn 0.8272 0.2841 0.4848
vn -0.2777 0.2694 0.9221
vn -0.9902 -0.1231 0.0652
vn 0.8776 0.2632 0.4006
vn -0.1855 0.2887 0.9393
vn -0.9831 -0.0905 0.1590
vn -0.0913 0.3054 0.9478
vn -0.9663 -0.0572 0.2508
vn 0.0038 0.3192 0.9477
vn -0.9402 -0.0234 0.3398
vn 0.0993 0.3302 0.9387
vn -0.9051 0.0104 0.4250
vn 0.1943 0.3381 0.9208
vn -0.8615 0.0439 0.5058
vn 0.2877 0.3428 0.8942
vn -0.8099 0.0769 0.5815
vn 0.3789 0.3443 0.8590
vn -0.7509 0.1091 0.6513
vn 0.4669 0.3425 0.8153
vn -0.6851 0.1400 0.7148
vn 0.5507 0.3374 0.7635
vn 0.0887 0.4134 0.9062
vn -0.0072 0.4063 0.9137
vn -0.9138 0.0775 0.3988
vn -0.9480 0.0370 0.3161
vn 0.1842 0.4167 0.8901
vn -0.8709 0.1172 0.4772
vn 0.2784 0.4161 0.8656
vn -0.8200 0.1555 0.5508
vn 0.3704 0.4115 0.8327
vn -0.7616 0.1922 0.6188
vn 0.4592 0.4030 0.7917
vn -0.6963 0.2270 0.6808
vn 0.5440 0.3905 0.7427
vn -0.6248 0.2596 0.7364
vn 0.6238 0.3740 0.6863
vn -0.5477 0.2897 0.7849
vn -0.9537 -0.2032 -0.2216
vn 0.6977 0.3539 0.6228
vn -0.4656 0.3171 0.8262
vn -0.9774 -0.1657 -0.1316
vn 0.7650 0.3301 0.5530
vn -0.3794 0.3415 0.8599
vn -0.9911 -0.1266 -0.0404
vn 0.8248 0.3030 0.4774
vn -0.2897 0.3628 0.8857
vn -0.9950 -0.0863 0.0508
vn 0.8764 0.2728 0.3969
vn -0.1972 0.3808 0.9033
vn -0.9889 -0.0454 0.1413
vn -0.1028 0.3953 0.9127
vn -0.9731 -0.0041 0.2300
vn 0.2721 0.4866 0.8301
vn 0.1775 0.4924 0.8520
vn -0.8269 0.2312 0.5126
vn -0.8773 0.1877 0.4417
vn 0.3646 0.4762 0.8001
vn -0.7689 0.2723 0.5785
vn 0.4540 0.4611 0.7624
vn -0.7039 0.3108 0.6387
vn 0.5394 0.4415 0.7170
vn -0.6326 0.3462 0.6927
vn 0.6199 0.4175 0.6644
vn -0.5557 0.3784 0.7403
vn -0.9546 -0.1940 -0.2262
vn 0.6946 0.3893 0.6050
vn -0.4737 0.4070 0.7810
vn -0.9790 -0.1475 -0.1408
vn 0.7626 0.3570 0.5394
vn -0.3875 0.4319 0.8144
vn -0.9935 -0.0997 -0.0540
vn 0.8231 0.3211 0.4682
vn -0.2978 0.4527 0.8404
vn -0.9981 -0.0510 0.0330
vn 0.8756 0.2820 0.3922
vn -0.2052 0.4695 0.8587
vn -0.9928 -0.0019 0.1194
vn -0.1106 0.4820 0.8691
vn -0.9778 0.0469 0.2043
vn -0.0147 0.4900 0.8715
vn -0.9532 0.0952 0.2868
vn 0.0816 0.4935 0.8659
vn -0.9196 0.1422 0.3662
vn 0.4514 0.5165 0.7276
vn 0.3617 0.5377 0.7616
vn -0.7078 0.3904 0.5887
vn -0.7726 0.3485 0.5307
vn 0.5371 0.4901 0.6865
vn -0.6366 0.4286 0.6411
vn 0.6179 0.4588 0.6384
vn -0.5597 0.4627 0.6874
vn -0.9550 -0.1852 -0.2317
vn 0.6930 0.4229 0.5839
vn -0.4779 0.4925 0.7273
vn -0.9798 -0.1303 -0.1516
vn 0.7614 0.3826 0.5233
vn -0.3917 0.5178 0.7606
vn -0.9948 -0.0741 -0.0701
vn 0.8223 0.3384 0.4574
vn -0.3019 0.5383 0.7868
vn -0.9998 -0.0173 0.0118
vn 0.8751 0.2907 0.3867
vn -0.2093 0.5539 0.8058
vn -0.9948 0.0394 0.0934
vn -0.1145 0.5644 0.8175
vn -0.9801 0.0955 0.1737
vn -0.0185 0.5697 0.8216
vn -0.9559 0.1505 0.2521
vn 0.0779 0.5697 0.8181
vn -0.9226 0.2037 0.3276
vn 0.1741 0.5644 0.8069
vn -0.8806 0.2548 0.3995
vn 0.2690 0.5537 0.7880
vn -0.8304 0.3032 0.4675
vn 0.6179 0.4976 0.6087
vn 0.5371 0.5357 0.6516
vn -0.5599 0.5419 0.6268
vn -0.6367 0.5059 0.5819
vn -0.9550 -0.1770 -0.2380
vn 0.6930 0.4545 0.5597
vn -0.4780 0.5727 0.6659
vn -0.9798 -0.1140 -0.1640
vn 0.7613 0.4066 0.5049
vn -0.3918 0.5984 0.6988
vn -0.9948 -0.0501 -0.0885
vn 0.8223 0.3546 0.4450
vn -0.3020 0.6185 0.7254
vn -0.9998 0.0142 -0.0123
vn 0.8751 0.2989 0.3804
vn -0.2094 0.6330 0.7453
vn -0.9949 0.0782 0.0637
vn -0.1146 0.6417 0.7583
vn -0.9802 0.1411 0.1388
vn -0.0186 0.6444 0.7644
vn -0.9560 0.2024 0.2123
vn 0.0779 0.6412 0.7634
vn -0.9227 0.2614 0.2833
vn 0.1740 0.6319 0.7552
vn -0.8807 0.3177 0.3514
vn 0.2689 0.6167 0.7399
vn -0.8305 0.3707 0.4158
vn 0.3616 0.5954 0.7174
vn -0.7727 0.4200 0.4759
vn 0.4513 0.5684 0.6879
vn -0.7079 0.4652 0.5315
vn -0.9790 -0.0991 -0.1779
vn -0.9546 -0.1694 -0.2450
vn 0.7625 0.4288 0.4844
vn 0.6945 0.4836 0.5327
vn -0.3879 0.6728 0.6299
vn -0.4741 0.6469 0.5973
vn -0.9936 -0.0279 -0.1090
vn 0.8231 0.3696 0.4311
vn -0.2981 0.6926 0.6568
vn -0.9983 0.0433 -0.0393
vn 0.8755 0.3065 0.3734
vn -0.2055 0.7061 0.6776
vn -0.9930 0.1140 0.0305
vn -0.1108 0.7131 0.6923
vn -0.9780 0.1832 0.0999
vn -0.0150 0.7135 0.7005
vn -0.9535 0.2503 0.1679
vn 0.0814 0.7072 0.7023
vn -0.9199 0.3147 0.2340
vn 0.1773 0.6943 0.6975
vn -0.8776 0.3758 0.2976
vn 0.2720 0.6748 0.6861
vn -0.8272 0.4331 0.3580
vn 0.3645 0.6487 0.6680
vn -0.7692 0.4860 0.4148
vn 0.4539 0.6163 0.6435
vn -0.7042 0.5342 0.4676
vn 0.5393 0.5778 0.6126
vn -0.6330 0.5773 0.5158
vn 0.6198 0.5334 0.5755
vn -0.5560 0.6149 0.5592
vn -0.9952 0.0698 -0.0688
vn -0.9913 -0.0078 -0.1315
vn 0.8763 0.3134 0.3657
vn 0.8247 0.3832 0.4160
vn -0.1977 0.7724 0.6036
vn -0.2902 0.7598 0.5817
vn -0.9892 0.1465 -0.0057
vn -0.1032 0.7778 0.6200
vn -0.9735 0.2214 0.0572
vn -0.0076 0.7761 0.6306
vn -0.9484 0.2938 0.1193
vn 0.0884 0.7671 0.6354
vn -0.9142 0.3630 0.1800
vn 0.1839 0.7508 0.6343
vn -0.8714 0.4285 0.2387
vn 0.2781 0.7275 0.6272
vn -0.8206 0.4896 0.2948
vn 0.3701 0.6971 0.6140
vn -0.7622 0.5459 0.3480
vn 0.4590 0.6598 0.5949
vn -0.6969 0.5968 0.3977
vn 0.5438 0.6160 0.5700
vn -0.6254 0.6420 0.4435
vn 0.6236 0.5659 0.5393
vn -0.5482 0.6812 0.4852
vn -0.9538 -0.1625 -0.2527
vn 0.6976 0.5101 0.5032
vn -0.4662 0.7140 0.5223
vn -0.9774 -0.0855 -0.1930
vn 0.7649 0.4489 0.4619
vn -0.3799 0.7403 0.5545
vn -0.9668 0.2552 0.0114
vn -0.9835 0.1753 -0.0447
vn 0.0033 0.8316 0.5554
vn -0.0919 0.8352 0.5422
vn -0.9407 0.3324 0.0671
vn 0.0988 0.8202 0.5635
vn -0.9057 0.4059 0.1220
vn 0.1938 0.8010 0.5663
vn -0.8621 0.4753 0.1754
vn 0.2874 0.7743 0.5639
vn -0.8106 0.5398 0.2269
vn 0.3786 0.7400 0.5560
vn -0.7517 0.5990 0.2761
vn 0.4666 0.6984 0.5427
vn -0.6859 0.6523 0.3225
vn 0.5504 0.6498 0.5241
vn -0.6140 0.6994 0.3657
vn 0.6293 0.5947 0.5003
vn -0.5366 0.7400 0.4055
vn -0.9526 -0.1564 -0.2610
vn 0.7022 0.5335 0.4714
vn -0.4544 0.7736 0.4415
vn -0.9751 -0.0735 -0.2093
vn 0.7684 0.4668 0.4378
vn -0.3681 0.8002 0.4734
vn -0.9877 0.0100 -0.1557
vn 0.8271 0.3952 0.3997
vn -0.2784 0.8194 0.5010
vn -0.9905 0.0933 -0.1006
vn 0.8776 0.3195 0.3575
vn -0.1861 0.8311 0.5240
vn -0.8945 0.4429 0.0604
vn -0.9307 0.3657 0.0117
vn 0.2069 0.8443 0.4943
vn 0.1127 0.8659 0.4873
vn -0.8499 0.5156 0.1083
vn 0.2995 0.8146 0.4967
vn -0.7975 0.5831 0.1549
vn 0.3897 0.7769 0.4944
vn -0.7378 0.6448 0.1998
vn 0.4766 0.7317 0.4873
vn -0.6714 0.7002 0.2428
vn 0.5593 0.6791 0.4755
vn -0.5990 0.7489 0.2833
vn 0.6368 0.6196 0.4589
vn -0.5212 0.7907 0.3211
vn -0.9510 -0.1512 -0.2697
vn 0.7083 0.5538 0.4378
vn -0.4388 0.8250 0.3559
vn -0.9719 -0.0631 -0.2266
vn 0.7730 0.4822 0.4122
vn -0.3525 0.8518 0.3874
vn -0.9831 0.0255 -0.1813
vn 0.8302 0.4056 0.3824
vn -0.2629 0.8708 0.4154
vn -0.9844 0.1135 -0.1343
vn 0.8791 0.3248 0.3487
vn -0.1708 0.8818 0.4396
vn -0.9760 0.2001 -0.0861
vn -0.0770 0.8847 0.4597
vn -0.9579 0.2845 -0.0372
vn 0.0178 0.8794 0.4757
vn -0.7813 0.6190 0.0796
vn -0.8349 0.5491 0.0381
vn 0.4035 0.8076 0.4300
vn 0.3145 0.8480 0.4265
vn -0.7207 0.6828 0.1201
vn 0.4889 0.7593 0.4294
vn -0.6535 0.7399 0.1594
vn 0.5701 0.7033 0.4246
vn -0.5805 0.7900 0.1971
vn 0.6460 0.6402 0.4156
vn -0.5023 0.8327 0.2328
vn -0.9490 -0.1468 -0.2789
vn 0.7158 0.5706 0.4025
vn -0.4196 0.8677 0.2664
vn -0.9680 -0.0544 -0.2447
vn 0.7787 0.4950 0.3854
vn -0.3332 0.8947 0.2975
vn -0.9774 0.0382 -0.2080
vn 0.8341 0.4142 0.3643
vn -0.2437 0.9134 0.3258
vn -0.9769 0.1303 -0.1695
vn 0.8811 0.3291 0.3395
vn -0.1519 0.9239 0.3512
vn -0.9667 0.2208 -0.1293
vn -0.0585 0.9258 0.3735
vn -0.9470 0.3088 -0.0880
vn 0.0356 0.9192 0.3923
vn -0.9182 0.3933 -0.0461
vn 0.1297 0.9039 0.4075
vn -0.8807 0.4737 -0.0039
vn 0.2229 0.8802 0.4189
vn -0.6324 0.7711 0.0732
vn -0.7005 0.7126 0.0377
vn 0.5828 0.7224 0.3720
vn 0.5035 0.7810 0.3695
vn -0.5587 0.8223 0.1079
vn 0.6568 0.6565 0.3709
vn -0.4800 0.8657 0.1416
vn -0.9467 -0.1433 -0.2884
vn 0.7246 0.5838 0.3661
vn -0.3970 0.9012 0.1739
vn -0.9635 -0.0476 -0.2633
vn 0.7855 0.5050 0.3577
vn -0.3105 0.9283 0.2045
vn -0.9706 0.0483 -0.2358
vn 0.8386 0.4210 0.3456
vn -0.2212 0.9469 0.2333
vn -0.9680 0.1436 -0.2058
vn 0.8834 0.3326 0.3301
vn -0.1297 0.9568 0.2600
vn -0.9557 0.2371 -0.1740
vn -0.0368 0.9580 0.2843
vn -0.9342 0.3279 -0.1406
vn 0.0566 0.9503 0.3060
vn -0.9036 0.4151 -0.1060
vn 0.1497 0.9337 0.3250
vn -0.8644 0.4978 -0.0705
vn 0.2419 0.9084 0.3410
vn -0.8171 0.5754 -0.0345
vn 0.3321 0.8743 0.3539
vn -0.7623 0.6472 0.0017
vn 0.4196 0.8318 0.3634
vn -0.4546 0.8894 0.0483
vn -0.5339 0.8454 0.0168
vn -0.9441 -0.1409 -0.2980
vn 0.7347 0.5932 0.3289
vn 0.6692 0.6681 0.3251
vn -0.3713 0.9251 0.0793
vn -0.9583 -0.0428 -0.2825
vn 0.7931 0.5123 0.3293
vn -0.2847 0.9523 0.1095
vn -0.9629 0.0555 -0.2641
vn 0.8438 0.4259 0.3265
vn -0.1954 0.9709 0.1387
vn -0.9578 0.1531 -0.2431
vn 0.8860 0.3351 0.3204
vn -0.1043 0.9805 0.1667
vn -0.9433 0.2487 -0.2198
vn -0.0121 0.9811 0.1931
vn -0.9195 0.3415 -0.1944
vn 0.0804 0.9726 0.2179
vn -0.8869 0.4306 -0.1672
vn 0.1726 0.9551 0.2407
vn -0.8458 0.5151 -0.1385
vn 0.2634 0.9286 0.2614
vn -0.7969 0.5943 -0.1086
vn 0.3522 0.8931 0.2796
vn -0.7405 0.6674 -0.0779
vn 0.4380 0.8490 0.2953
vn -0.6775 0.7340 -0.0465
vn 0.5201 0.7965 0.3082
vn -0.6084 0.7935 -0.0149
vn 0.5974 0.7361 0.3182
vn -0.2559 0.9666 0.0133
vn -0.3426 0.9393 -0.0164
vn -0.9543 0.0598 -0.2927
vn -0.9525 -0.0399 -0.3018
vn 0.8495 0.4288 0.3072
vn 0.8017 0.5166 0.3007
vn -0.1668 0.9850 0.0430
vn -0.9465 0.1587 -0.2807
vn 0.8889 0.3365 0.3106
vn -0.0761 0.9944 0.0723
vn -0.9294 0.2557 -0.2660
vn 0.0154 0.9948 0.1009
vn -0.9032 0.3497 -0.2487
vn 0.1071 0.9859 0.1287
vn -0.8683 0.4399 -0.2291
vn 0.1980 0.9678 0.1554
vn -0.8252 0.5254 -0.2073
vn 0.2875 0.9405 0.1808
vn -0.7743 0.6055 -0.1837
vn 0.3746 0.9043 0.2045
vn -0.7164 0.6795 -0.1584
vn 0.4586 0.8593 0.2264
vn -0.6519 0.7467 -0.1317
vn 0.5385 0.8058 0.2463
vn -0.5817 0.8067 -0.1040
vn 0.6136 0.7442 0.2638
vn -0.5062 0.8591 -0.0753
vn 0.6830 0.6750 0.2788
vn -0.4263 0.9034 -0.0461
vn -0.9411 -0.1394 -0.3079
vn 0.7460 0.5989 0.2912
vn -0.0453 0.9987 -0.0222
vn -0.1356 0.9893 -0.0528
vn -0.9143 0.2579 -0.3123
vn -0.9342 0.1605 -0.3185
vn 0.8921 0.3370 0.3008
vn 0.0455 0.9989 0.0086
vn -0.8854 0.3522 -0.3032
vn 0.1361 0.9899 0.0395
vn -0.8480 0.4428 -0.2911
vn 0.2258 0.9716 0.0701
vn -0.8026 0.5286 -0.2763
vn 0.3137 0.9442 0.1001
vn -0.7497 0.6090 -0.2588
vn 0.3990 0.9077 0.1294
vn -0.6900 0.6832 -0.2390
vn 0.4810 0.8625 0.1575
vn -0.6240 0.7506 -0.2171
vn 0.5587 0.8086 0.1843
vn -0.5525 0.8108 -0.1932
vn 0.6313 0.7467 0.2094
vn -0.4761 0.8633 -0.1676
vn 0.6981 0.6772 0.2325
vn -0.3955 0.9077 -0.1405
vn -0.9380 -0.1390 -0.3177
vn 0.7582 0.6007 0.2535
vn -0.3113 0.9436 -0.1122
vn -0.9462 -0.0389 -0.3211
vn 0.8110 0.5179 0.2720
vn -0.2245 0.9709 -0.0829
vn -0.9449 0.0612 -0.3214
vn 0.8559 0.4297 0.2878
vn 0.1673 0.9847 -0.0489
vn 0.0777 0.9935 -0.0828
vn -0.8263 0.4393 -0.3525
vn -0.8663 0.3492 -0.3571
vn 0.2556 0.9667 -0.0145
vn -0.7784 0.5247 -0.3445
vn 0.3418 0.9395 0.0202
vn -0.7234 0.6047 -0.3333
vn 0.4252 0.9034 0.0549
vn -0.6617 0.6785 -0.3189
vn 0.5050 0.8585 0.0892
vn -0.5941 0.7457 -0.3016
vn 0.5803 0.8051 0.1228
vn -0.5212 0.8056 -0.2816
vn 0.6503 0.7436 0.1554
vn -0.4437 0.8579 -0.2590
vn 0.7142 0.6746 0.1866
vn -0.3623 0.9021 -0.2341
vn -0.9345 -0.1395 -0.3274
vn 0.7714 0.5985 0.2161
vn -0.2778 0.9380 -0.2071
vn -0.9394 -0.0400 -0.3403
vn 0.8210 0.5163 0.2435
vn -0.1908 0.9653 -0.1782
vn -0.9349 0.0596 -0.3498
vn 0.8626 0.4286 0.2686
vn -0.1021 0.9837 -0.1477
vn -0.9210 0.1584 -0.3558
vn 0.8956 0.3364 0.2910
vn -0.0123 0.9932 -0.1158
vn -0.8980 0.2552 -0.3582
vn 0.3716 0.9265 -0.0582
vn 0.2871 0.9529 -0.0974
vn -0.6955 0.5926 -0.4063
vn -0.7529 0.5137 -0.4115
vn 0.4530 0.8913 -0.0182
vn -0.6318 0.6656 -0.3972
vn 0.5304 0.8474 0.0222
vn -0.5624 0.7320 -0.3845
vn 0.6032 0.7951 0.0625
vn -0.4881 0.7913 -0.3682
vn 0.6704 0.7349 0.1024
vn -0.4095 0.8430 -0.3486
vn 0.7313 0.6671 0.1415
vn -0.3273 0.8869 -0.3258
vn -0.9309 -0.1411 -0.3369
vn 0.7853 0.5925 0.1794
vn -0.2423 0.9226 -0.3001
vn -0.9322 -0.0431 -0.3592
vn 0.8316 0.5117 0.2156
vn -0.1552 0.9498 -0.2716
vn -0.9243 0.0550 -0.3777
vn 0.8698 0.4255 0.2498
vn -0.0666 0.9683 -0.2407
vn -0.9070 0.1523 -0.3925
vn 0.8992 0.3349 0.2815
vn 0.0226 0.9779 -0.2076
vn -0.8809 0.2478 -0.4033
vn 0.1118 0.9786 -0.1724
vn -0.8461 0.3405 -0.4100
vn 0.2002 0.9703 -0.1356
vn -0.8033 0.4293 -0.4128
vn 0.5570 0.8294 -0.0428
vn 0.4820 0.8716 -0.0890
vn -0.5294 0.7096 -0.4649
vn -0.6005 0.6445 -0.4732
vn 0.6271 0.7789 0.0040
vn -0.4536 0.7679 -0.4523
vn 0.6914 0.7206 0.0511
vn -0.3738 0.8189 -0.4355
vn 0.7492 0.6550 0.0978
vn -0.2908 0.8621 -0.4148
vn -0.9271 -0.1436 -0.3462
vn 0.7999 0.5827 0.1438
vn -0.2053 0.8975 -0.3903
vn -0.9248 -0.0482 -0.3774
vn 0.8427 0.5042 0.1885
vn -0.1180 0.9245 -0.3623
vn -0.9131 0.0475 -0.4048
vn 0.8773 0.4205 0.2315
vn -0.0296 0.9431 -0.3310
vn -0.8924 0.1425 -0.4280
vn 0.9030 0.3323 0.2722
vn 0.0591 0.9532 -0.2966
vn -0.8629 0.2358 -0.4469
vn 0.1474 0.9544 -0.2594
vn -0.8250 0.3262 -0.4613
vn 0.2347 0.9469 -0.2197
vn -0.7792 0.4132 -0.4712
vn 0.3200 0.9305 -0.1779
vn -0.7262 0.4957 -0.4764
vn 0.4027 0.9054 -0.1342
vn -0.6664 0.5730 -0.4771
vn 0.7131 0.7010 0.0018
vn 0.6518 0.7566 -0.0520
vn -0.3369 0.7856 -0.5189
vn -0.4179 0.7358 -0.5329
vn 0.7677 0.6384 0.0559
vn -0.2531 0.8281 -0.5001
vn -0.9232 -0.1471 -0.3551
vn 0.8149 0.5691 0.1097
vn -0.1671 0.8629 -0.4769
vn -0.9170 -0.0551 -0.3949
vn 0.8542 0.4939 0.1626
vn -0.0796 0.8899 -0.4492
vn -0.9017 0.0372 -0.4307
vn 0.8850 0.4135 0.2140
vn 0.0085 0.9086 -0.4175
vn -0.8773 0.1290 -0.4621
vn 0.9069 0.3288 0.2633
vn 0.0967 0.9191 -0.3819
vn -0.8444 0.2191 -0.4888
vn 0.1842 0.9212 -0.3428
vn -0.8032 0.3067 -0.5106
vn 0.2702 0.9147 -0.3003
vn -0.7544 0.3909 -0.5272
vn 0.3540 0.8998 -0.2550
vn -0.6986 0.4708 -0.5387
vn 0.4348 0.8764 -0.2071
vn -0.6363 0.5459 -0.5450
vn 0.5119 0.8446 -0.1570
vn -0.5683 0.6155 -0.5461
vn 0.5845 0.8046 -0.1051
vn -0.4953 0.6789 -0.5420
vn -0.9192 -0.1516 -0.3635
vn 0.8303 0.5520 0.0774
vn 0.7865 0.6173 0.0162
vn -0.1281 0.8194 -0.5588
vn -0.2146 0.7851 -0.5809
vn -0.9091 -0.0639 -0.4115
vn 0.8658 0.4808 0.1380
vn -0.0404 0.8461 -0.5315
vn -0.8900 0.0242 -0.4553
vn 0.8928 0.4047 0.1974
vn 0.0475 0.8650 -0.4994
vn -0.8620 0.1119 -0.4944
vn 0.9109 0.3244 0.2550
vn 0.1352 0.8761 -0.4627
vn -0.8255 0.1981 -0.5285
vn 0.2218 0.8792 -0.4217
vn -0.7810 0.2819 -0.5572
vn 0.3065 0.8741 -0.3767
vn -0.7291 0.3627 -0.5803
vn 0.3887 0.8610 -0.3280
vn -0.6705 0.4395 -0.5977
vn 0.4676 0.8397 -0.2761
vn -0.6056 0.5118 -0.6093
vn 0.5425 0.8104 -0.2213
vn -0.5354 0.5788 -0.6150
vn 0.6125 0.7732 -0.1641
vn -0.4605 0.6401 -0.6150
vn 0.6770 0.7284 -0.1051
vn -0.3815 0.6952 -0.6092
vn 0.7353 0.6763 -0.0448
vn -0.2993 0.7436 -0.5978
vn -0.8781 0.0086 -0.4783
vn -0.9012 -0.0745 -0.4270
vn 0.9008 0.3942 0.1819
vn 0.8777 0.4652 0.1151
vn 0.0870 0.8129 -0.5759
vn -0.0008 0.7937 -0.6083
vn -0.8464 0.0913 -0.5246
vn 0.9149 0.3190 0.2471
vn 0.1741 0.8247 -0.5381
vn -0.8064 0.1728 -0.5655
vn 0.2597 0.8289 -0.4954
vn -0.7586 0.2523 -0.6007
vn 0.3432 0.8255 -0.4480
vn -0.7036 0.3289 -0.6299
vn 0.4238 0.8145 -0.3962
vn -0.6420 0.4020 -0.6528
vn 0.5008 0.7957 -0.3405
vn -0.5747 0.4708 -0.6693
vn 0.5734 0.7694 -0.2814
vn -0.5022 0.5349 -0.6794
vn 0.6409 0.7356 -0.2192
vn -0.4253 0.5936 -0.6831
vn 0.7025 0.6946 -0.1547
vn -0.3448 0.6466 -0.6804
vn 0.7577 0.6466 -0.0883
vn -0.2613 0.6934 -0.6715
vn 0.8056 0.5921 -0.0208
vn -0.1757 0.7337 -0.6563
vn -0.9151 -0.1569 -0.3713
vn 0.8458 0.5314 0.0472
vn -0.0886 0.7672 -0.6352
vn -0.7873 0.1437 -0.5996
vn -0.8309 0.0676 -0.5523
vn 0.9190 0.3128 0.2399
vn 0.2977 0.7709 -0.5631
vn 0.2129 0.7653 -0.6075
vn -0.7361 0.2180 -0.6407
vn 0.3799 0.7694 -0.5134
vn -0.6780 0.2899 -0.6754
vn 0.4589 0.7608 -0.4588
vn -0.6137 0.3586 -0.7034
vn 0.5340 0.7450 -0.3997
vn -0.5437 0.4236 -0.7245
vn 0.6043 0.7222 -0.3365
vn -0.4690 0.4842 -0.7386
vn 0.6692 0.6923 -0.2698
vn -0.3901 0.5400 -0.7458
vn 0.7280 0.6556 -0.2002
vn -0.3080 0.5905 -0.7459
vn 0.7801 0.6124 -0.1283
vn -0.2233 0.6354 -0.7392
vn 0.8247 0.5629 -0.0548
vn -0.1368 0.6743 -0.7257
vn -0.9111 -0.1631 -0.3785
vn 0.8613 0.5077 0.0195
vn -0.0492 0.7070 -0.7055
vn -0.8932 -0.0866 -0.4412
vn 0.8895 0.4472 0.0940
vn 0.0388 0.7331 -0.6789
vn -0.8663 -0.0095 -0.4993
vn 0.9088 0.3820 0.1677
vn 0.1264 0.7526 -0.6462
vn -0.6528 0.2461 -0.7165
vn -0.7140 0.1795 -0.6768
vn 0.4937 0.7005 -0.5153
vn 0.4163 0.7063 -0.5725
vn -0.5856 0.3099 -0.7490
vn 0.5669 0.6880 -0.4531
vn -0.5131 0.3704 -0.7743
vn 0.6349 0.6690 -0.3863
vn -0.4361 0.4272 -0.7920
vn 0.6973 0.6435 -0.3155
vn -0.3554 0.4796 -0.8023
vn 0.7533 0.6117 -0.2413
vn -0.2717 0.5274 -0.8050
vn 0.8023 0.5738 -0.1644
vn -0.1857 0.5701 -0.8003
vn 0.8436 0.5301 -0.0855
vn -0.0983 0.6075 -0.7882
vn -0.9071 -0.1700 -0.3850
vn 0.8767 0.4810 -0.0054
vn -0.0102 0.6392 -0.7689
vn -0.8853 -0.1003 -0.4541
vn 0.9012 0.4269 0.0750
vn 0.0780 0.6651 -0.7426
vn -0.8546 -0.0298 -0.5184
vn 0.9167 0.3683 0.1549
vn 0.1654 0.6849 -0.7096
vn -0.8155 0.0409 -0.5773
vn 0.9230 0.3059 0.2334
vn 0.2514 0.6985 -0.6700
vn -0.7684 0.1109 -0.6302
vn 0.3353 0.7056 -0.6242
vn -0.4831 0.3120 -0.8181
vn -0.5581 0.2563 -0.7892
vn 0.6650 0.6106 -0.4301
vn 0.5990 0.6253 -0.5001
vn -0.4039 0.3645 -0.8390
vn 0.7249 0.5899 -0.3557
vn -0.3213 0.4133 -0.8520
vn 0.7781 0.5635 -0.2774
vn -0.2361 0.4580 -0.8570
vn 0.8240 0.5315 -0.1961
vn -0.1489 0.4984 -0.8541
vn 0.8621 0.4941 -0.1125
vn -0.0606 0.5341 -0.8433
vn -0.9032 -0.1777 -0.3908
vn 0.8918 0.4516 -0.0274
vn 0.0280 0.5648 -0.8247
vn -0.8776 -0.1154 -0.4653
vn 0.9127 0.4045 0.0582
vn 0.1164 0.5903 -0.7987
vn -0.8432 -0.0521 -0.5351
vn 0.9244 0.3532 0.1436
vn 0.2037 0.6105 -0.7654
vn -0.8004 0.0115 -0.5993
vn 0.9269 0.2982 0.2277
vn 0.2891 0.6250 -0.7250
vn -0.7499 0.0748 -0.6572
vn 0.3721 0.6339 -0.6780
vn -0.6922 0.1372 -0.7085
vn 0.4519 0.6370 -0.6245
vn -0.6280 0.1978 -0.7526
vn 0.5278 0.6341 -0.5651
vn -0.2883 0.3415 -0.8945
vn -0.3728 0.2966 -0.8792
vn 0.8021 0.5114 -0.3083
vn 0.7516 0.5320 -0.3900
vn -0.2016 0.3830 -0.9015
vn 0.8451 0.4857 -0.2232
vn -0.1132 0.4209 -0.9000
vn 0.8800 0.4551 -0.1356
vn -0.0241 0.4547 -0.8903
vn -0.8993 -0.1859 -0.3956
vn 0.9064 0.4199 -0.0462
vn 0.0651 0.4843 -0.8725
vn -0.8701 -0.1317 -0.4750
vn 0.9238 0.3804 0.0439
vn 0.1536 0.5095 -0.8466
vn -0.8321 -0.0762 -0.5494
vn 0.9319 0.3369 0.1339
vn 0.2407 0.5300 -0.8131
vn -0.7859 -0.0202 -0.6181
vn 0.9307 0.2900 0.2228
vn 0.3257 0.5457 -0.7721
vn -0.7320 0.0359 -0.6803
vn 0.4078 0.5564 -0.7239
vn -0.6712 0.0913 -0.7356
vn 0.4865 0.5620 -0.6689
vn -0.6040 0.1456 -0.7835
vn 0.5609 0.5624 -0.6076
vn -0.5314 0.1983 -0.8235
vn 0.6303 0.5575 -0.5402
vn -0.4541 0.2488 -0.8555
vn 0.6941 0.5474 -0.4675
vn -0.0791 0.3383 -0.9377
vn -0.1685 0.3032 -0.9379
vn 0.8972 0.4136 -0.1545
vn 0.8654 0.4369 -0.2454
vn 0.0109 0.3702 -0.9289
vn -0.8957 -0.1947 -0.3996
vn 0.9204 0.3861 -0.0616
vn 0.1006 0.3986 -0.9116
vn -0.8629 -0.1491 -0.4829
vn 0.9344 0.3547 0.0323
vn 0.1892 0.4234 -0.8859
vn -0.8214 -0.1019 -0.5611
vn 0.9391 0.3196 0.1261
vn 0.2762 0.4443 -0.8522
vn -0.7719 -0.0540 -0.6334
vn 0.9344 0.2812 0.2188
vn 0.3607 0.4612 -0.8107
vn -0.7148 -0.0056 -0.6992
vn 0.4421 0.4738 -0.7616
vn -0.6510 0.0426 -0.7579
vn 0.5196 0.4821 -0.7053
vn -0.5811 0.0901 -0.8088
vn 0.5925 0.4860 -0.6424
vn -0.5059 0.1366 -0.8517
vn 0.6602 0.4854 -0.5731
vn -0.4262 0.1815 -0.8862
vn 0.7220 0.4801 -0.4982
vn -0.3429 0.2245 -0.9121
vn 0.7772 0.4703 -0.4181
vn -0.2568 0.2651 -0.9294
vn 0.8252 0.4559 -0.3336
vn 0.1341 0.3086 -0.9417
vn 0.0440 0.2814 -0.9586
vn -0.8561 -0.1673 -0.4889
vn -0.8923 -0.2040 -0.4027
vn 0.9445 0.3277 0.0233
vn 0.9336 0.3507 -0.0734
vn 0.2230 0.3330 -0.9162
vn -0.8114 -0.1289 -0.5701
vn 0.9459 0.3014 0.1200
vn 0.3098 0.3543 -0.8823
vn -0.7587 -0.0894 -0.6453
vn 0.9378 0.2720 0.2157
vn 0.3939 0.3724 -0.8403
vn -0.6986 -0.0492 -0.7138
vn 0.4745 0.3871 -0.7906
vn -0.6319 -0.0086 -0.7749
vn 0.5509 0.3983 -0.7334
vn -0.5594 0.0318 -0.8283
vn 0.6225 0.4058 -0.6691
vn -0.4818 0.0717 -0.8733
vn 0.6886 0.4096 -0.5984
vn -0.3999 0.1108 -0.9098
vn 0.7484 0.4095 -0.5217
vn -0.3147 0.1486 -0.9375
vn 0.8014 0.4055 -0.4397
vn -0.2269 0.1849 -0.9562
vn 0.8469 0.3975 -0.3530
vn -0.1373 0.2193 -0.9659
vn 0.8845 0.3857 -0.2625
vn -0.0468 0.2515 -0.9667
vn 0.9135 0.3700 -0.1690
vn -0.4593 0.0044 -0.8882
vn -0.5392 -0.0287 -0.8417
vn 0.7150 0.3309 -0.6159
vn 0.6505 0.3226 -0.6876
vn -0.3754 0.0374 -0.9261
vn 0.7730 0.3361 -0.5379
vn -0.2884 0.0699 -0.9549
vn 0.8240 0.3382 -0.4546
vn -0.1990 0.1016 -0.9747
vn 0.8672 0.3370 -0.3664
vn -0.1082 0.1322 -0.9853
vn 0.9023 0.3326 -0.2742
vn -0.0166 0.1615 -0.9867
vn 0.9287 0.3248 -0.1789
vn 0.0748 0.1892 -0.9791
vn -0.8891 -0.2136 -0.4048
vn 0.9460 0.3138 -0.0815
vn 0.1654 0.2152 -0.9624
vn -0.8498 -0.1862 -0.4931
vn 0.9539 0.2997 0.0171
vn 0.2545 0.2391 -0.9370
vn -0.8020 -0.1570 -0.5763
vn 0.9522 0.2824 0.1158
vn 0.3411 0.2608 -0.9031
vn -0.7464 -0.1263 -0.6534
vn 0.9410 0.2624 0.2136
vn 0.4248 0.2803 -0.8608
vn -0.6835 -0.0945 -0.7237
vn 0.5047 0.2971 -0.8105
vn -0.6142 -0.0618 -0.7867
vn 0.5802 0.3112 -0.7527
vn -0.2643 -0.0108 -0.9644
vn -0.3530 -0.0378 -0.9348
vn 0.8447 0.2692 -0.4625
vn 0.7956 0.2609 -0.5467
vn -0.1735 0.0161 -0.9847
vn 0.8859 0.2749 -0.3735
vn -0.0815 0.0428 -0.9957
vn 0.9187 0.2780 -0.2805
vn 0.0110 0.0691 -0.9975
vn 0.9426 0.2784 -0.1843
vn 0.1031 0.0946 -0.9901
vn -0.8861 -0.2234 -0.4060
vn 0.9573 0.2760 -0.0858
vn 0.1942 0.1192 -0.9737
vn -0.8440 -0.2056 -0.4953
vn 0.9625 0.2709 0.0138
vn 0.2833 0.1427 -0.9483
vn -0.7935 -0.1857 -0.5796
vn 0.9580 0.2631 0.1136
vn 0.3699 0.1650 -0.9143
vn -0.7351 -0.1641 -0.6578
vn 0.9439 0.2525 0.2125
vn 0.4532 0.1856 -0.8719
vn -0.6697 -0.1409 -0.7291
vn 0.5324 0.2047 -0.8213
vn -0.5979 -0.1164 -0.7930
vn 0.6070 0.2219 -0.7631
vn -0.5206 -0.0909 -0.8489
vn 0.6761 0.2371 -0.6976
vn -0.4387 -0.0646 -0.8963
vn 0.7392 0.2501 -0.6252
vn -0.0575 -0.0479 -0.9972
vn -0.1505 -0.0707 -0.9861
vn 0.9334 0.2226 -0.2813
vn 0.9027 0.2119 -0.3745
vn 0.0358 -0.0248 -0.9990
vn 0.9551 0.2313 -0.1849
vn 0.1286 -0.0014 -0.9917
vn -0.8835 -0.2334 -0.4061
vn 0.9675 0.2377 -0.0864
vn 0.2200 0.0218 -0.9752
vn -0.8388 -0.2253 -0.4956
vn 0.9702 0.2417 0.0134
vn 0.3093 0.0449 -0.9499
vn -0.7857 -0.2149 -0.5800
vn 0.9633 0.2434 0.1133
vn 0.3958 0.0675 -0.9158
vn -0.7250 -0.2025 -0.6583
vn 0.9466 0.2426 0.2123
vn 0.4787 0.0896 -0.8733
vn -0.6572 -0.1880 -0.7298
vn 0.5574 0.1108 -0.8228
vn -0.5833 -0.1718 -0.7938
vn 0.6311 0.1312 -0.7645
vn -0.5040 -0.1540 -0.8498
vn 0.6992 0.1503 -0.6989
vn -0.4202 -0.1347 -0.8973
vn 0.7611 0.1681 -0.6265
vn -0.3328 -0.1143 -0.9360
vn 0.8160 0.1844 -0.5478
vn -0.2426 -0.0929 -0.9656
vn 0.8634 0.1991 -0.4636
vn 0.1509 -0.0980 -0.9836
vn 0.0576 -0.1191 -0.9912
vn -0.8812 -0.2434 -0.4053
vn 0.9764 0.1991 -0.0831
vn 0.9661 0.1839 -0.1809
vn 0.2427 -0.0761 -0.9671
vn -0.8342 -0.2451 -0.4939
vn 0.9771 0.2124 0.0159
vn 0.3321 -0.0535 -0.9417
vn -0.7790 -0.2443 -0.5775
vn 0.9679 0.2236 0.1150
vn 0.4185 -0.0304 -0.9077
vn -0.7161 -0.2410 -0.6550
vn 0.9489 0.2325 0.2132
vn 0.5011 -0.0070 -0.8653
vn -0.6463 -0.2354 -0.7258
vn 0.5793 0.0165 -0.8149
vn -0.5705 -0.2275 -0.7891
vn 0.6523 0.0399 -0.7568
vn -0.4894 -0.2174 -0.8445
vn 0.7195 0.0631 -0.6915
vn -0.4039 -0.2052 -0.8914
vn 0.7803 0.0857 -0.6195
vn -0.3151 -0.1912 -0.9296
vn 0.8339 0.1076 -0.5413
vn -0.2236 -0.1753 -0.9588
vn 0.8798 0.1286 -0.4576
vn -0.1304 -0.1579 -0.9788
vn 0.9174 0.1485 -0.3691
vn -0.0364 -0.1391 -0.9896
vn 0.9463 0.1670 -0.2766
vn 0.3515 -0.1513 -0.9238
vn 0.2620 -0.1735 -0.9493
vn -0.7732 -0.2734 -0.5721
vn -0.8303 -0.2648 -0.4903
vn 0.9718 0.2039 0.1187
vn 0.9828 0.1832 0.0213
vn 0.4379 -0.1278 -0.8899
vn -0.7085 -0.2794 -0.6480
vn 0.9509 0.2225 0.2150
vn 0.5202 -0.1030 -0.8477
vn -0.6370 -0.2825 -0.7172
vn 0.5980 -0.0773 -0.7978
vn -0.5596 -0.2829 -0.7790
vn 0.6704 -0.0507 -0.7402
vn -0.4770 -0.2804 -0.8329
vn 0.7368 -0.0237 -0.6756
vn -0.3901 -0.2753 -0.8786
vn 0.7966 0.0037 -0.6045
vn -0.3000 -0.2676 -0.9156
vn 0.8491 0.0312 -0.5273
vn -0.2074 -0.2574 -0.9438
vn 0.8937 0.0586 -0.4447
vn -0.1133 -0.2447 -0.9629
vn 0.9300 0.0855 -0.3575
vn -0.0184 -0.2299 -0.9730
vn 0.9574 0.1116 -0.2664
vn 0.0762 -0.2130 -0.9741
vn 0.9755 0.1368 -0.1722
vn 0.1700 -0.1941 -0.9661
vn -0.8792 -0.2534 -0.4034
vn 0.9840 0.1608 -0.0760
vn 0.5358 -0.1976 -0.8209
vn 0.4536 -0.2237 -0.8626
vn -0.6295 -0.3289 -0.7039
vn -0.7024 -0.3171 -0.6372
vn 0.9525 0.2127 0.2178
vn 0.6132 -0.1696 -0.7715
vn -0.5507 -0.3374 -0.7635
vn 0.6851 -0.1400 -0.7148
vn -0.4669 -0.3425 -0.8153
vn 0.7509 -0.1091 -0.6513
vn -0.3789 -0.3443 -0.8590
vn 0.8099 -0.0769 -0.5815
vn -0.2877 -0.3428 -0.8942
vn 0.8615 -0.0439 -0.5058
vn -0.1943 -0.3381 -0.9208
vn 0.9051 -0.0104 -0.4250
vn -0.0993 -0.3302 -0.9387
vn 0.9402 0.0234 -0.3398
vn -0.0038 -0.3192 -0.9477
vn 0.9663 0.0572 -0.2508
vn 0.0913 -0.3054 -0.9478
vn 0.9831 0.0905 -0.1590
vn 0.1855 -0.2887 -0.9393
vn -0.8776 -0.2632 -0.4006
vn 0.9902 0.1231 -0.0652
vn 0.2777 -0.2694 -0.9221
vn -0.8272 -0.2841 -0.4848
vn 0.9875 0.1545 0.0295
vn 0.3674 -0.2477 -0.8965
vn -0.7685 -0.3022 -0.5639
vn 0.9749 0.1845 0.1242
vn 0.6963 -0.2270 -0.6808
vn 0.6248 -0.2596 -0.7364
vn -0.4592 -0.4030 -0.7917
vn -0.5440 -0.3905 -0.7427
vn 0.7616 -0.1922 -0.6188
vn -0.3704 -0.4115 -0.8327
vn 0.8200 -0.1555 -0.5508
vn -0.2784 -0.4161 -0.8656
vn 0.8709 -0.1172 -0.4772
vn -0.1842 -0.4167 -0.8901
vn 0.9138 -0.0775 -0.3988
vn -0.0887 -0.4134 -0.9062
vn 0.9480 -0.0370 -0.3161
vn 0.0072 -0.4063 -0.9137
vn 0.9731 0.0041 -0.2300
vn 0.1028 -0.3953 -0.9127
vn 0.9889 0.0454 -0.1413
vn 0.1972 -0.3808 -0.9033
vn -0.8764 -0.2728 -0.3969
vn 0.9950 0.0863 -0.0508
vn 0.2897 -0.3628 -0.8857
vn -0.8248 -0.3030 -0.4774
vn 0.9911 0.1266 0.0404
vn 0.3794 -0.3415 -0.8599
vn -0.7650 -0.3301 -0.5530
vn 0.9774 0.1657 0.1316
vn 0.4656 -0.3171 -0.8262
vn -0.6977 -0.3539 -0.6228
vn 0.9537 0.2032 0.2216
vn 0.5477 -0.2897 -0.7849
vn -0.6238 -0.3740 -0.6863
vn 0.8269 -0.2312 -0.5126
vn 0.7689 -0.2723 -0.5785
vn -0.2721 -0.4866 -0.8301
vn -0.3646 -0.4762 -0.8001
vn 0.8773 -0.1877 -0.4417
vn -0.1775 -0.4924 -0.8520
vn 0.9196 -0.1422 -0.3662
vn -0.0816 -0.4935 -0.8659
vn 0.9532 -0.0952 -0.2868
vn 0.0147 -0.4900 -0.8715
vn 0.9778 -0.0469 -0.2043
vn 0.1106 -0.4820 -0.8691
vn 0.9928 0.0019 -0.1194
vn 0.2052 -0.4695 -0.8587
vn -0.8756 -0.2820 -0.3922
vn 0.9981 0.0510 -0.0330
vn 0.2978 -0.4527 -0.8404
vn -0.8231 -0.3211 -0.4682
vn 0.9935 0.0997 0.0540
vn 0.3875 -0.4319 -0.8144
vn -0.7626 -0.3570 -0.5394
vn 0.9790 0.1475 0.1408
vn 0.4737 -0.4070 -0.7810
vn -0.6946 -0.3893 -0.6050
vn 0.9546 0.1940 0.2262
vn 0.5557 -0.3784 -0.7403
vn -0.6199 -0.4175 -0.6644
vn 0.6326 -0.3462 -0.6927
vn -0.5394 -0.4415 -0.7170
vn 0.7039 -0.3108 -0.6387
vn -0.4540 -0.4611 -0.7624
vn 0.9226 -0.2037 -0.3276
vn 0.8806 -0.2548 -0.3995
vn -0.0779 -0.5697 -0.8181
vn -0.1741 -0.5644 -0.8069
vn 0.9559 -0.1505 -0.2521
vn 0.0185 -0.5697 -0.8216
vn 0.9801 -0.0955 -0.1737
vn 0.1145 -0.5644 -0.8175
vn 0.9948 -0.0394 -0.0934
vn 0.2093 -0.5539 -0.8058
vn -0.8751 -0.2907 -0.3867
vn 0.9998 0.0173 -0.0118
vn 0.3019 -0.5383 -0.7868
vn -0.8223 -0.3384 -0.4574
vn 0.9948 0.0741 0.0701
vn 0.3917 -0.5178 -0.7606
vn -0.7614 -0.3826 -0.5233
vn 0.9798 0.1303 0.1516
vn 0.4779 -0.4925 -0.7273
vn -0.6930 -0.4229 -0.5839
vn 0.9550 0.1852 0.2317
vn 0.5597 -0.4627 -0.6874
vn -0.6179 -0.4588 -0.6384
vn 0.6366 -0.4286 -0.6411
vn -0.5371 -0.4901 -0.6865
vn 0.7078 -0.3904 -0.5887
vn -0.4514 -0.5165 -0.7276
vn 0.7726 -0.3485 -0.5307
vn -0.3617 -0.5377 -0.7616
vn 0.8304 -0.3032 -0.4675
vn -0.2690 -0.5537 -0.7880
vn 0.9802 -0.1411 -0.1388
vn 0.9560 -0.2024 -0.2123
vn 0.1146 -0.6417 -0.7583
vn 0.0186 -0.6444 -0.7644
vn 0.9949 -0.0782 -0.0637
vn 0.2094 -0.6330 -0.7453
vn -0.8751 -0.2989 -0.3804
vn 0.9998 -0.0142 0.0123
vn 0.3020 -0.6185 -0.7254
vn -0.8223 -0.3546 -0.4450
vn 0.9948 0.0501 0.0885
vn 0.3918 -0.5984 -0.6988
vn -0.7613 -0.4066 -0.5049
vn 0.9798 0.1140 0.1640
vn 0.4780 -0.5728 -0.6659
vn -0.6930 -0.4545 -0.5597
vn 0.9550 0.1770 0.2380
vn 0.5599 -0.5419 -0.6268
vn -0.6179 -0.4976 -0.6087
vn 0.6367 -0.5059 -0.5819
vn -0.5371 -0.5357 -0.6516
vn 0.7079 -0.4652 -0.5315
vn -0.4513 -0.5684 -0.6879
vn 0.7727 -0.4200 -0.4759
vn -0.3616 -0.5954 -0.7174
vn 0.8305 -0.3707 -0.4158
vn -0.2689 -0.6167 -0.7398
vn 0.8807 -0.3177 -0.3514
vn -0.1740 -0.6319 -0.7552
vn 0.9227 -0.2614 -0.2833
vn -0.0779 -0.6412 -0.7634
usemtl atmosphere
s 1
f 1943/1958/1925 1973/1959/1926 1972/1960/1927 3847/1961/1928
f 1933/1962/1929 1960/1963/1930 1959/1964/1931 1932/1965/1932
f 1944/1966/1933 1974/1967/1934 1973/1959/1926 1943/1958/1925
f 1934/1968/1935 1961/1969/1936 1960/1963/1930 1933/1962/1929
f 1945/1970/1937 1975/1971/1938 1974/1967/1934 1944/1966/1933
f 1935/1972/1939 1962/1973/1940 1961/1969/1936 1934/1968/1935
f 3842/1974/1941 1949/1975/1942 3345/1976/1943
f 3848/1977/1944 1976/1978/1945 1975/1971/1938 1945/1970/1937
f 1936/1979/1946 1963/1980/1947 1962/1973/1940 1935/1972/1939
f 3843/1981/1948 1950/1982/1949 1949/1975/1942 3842/1974/1941
f 1946/1983/1950 1977/1984/1951 1976/1978/1945 3848/1977/1944
f 3845/1985/1952 1964/1986/1953 1963/1980/1947 1936/1979/1946
f 1925/1987/1954 1951/1988/1955 1950/1982/1949 3843/1981/1948
f 1947/1989/1956 1978/1990/1957 1977/1984/1951 1946/1983/1950
f 1937/1991/1958 1965/1992/1959 1964/1986/1953 3845/1985/1952
f 1926/1993/1960 1952/1994/1961 1951/1988/1955 1925/1987/1954
f 1948/1995/1962 1979/1996/1963 1978/1990/1957 1947/1989/1956
f 1938/1997/1964 1966/1998/1965 1965/1992/1959 1937/1991/1958
f 1927/1999/1966 1953/2000/1967 1952/1994/1961 1926/1993/1960
f 3127/2001/1968 1979/1996/1963 1948/1995/1962
f 1939/2002/1969 1967/2003/1970 1966/1998/1965 1938/1997/1964
f 1928/2004/1971 1954/2005/1972 1953/2000/1967 1927/1999/1966
f 1940/2006/1973 1968/2007/1974 1967/2003/1970 1939/2002/1969
f 3844/2008/1975 1955/2009/1976 1954/2005/1972 1928/2004/1971
f 1941/2010/1977 1969/2011/1978 1968/2007/1974 1940/2006/1973
f 1929/2012/1979 1956/2013/1980 1955/2009/1976 3844/2008/1975
f 1942/2014/1981 1970/2015/1982 1969/2011/1978 1941/2010/1977
f 1930/2016/1983 1957/2017/1984 1956/2013/1980 1929/2012/1979
f 3846/2018/1985 1971/2019/1986 1970/2015/1982 1942/2014/1981
f 1931/2020/1987 1958/2021/1988 1957/2017/1984 1930/2016/1983
f 3847/1961/1928 1972/1960/1927 1971/2019/1986 3846/2018/1985
f 1932/1965/1932 1959/1964/1931 1958/2021/1988 1931/2020/1987
f 1954/2005/1972 1985/2022/1989 1984/2023/1990 1953/2000/1967
f 1968/2007/1974 1999/2024/1991 1998/2025/1992 1967/2003/1970
f 1955/2009/1976 1986/2026/1993 1985/2022/1989 1954/2005/1972
f 1969/2011/1978 2000/2027/1994 1999/2024/1991 1968/2007/1974
f 1956/2013/1980 1987/2028/1995 1986/2026/1993 1955/2009/1976
f 1970/2015/1982 2001/2029/1996 2000/2027/1994 1969/2011/1978
f 1957/2017/1984 1988/2030/1997 1987/2028/1995 1956/2013/1980
f 1971/2019/1986 2002/2031/1998 2001/2029/1996 1970/2015/1982
f 1958/2021/1988 1989/2032/1999 1988/2030/1997 1957/2017/1984
f 1972/1960/1927 2003/2033/2000 2002/2031/1998 1971/2019/1986
f 1959/1964/1931 1990/2034/2001 1989/2032/1999 1958/2021/1988
f 1973/1959/1926 2004/2035/2002 2003/2033/2000 1972/1960/1927
f 1960/1963/1930 1991/2036/2003 1990/2034/2001 1959/1964/1931
f 1974/1967/1934 2005/2037/2004 2004/2035/2002 1973/1959/1926
f 1961/1969/1936 1992/2038/2005 1991/2036/2003 1960/1963/1930
f 1975/1971/1938 2006/2039/2006 2005/2037/2004 1974/1967/1934
f 1962/1973/1940 1993/2040/2007 1992/2038/2005 1961/1969/1936
f 1949/1975/1942 1980/2041/2008 3345/1976/1943
f 1976/1978/1945 2007/2042/2009 2006/2039/2006 1975/1971/1938
f 1963/1980/1947 1994/2043/2010 1993/2040/2007 1962/1973/1940
f 1950/1982/1949 1981/2044/2011 1980/2041/2008 1949/1975/1942
f 1977/1984/1951 2008/2045/2012 2007/2042/2009 1976/1978/1945
f 1964/1986/1953 1995/2046/2013 1994/2043/2010 1963/1980/1947
f 1951/1988/1955 1982/2047/2014 1981/2044/2011 1950/1982/1949
f 1978/1990/1957 2009/2048/2015 2008/2045/2012 1977/1984/1951
f 1965/1992/1959 1996/2049/2016 1995/2046/2013 1964/1986/1953
f 1952/1994/1961 1983/2050/2017 1982/2047/2014 1951/1988/1955
f 1979/1996/1963 2010/2051/2018 2009/2048/2015 1978/1990/1957
f 1966/1998/1965 1997/2052/2019 1996/2049/2016 1965/1992/1959
f 1953/2000/1967 1984/2023/1990 1983/2050/2017 1952/1994/1961
f 3127/2001/1968 2010/2051/2018 1979/1996/1963
f 1967/2003/1970 1998/2025/1992 1997/2052/2019 1966/1998/1965
f 1987/2028/1995 2018/2053/2020 2017/2054/2021 1986/2026/1993
f 2001/2029/1996 2032/2055/2022 2031/2056/2023 2000/2027/1994
f 1988/2030/1997 2019/2057/2024 2018/2053/2020 1987/2028/1995
f 2002/2031/1998 2033/2058/2025 2032/2055/2022 2001/2029/1996
f 1989/2032/1999 2020/2059/2026 2019/2057/2024 1988/2030/1997
f 2003/2033/2000 2034/2060/2027 2033/2058/2025 2002/2031/1998
f 1990/2034/2001 2021/2061/2028 2020/2059/2026 1989/2032/1999
f 2004/2035/2002 2035/2062/2029 2034/2060/2027 2003/2033/2000
f 1991/2036/2003 2022/2063/2030 2021/2061/2028 1990/2034/2001
f 2005/2037/2004 2036/2064/2031 2035/2062/2029 2004/2035/2002
f 1992/2038/2005 2023/2065/2032 2022/2063/2030 1991/2036/2003
f 2006/2039/2006 2037/2066/2033 2036/2064/2031 2005/2037/2004
f 1993/2040/2007 2024/2067/2034 2023/2065/2032 1992/2038/2005
f 1980/2041/2008 2011/2068/2035 3345/1976/1943
f 2007/2042/2009 2038/2069/2036 2037/2066/2033 2006/2039/2006
f 1994/2043/2010 2025/2070/2037 2024/2067/2034 1993/2040/2007
f 1981/2044/2011 2012/2071/2038 2011/2068/2035 1980/2041/2008
f 2008/2045/2012 2039/2072/2039 2038/2069/2036 2007/2042/2009
f 1995/2046/2013 2026/2073/2040 2025/2070/2037 1994/2043/2010
f 1982/2047/2014 2013/2074/2041 2012/2071/2038 1981/2044/2011
f 2009/2048/2015 2040/2075/2042 2039/2072/2039 2008/2045/2012
f 1996/2049/2016 2027/2076/2043 2026/2073/2040 1995/2046/2013
f 1983/2050/2017 2014/2077/2044 2013/2074/2041 1982/2047/2014
f 2010/2051/2018 2041/2078/2045 2040/2075/2042 2009/2048/2015
f 1997/2052/2019 2028/2079/2046 2027/2076/2043 1996/2049/2016
f 1984/2023/1990 2015/2080/2047 2014/2077/2044 1983/2050/2017
f 3127/2001/1968 2041/2078/2045 2010/2051/2018
f 1998/2025/1992 2029/2081/2048 2028/2079/2046 1997/2052/2019
f 1985/2022/1989 2016/2082/2049 2015/2080/2047 1984/2023/1990
f 1999/2024/1991 2030/2083/2050 2029/2081/2048 1998/2025/1992
f 1986/2026/1993 2017/2054/2021 2016/2082/2049 1985/2022/1989
f 2000/2027/1994 2031/2056/2023 2030/2083/2050 1999/2024/1991
f 2020/2059/2026 2051/2084/2051 2050/2085/2052 2019/2057/2024
f 2034/2060/2027 2065/2086/2053 2064/2087/2054 2033/2058/2025
f 2021/2061/2028 2052/2088/2055 2051/2084/2051 2020/2059/2026
f 2035/2062/2029 2066/2089/2056 2065/2086/2053 2034/2060/2027
f 2022/2063/2030 2053/2090/2057 2052/2088/2055 2021/2061/2028
f 2036/2064/2031 2067/2091/2058 2066/2089/2056 2035/2062/2029
f 2023/2065/2032 2054/2092/2059 2053/2090/2057 2022/2063/2030
f 2037/2066/2033 2068/2093/2060 2067/2091/2058 2036/2064/2031
f 2024/2067/2034 2055/2094/2061 2054/2092/2059 2023/2065/2032
f 2011/2068/2035 2042/2095/2062 3345/1976/1943
f 2038/2069/2036 2069/2096/2063 2068/2093/2060 2037/2066/2033
f 2025/2070/2037 2056/2097/2064 2055/2094/2061 2024/2067/2034
f 2012/2071/2038 2043/2098/2065 2042/2095/2062 2011/2068/2035
f 2039/2072/2039 2070/2099/2066 2069/2096/2063 2038/2069/2036
f 2026/2073/2040 2057/2100/2067 2056/2097/2064 2025/2070/2037
f 2013/2074/2041 2044/2101/2068 2043/2098/2065 2012/2071/2038
f 2040/2075/2042 2071/2102/2069 2070/2099/2066 2039/2072/2039
f 2027/2076/2043 2058/2103/2070 2057/2100/2067 2026/2073/2040
f 2014/2077/2044 2045/2104/2071 2044/2101/2068 2013/2074/2041
f 2041/2078/2045 2072/2105/2072 2071/2102/2069 2040/2075/2042
f 2028/2079/2046 2059/2106/2073 2058/2103/2070 2027/2076/2043
f 2015/2080/2047 2046/2107/2074 2045/2104/2071 2014/2077/2044
f 3127/2001/1968 2072/2105/2072 2041/2078/2045
f 2029/2081/2048 2060/2108/2075 2059/2106/2073 2028/2079/2046
f 2016/2082/2049 2047/2109/2076 2046/2107/2074 2015/2080/2047
f 2030/2083/2050 2061/2110/2077 2060/2108/2075 2029/2081/2048
f 2017/2054/2021 2048/2111/2078 2047/2109/2076 2016/2082/2049
f 2031/2056/2023 2062/2112/2079 2061/2110/2077 2030/2083/2050
f 2018/2053/2020 2049/2113/2080 2048/2111/2078 2017/2054/2021
f 2032/2055/2022 2063/2114/2081 2062/2112/2079 2031/2056/2023
f 2019/2057/2024 2050/2085/2052 2049/2113/2080 2018/2053/2020
f 2033/2058/2025 2064/2087/2054 2063/2114/2081 2032/2055/2022
f 2053/2090/2057 2084/2115/2082 2083/2116/2083 2052/2088/2055
f 2067/2091/2058 2098/2117/2084 2097/2118/2085 2066/2089/2056
f 2054/2092/2059 2085/2119/2086 2084/2115/2082 2053/2090/2057
f 2068/2093/2060 2099/2120/2087 2098/2117/2084 2067/2091/2058
f 2055/2094/2061 2086/2121/2088 2085/2119/2086 2054/2092/2059
f 2042/2095/2062 2073/2122/2089 3345/1976/1943
f 2069/2096/2063 2100/2123/2090 2099/2120/2087 2068/2093/2060
f 2056/2097/2064 2087/2124/2091 2086/2121/2088 2055/2094/2061
f 2043/2098/2065 2074/2125/2092 2073/2122/2089 2042/2095/2062
f 2070/2099/2066 2101/2126/2093 2100/2123/2090 2069/2096/2063
f 2057/2100/2067 2088/2127/2094 2087/2124/2091 2056/2097/2064
f 2044/2101/2068 2075/2128/2095 2074/2125/2092 2043/2098/2065
f 2071/2102/2069 2102/2129/2096 2101/2126/2093 2070/2099/2066
f 2058/2103/2070 2089/2130/2097 2088/2127/2094 2057/2100/2067
f 2045/2104/2071 2076/2131/2098 2075/2128/2095 2044/2101/2068
f 2072/2105/2072 2103/2132/2099 2102/2129/2096 2071/2102/2069
f 2059/2106/2073 2090/2133/2100 2089/2130/2097 2058/2103/2070
f 2046/2107/2074 2077/2134/2101 2076/2131/2098 2045/2104/2071
f 3127/2001/1968 2103/2132/2099 2072/2105/2072
f 2060/2108/2075 2091/2135/2102 2090/2133/2100 2059/2106/2073
f 2047/2109/2076 2078/2136/2103 2077/2134/2101 2046/2107/2074
f 2061/2110/2077 2092/2137/2104 2091/2135/2102 2060/2108/2075
f 2048/2111/2078 2079/2138/2105 2078/2136/2103 2047/2109/2076
f 2062/2112/2079 2093/2139/2106 2092/2137/2104 2061/2110/2077
f 2049/2113/2080 2080/2140/2107 2079/2138/2105 2048/2111/2078
f 2063/2114/2081 2094/2141/2108 2093/2139/2106 2062/2112/2079
f 2050/2085/2052 2081/2142/2109 2080/2140/2107 2049/2113/2080
f 2064/2087/2054 2095/2143/2110 2094/2141/2108 2063/2114/2081
f 2051/2084/2051 2082/2144/2111 2081/2142/2109 2050/2085/2052
f 2065/2086/2053 2096/2145/2112 2095/2143/2110 2064/2087/2054
f 2052/2088/2055 2083/2116/2083 2082/2144/2111 2051/2084/2051
f 2066/2089/2056 2097/2118/2085 2096/2145/2112 2065/2086/2053
f 2086/2121/2088 2117/2146/2113 2116/2147/2114 2085/2119/2086
f 2073/2122/2089 2104/2148/2115 3345/1976/1943
f 2100/2123/2090 2131/2149/2116 2130/2150/2117 2099/2120/2087
f 2087/2124/2091 2118/2151/2118 2117/2146/2113 2086/2121/2088
f 2074/2125/2092 2105/2152/2119 2104/2148/2115 2073/2122/2089
f 2101/2126/2093 2132/2153/2120 2131/2149/2116 2100/2123/2090
f 2088/2127/2094 2119/2154/2121 2118/2151/2118 2087/2124/2091
f 2075/2128/2095 2106/2155/2122 2105/2152/2119 2074/2125/2092
f 2102/2129/2096 2133/2156/2123 2132/2153/2120 2101/2126/2093
f 2089/2130/2097 2120/2157/2124 2119/2154/2121 2088/2127/2094
f 2076/2131/2098 2107/2158/2125 2106/2155/2122 2075/2128/2095
f 2103/2132/2099 2134/2159/2126 2133/2156/2123 2102/2129/2096
f 2090/2133/2100 2121/2160/2127 2120/2157/2124 2089/2130/2097
f 2077/2134/2101 2108/2161/2128 2107/2158/2125 2076/2131/2098
f 3127/2001/1968 2134/2159/2126 2103/2132/2099
f 2091/2135/2102 2122/2162/2129 2121/2160/2127 2090/2133/2100
f 2078/2136/2103 2109/2163/2130 2108/2161/2128 2077/2134/2101
f 2092/2137/2104 2123/2164/2131 2122/2162/2129 2091/2135/2102
f 2079/2138/2105 2110/2165/2132 2109/2163/2130 2078/2136/2103
f 2093/2139/2106 2124/2166/2133 2123/2164/2131 2092/2137/2104
f 2080/2140/2107 2111/2167/2134 2110/2165/2132 2079/2138/2105
f 2094/2141/2108 2125/2168/2135 2124/2166/2133 2093/2139/2106
f 2081/2142/2109 2112/2169/2136 2111/2167/2134 2080/2140/2107
f 2095/2143/2110 2126/2170/2137 2125/2168/2135 2094/2141/2108
f 2082/2144/2111 2113/2171/2138 2112/2169/2136 2081/2142/2109
f 2096/2145/2112 2127/2172/2139 2126/2170/2137 2095/2143/2110
f 2083/2116/2083 2114/2173/2140 2113/2171/2138 2082/2144/2111
f 2097/2118/2085 2128/2174/2141 2127/2172/2139 2096/2145/2112
f 2084/2115/2082 2115/2175/2142 2114/2173/2140 2083/2116/2083
f 2098/2117/2084 2129/2176/2143 2128/2174/2141 2097/2118/2085
f 2085/2119/2086 2116/2147/2114 2115/2175/2142 2084/2115/2082
f 2099/2120/2087 2130/2150/2117 2129/2176/2143 2098/2117/2084
f 2119/2154/2121 2150/2177/2144 2149/2178/2145 2118/2151/2118
f 2106/2155/2122 2137/2179/2146 2136/2180/2147 2105/2152/2119
f 2133/2156/2123 2164/2181/2148 2163/2182/2149 2132/2153/2120
f 2120/2157/2124 2151/2183/2150 2150/2177/2144 2119/2154/2121
f 2107/2158/2125 2138/2184/2151 2137/2179/2146 2106/2155/2122
f 2134/2159/2126 2165/2185/2152 2164/2181/2148 2133/2156/2123
f 2121/2160/2127 2152/2186/2153 2151/2183/2150 2120/2157/2124
f 2108/2161/2128 2139/2187/2154 2138/2184/2151 2107/2158/2125
f 3127/2001/1968 2165/2185/2152 2134/2159/2126
f 2122/2162/2129 2153/2188/2155 2152/2186/2153 2121/2160/2127
f 2109/2163/2130 2140/2189/2156 2139/2187/2154 2108/2161/2128
f 2123/2164/2131 2154/2190/2157 2153/2188/2155 2122/2162/2129
f 2110/2165/2132 2141/2191/2158 2140/2189/2156 2109/2163/2130
f 2124/2166/2133 2155/2192/2159 2154/2190/2157 2123/2164/2131
f 2111/2167/2134 2142/2193/2160 2141/2191/2158 2110/2165/2132
f 2125/2168/2135 2156/2194/2161 2155/2192/2159 2124/2166/2133
f 2112/2169/2136 2143/2195/2162 2142/2193/2160 2111/2167/2134
f 2126/2170/2137 2157/2196/2163 2156/2194/2161 2125/2168/2135
f 2113/2171/2138 2144/2197/2164 2143/2195/2162 2112/2169/2136
f 2127/2172/2139 2158/2198/2165 2157/2196/2163 2126/2170/2137
f 2114/2173/2140 2145/2199/2166 2144/2197/2164 2113/2171/2138
f 2128/2174/2141 2159/2200/2167 2158/2198/2165 2127/2172/2139
f 2115/2175/2142 2146/2201/2168 2145/2199/2166 2114/2173/2140
f 2129/2176/2143 2160/2202/2169 2159/2200/2167 2128/2174/2141
f 2116/2147/2114 2147/2203/2170 2146/2201/2168 2115/2175/2142
f 2130/2150/2117 2161/2204/2171 2160/2202/2169 2129/2176/2143
f 2117/2146/2113 2148/2205/2172 2147/2203/2170 2116/2147/2114
f 2104/2148/2115 2135/2206/2173 3345/1976/1943
f 2131/2149/2116 2162/2207/2174 2161/2204/2171 2130/2150/2117
f 2118/2151/2118 2149/2178/2145 2148/2205/2172 2117/2146/2113
f 2105/2152/2119 2136/2180/2147 2135/2206/2173 2104/2148/2115
f 2132/2153/2120 2163/2182/2149 2162/2207/2174 2131/2149/2116
f 2152/2186/2153 2183/2208/2175 2182/2209/2176 2151/2183/2150
f 2139/2187/2154 2170/2210/2177 2169/2211/2178 2138/2184/2151
f 3127/2001/1968 2196/2212/2179 2165/2185/2152
f 2153/2188/2155 2184/2213/2180 2183/2208/2175 2152/2186/2153
f 2140/2189/2156 2171/2214/2181 2170/2210/2177 2139/2187/2154
f 2154/2190/2157 2185/2215/2182 2184/2213/2180 2153/2188/2155
f 2141/2191/2158 2172/2216/2183 2171/2214/2181 2140/2189/2156
f 2155/2192/2159 2186/2217/2184 2185/2215/2182 2154/2190/2157
f 2142/2193/2160 2173/2218/2185 2172/2216/2183 2141/2191/2158
f 2156/2194/2161 2187/2219/2186 2186/2217/2184 2155/2192/2159
f 2143/2195/2162 2174/2220/2187 2173/2218/2185 2142/2193/2160
f 2157/2196/2163 2188/2221/2188 2187/2219/2186 2156/2194/2161
f 2144/2197/2164 2175/2222/2189 2174/2220/2187 2143/2195/2162
f 2158/2198/2165 2189/2223/2190 2188/2221/2188 2157/2196/2163
f 2145/2199/2166 2176/2224/2191 2175/2222/2189 2144/2197/2164
f 2159/2200/2167 2190/2225/2192 2189/2223/2190 2158/2198/2165
f 2146/2201/2168 2177/2226/2193 2176/2224/2191 2145/2199/2166
f 2160/2202/2169 2191/2227/2194 2190/2225/2192 2159/2200/2167
f 2147/2203/2170 2178/2228/2195 2177/2226/2193 2146/2201/2168
f 2161/2204/2171 2192/2229/2196 2191/2227/2194 2160/2202/2169
f 2148/2205/2172 2179/2230/2197 2178/2228/2195 2147/2203/2170
f 2135/2206/2173 2166/2231/2198 3345/1976/1943
f 2162/2207/2174 2193/2232/2199 2192/2229/2196 2161/2204/2171
f 2149/2178/2145 2180/2233/2200 2179/2230/2197 2148/2205/2172
f 2136/2180/2147 2167/2234/2201 2166/2231/2198 2135/2206/2173
f 2163/2182/2149 2194/2235/2202 2193/2232/2199 2162/2207/2174
f 2150/2177/2144 2181/2236/2203 2180/2233/2200 2149/2178/2145
f 2137/2179/2146 2168/2237/2204 2167/2234/2201 2136/2180/2147
f 2164/2181/2148 2195/2238/2205 2194/2235/2202 2163/2182/2149
f 2151/2183/2150 2182/2209/2176 2181/2236/2203 2150/2177/2144
f 2138/2184/2151 2169/2211/2178 2168/2237/2204 2137/2179/2146
f 2165/2185/2152 2196/2212/2179 2195/2238/2205 2164/2181/2148
f 2185/2215/2182 2216/2239/2206 2215/2240/2207 2184/2213/2180
f 2172/2216/2183 2203/2241/2208 2202/2242/2209 2171/2214/2181
f 2186/2217/2184 2217/2243/2210 2216/2239/2206 2185/2215/2182
f 2173/2218/2185 2204/2244/2211 2203/2241/2208 2172/2216/2183
f 2187/2219/2186 2218/2245/2212 2217/2243/2210 2186/2217/2184
f 2174/2220/2187 2205/2246/2213 2204/2244/2211 2173/2218/2185
f 2188/2221/2188 2219/2247/2214 2218/2245/2212 2187/2219/2186
f 2175/2222/2189 2206/2248/2215 2205/2246/2213 2174/2220/2187
f 2189/2223/2190 2220/2249/2216 2219/2247/2214 2188/2221/2188
f 2176/2224/2191 2207/2250/2217 2206/2248/2215 2175/2222/2189
f 2190/2225/2192 2221/2251/2218 2220/2249/2216 2189/2223/2190
f 2177/2226/2193 2208/2252/2219 2207/2250/2217 2176/2224/2191
f 2191/2227/2194 2222/2253/2220 2221/2251/2218 2190/2225/2192
f 2178/2228/2195 2209/2254/2221 2208/2252/2219 2177/2226/2193
f 2192/2229/2196 2223/2255/2222 2222/2253/2220 2191/2227/2194
f 2179/2230/2197 2210/2256/2223 2209/2254/2221 2178/2228/2195
f 2166/2231/2198 2197/2257/2224 3345/1976/1943
f 2193/2232/2199 2224/2258/2225 2223/2255/2222 2192/2229/2196
f 2180/2233/2200 2211/2259/2226 2210/2256/2223 2179/2230/2197
f 2167/2234/2201 2198/2260/2227 2197/2257/2224 2166/2231/2198
f 2194/2235/2202 2225/2261/2228 2224/2258/2225 2193/2232/2199
f 2181/2236/2203 2212/2262/2229 2211/2259/2226 2180/2233/2200
f 2168/2237/2204 2199/2263/2230 2198/2260/2227 2167/2234/2201
f 2195/2238/2205 2226/2264/2231 2225/2261/2228 2194/2235/2202
f 2182/2209/2176 2213/2265/2232 2212/2262/2229 2181/2236/2203
f 2169/2211/2178 2200/2266/2233 2199/2263/2230 2168/2237/2204
f 2196/2212/2179 2227/2267/2234 2226/2264/2231 2195/2238/2205
f 2183/2208/2175 2214/2268/2235 2213/2265/2232 2182/2209/2176
f 2170/2210/2177 2201/2269/2236 2200/2266/2233 2169/2211/2178
f 3127/2001/1968 2227/2267/2234 2196/2212/2179
f 2184/2213/2180 2215/2270/2207 2214/2268/2235 2183/2208/2175
f 2171/2214/2181 2202/2242/2209 2201/2269/2236 2170/2210/2177
f 2218/2271/2212 2249/2272/2237 2248/2273/2238 2217/2274/2210
f 2205/2246/2213 2236/2275/2239 2235/2276/2240 2204/2244/2211
f 2219/2277/2214 2250/2278/2241 2249/2272/2237 2218/2271/2212
f 2206/2248/2215 2237/2279/2242 2236/2275/2239 2205/2246/2213
f 2220/2280/2216 2251/2281/2243 2250/2278/2241 2219/2277/2214
f 2207/2250/2217 2238/2282/2244 2237/2279/2242 2206/2248/2215
f 2221/2283/2218 2252/2284/2245 2251/2281/2243 2220/2280/2216
f 2208/2252/2219 2239/2285/2246 2238/2282/2244 2207/2250/2217
f 2222/2286/2220 2253/2287/2247 2252/2284/2245 2221/2283/2218
f 2209/2254/2221 2240/2288/2248 2239/2285/2246 2208/2252/2219
f 2223/2289/2222 2254/2290/2249 2253/2287/2247 2222/2286/2220
f 2210/2256/2223 2241/2291/2250 2240/2288/2248 2209/2254/2221
f 2197/2257/2224 2228/2292/2251 3345/1976/1943
f 2224/2293/2225 2255/2294/2252 2254/2290/2249 2223/2289/2222
f 2211/2259/2226 2242/2295/2253 2241/2291/2250 2210/2256/2223
f 2198/2260/2227 2229/2296/2254 2228/2292/2251 2197/2257/2224
f 2225/2297/2228 2256/2298/2255 2255/2294/2252 2224/2293/2225
f 2212/2262/2229 2243/2299/2256 2242/2295/2253 2211/2259/2226
f 2199/2263/2230 2230/2300/2257 2229/2296/2254 2198/2260/2227
f 2226/2301/2231 2257/2302/2258 2256/2298/2255 2225/2297/2228
f 2213/2265/2232 2244/2303/2259 2243/2299/2256 2212/2262/2229
f 2200/2266/2233 2231/2304/2260 2230/2300/2257 2199/2263/2230
f 2227/2305/2234 2258/2306/2261 2257/2302/2258 2226/2301/2231
f 2214/2268/2235 2245/2307/2262 2244/2303/2259 2213/2265/2232
f 2201/2269/2236 2232/2308/2263 2231/2304/2260 2200/2266/2233
f 3127/2309/1968 2258/2306/2261 2227/2305/2234
f 2215/2270/2207 2246/2310/2264 2245/2307/2262 2214/2268/2235
f 2202/2242/2209 2233/2311/2265 2232/2308/2263 2201/2269/2236
f 2216/2312/2206 2247/2313/2266 2246/2310/2264 2215/2270/2207
f 2203/2241/2208 2234/2314/2267 2233/2311/2265 2202/2242/2209
f 2217/2274/2210 2248/2273/2238 2247/2313/2266 2216/2312/2206
f 2204/2244/2211 2235/2276/2240 2234/2314/2267 2203/2241/2208
f 2251/2281/2243 2282/2315/2268 2281/2316/2269 2250/2278/2241
f 2238/2282/2244 2269/2317/2270 2268/2318/2271 2237/2279/2242
f 2252/2284/2245 2283/2319/2272 2282/2315/2268 2251/2281/2243
f 2239/2285/2246 2270/2320/2273 2269/2317/2270 2238/2282/2244
f 2253/2287/2247 2284/2321/2274 2283/2319/2272 2252/2284/2245
f 2240/2288/2248 2271/2322/2275 2270/2320/2273 2239/2285/2246
f 2254/2290/2249 2285/2323/2276 2284/2321/2274 2253/2287/2247
f 2241/2291/2250 2272/2324/2277 2271/2322/2275 2240/2288/2248
f 2228/2292/2251 2259/2325/2278 3345/1976/1943
f 2255/2294/2252 2286/2326/2279 2285/2323/2276 2254/2290/2249
f 2242/2295/2253 2273/2327/2280 2272/2324/2277 2241/2291/2250
f 2229/2296/2254 2260/2328/2281 2259/2325/2278 2228/2292/2251
f 2256/2298/2255 2287/2329/2282 2286/2326/2279 2255/2294/2252
f 2243/2299/2256 2274/2330/2283 2273/2327/2280 2242/2295/2253
f 2230/2300/2257 2261/2331/2284 2260/2328/2281 2229/2296/2254
f 2257/2302/2258 2288/2332/2285 2287/2329/2282 2256/2298/2255
f 2244/2303/2259 2275/2333/2286 2274/2330/2283 2243/2299/2256
f 2231/2304/2260 2262/2334/2287 2261/2331/2284 2230/2300/2257
f 2258/2306/2261 2289/2335/2288 2288/2332/2285 2257/2302/2258
f 2245/2307/2262 2276/2336/2289 2275/2333/2286 2244/2303/2259
f 2232/2308/2263 2263/2337/2290 2262/2334/2287 2231/2304/2260
f 3127/2309/1968 2289/2335/2288 2258/2306/2261
f 2246/2310/2264 2277/2338/2291 2276/2336/2289 2245/2307/2262
f 2233/2311/2265 2264/2339/2292 2263/2337/2290 2232/2308/2263
f 2247/2313/2266 2278/2340/2293 2277/2338/2291 2246/2310/2264
f 2234/2314/2267 2265/2341/2294 2264/2339/2292 2233/2311/2265
f 2248/2273/2238 2279/2342/2295 2278/2340/2293 2247/2313/2266
f 2235/2276/2240 2266/2343/2296 2265/2341/2294 2234/2314/2267
f 2249/2272/2237 2280/2344/2297 2279/2342/2295 2248/2273/2238
f 2236/2275/2239 2267/2345/2298 2266/2343/2296 2235/2276/2240
f 2250/2278/2241 2281/2316/2269 2280/2344/2297 2249/2272/2237
f 2237/2279/2242 2268/2318/2271 2267/2345/2298 2236/2275/2239
f 2284/2321/2274 2315/2346/2299 2314/2347/2300 2283/2319/2272
f 2271/2322/2275 2302/2348/2301 2301/2349/2302 2270/2320/2273
f 2285/2323/2276 2316/2350/2303 2315/2346/2299 2284/2321/2274
f 2272/2324/2277 2303/2351/2304 2302/2348/2301 2271/2322/2275
f 2259/2325/2278 2290/2352/2305 3345/1976/1943
f 2286/2326/2279 2317/2353/2306 2316/2350/2303 2285/2323/2276
f 2273/2327/2280 2304/2354/2307 2303/2351/2304 2272/2324/2277
f 2260/2328/2281 2291/2355/2308 2290/2352/2305 2259/2325/2278
f 2287/2329/2282 2318/2356/2309 2317/2353/2306 2286/2326/2279
f 2274/2330/2283 2305/2357/2310 2304/2354/2307 2273/2327/2280
f 2261/2331/2284 2292/2358/2311 2291/2355/2308 2260/2328/2281
f 2288/2332/2285 2319/2359/2312 2318/2356/2309 2287/2329/2282
f 2275/2333/2286 2306/2360/2313 2305/2357/2310 2274/2330/2283
f 2262/2334/2287 2293/2361/2314 2292/2358/2311 2261/2331/2284
f 2289/2335/2288 2320/2362/2315 2319/2359/2312 2288/2332/2285
f 2276/2336/2289 2307/2363/2316 2306/2360/2313 2275/2333/2286
f 2263/2337/2290 2294/2364/2317 2293/2361/2314 2262/2334/2287
f 3127/2309/1968 2320/2362/2315 2289/2335/2288
f 2277/2338/2291 2308/2365/2318 2307/2363/2316 2276/2336/2289
f 2264/2339/2292 2295/2366/2319 2294/2364/2317 2263/2337/2290
f 2278/2340/2293 2309/2367/2320 2308/2365/2318 2277/2338/2291
f 2265/2341/2294 2296/2368/2321 2295/2366/2319 2264/2339/2292
f 2279/2342/2295 2310/2369/2322 2309/2367/2320 2278/2340/2293
f 2266/2343/2296 2297/2370/2323 2296/2368/2321 2265/2341/2294
f 2280/2344/2297 2311/2371/2324 2310/2369/2322 2279/2342/2295
f 2267/2345/2298 2298/2372/2325 2297/2370/2323 2266/2343/2296
f 2281/2316/2269 2312/2373/2326 2311/2371/2324 2280/2344/2297
f 2268/2318/2271 2299/2374/2327 2298/2372/2325 2267/2345/2298
f 2282/2315/2268 2313/2375/2328 2312/2373/2326 2281/2316/2269
f 2269/2317/2270 2300/2376/2329 2299/2374/2327 2268/2318/2271
f 2283/2319/2272 2314/2347/2300 2313/2375/2328 2282/2315/2268
f 2270/2320/2273 2301/2349/2302 2300/2376/2329 2269/2317/2270
f 2317/2353/2306 2348/2377/2330 2347/2378/2331 2316/2350/2303
f 2304/2354/2307 2335/2379/2332 2334/2380/2333 2303/2351/2304
f 2291/2355/2308 2322/2381/2334 2321/2382/2335 2290/2352/2305
f 2318/2356/2309 2349/2383/2336 2348/2377/2330 2317/2353/2306
f 2305/2357/2310 2336/2384/2337 2335/2379/2332 2304/2354/2307
f 2292/2358/2311 2323/2385/2338 2322/2381/2334 2291/2355/2308
f 2319/2359/2312 2350/2386/2339 2349/2383/2336 2318/2356/2309
f 2306/2360/2313 2337/2387/2340 2336/2384/2337 2305/2357/2310
f 2293/2361/2314 2324/2388/2341 2323/2385/2338 2292/2358/2311
f 2320/2362/2315 2351/2389/2342 2350/2386/2339 2319/2359/2312
f 2307/2363/2316 2338/2390/2343 2337/2387/2340 2306/2360/2313
f 2294/2364/2317 2325/2391/2344 2324/2388/2341 2293/2361/2314
f 3127/2309/1968 2351/2389/2342 2320/2362/2315
f 2308/2365/2318 2339/2392/2345 2338/2390/2343 2307/2363/2316
f 2295/2366/2319 2326/2393/2346 2325/2391/2344 2294/2364/2317
f 2309/2367/2320 2340/2394/2347 2339/2392/2345 2308/2365/2318
f 2296/2368/2321 2327/2395/2348 2326/2393/2346 2295/2366/2319
f 2310/2369/2322 2341/2396/2349 2340/2394/2347 2309/2367/2320
f 2297/2370/2323 2328/2397/2350 2327/2395/2348 2296/2368/2321
f 2311/2371/2324 2342/2398/2351 2341/2396/2349 2310/2369/2322
f 2298/2372/2325 2329/2399/2352 2328/2397/2350 2297/2370/2323
f 2312/2373/2326 2343/2400/2353 2342/2398/2351 2311/2371/2324
f 2299/2374/2327 2330/2401/2354 2329/2399/2352 2298/2372/2325
f 2313/2375/2328 2344/2402/2355 2343/2400/2353 2312/2373/2326
f 2300/2376/2329 2331/2403/2356 2330/2401/2354 2299/2374/2327
f 2314/2347/2300 2345/2404/2357 2344/2402/2355 2313/2375/2328
f 2301/2349/2302 2332/2405/2358 2331/2403/2356 2300/2376/2329
f 2315/2346/2299 2346/2406/2359 2345/2404/2357 2314/2347/2300
f 2302/2348/2301 2333/2407/2360 2332/2405/2358 2301/2349/2302
f 2316/2350/2303 2347/2378/2331 2346/2406/2359 2315/2346/2299
f 2303/2351/2304 2334/2380/2333 2333/2407/2360 2302/2348/2301
f 2290/2352/2305 2321/2382/2335 3345/1976/1943
f 2350/2386/2339 2381/2408/2361 2380/2409/2362 2349/2383/2336
f 2337/2387/2340 2368/2410/2363 2367/2411/2364 2336/2384/2337
f 2324/2388/2341 2355/2412/2365 2354/2413/2366 2323/2385/2338
f 2351/2389/2342 2382/2414/2367 2381/2408/2361 2350/2386/2339
f 2338/2390/2343 2369/2415/2368 2368/2410/2363 2337/2387/2340
f 2325/2391/2344 2356/2416/2369 2355/2412/2365 2324/2388/2341
f 3127/2309/1968 2382/2414/2367 2351/2389/2342
f 2339/2392/2345 2370/2417/2370 2369/2415/2368 2338/2390/2343
f 2326/2393/2346 2357/2418/2371 2356/2416/2369 2325/2391/2344
f 2340/2394/2347 2371/2419/2372 2370/2417/2370 2339/2392/2345
f 2327/2395/2348 2358/2420/2373 2357/2418/2371 2326/2393/2346
f 2341/2396/2349 2372/2421/2374 2371/2419/2372 2340/2394/2347
f 2328/2397/2350 2359/2422/2375 2358/2420/2373 2327/2395/2348
f 2342/2398/2351 2373/2423/2376 2372/2421/2374 2341/2396/2349
f 2329/2399/2352 2360/2424/2377 2359/2422/2375 2328/2397/2350
f 2343/2400/2353 2374/2425/2378 2373/2423/2376 2342/2398/2351
f 2330/2401/2354 2361/2426/2379 2360/2424/2377 2329/2399/2352
f 2344/2402/2355 2375/2427/2380 2374/2425/2378 2343/2400/2353
f 2331/2403/2356 2362/2428/2381 2361/2426/2379 2330/2401/2354
f 2345/2404/2357 2376/2429/2382 2375/2427/2380 2344/2402/2355
f 2332/2405/2358 2363/2430/2383 2362/2428/2381 2331/2403/2356
f 2346/2406/2359 2377/2431/2384 2376/2429/2382 2345/2404/2357
f 2333/2407/2360 2364/2432/2385 2363/2430/2383 2332/2405/2358
f 2347/2378/2331 2378/2433/2386 2377/2431/2384 2346/2406/2359
f 2334/2380/2333 2365/2434/2387 2364/2432/2385 2333/2407/2360
f 2321/2382/2335 2352/2435/2388 3345/1976/1943
f 2348/2377/2330 2379/2436/2389 2378/2433/2386 2347/2378/2331
f 2335/2379/2332 2366/2437/2390 2365/2434/2387 2334/2380/2333
f 2322/2381/2334 2353/2438/2391 2352/2435/2388 2321/2382/2335
f 2349/2383/2336 2380/2409/2362 2379/2436/2389 2348/2377/2330
f 2336/2384/2337 2367/2411/2364 2366/2437/2390 2335/2379/2332
f 2323/2385/2338 2354/2413/2366 2353/2438/2391 2322/2381/2334
f 3127/2309/1968 2413/2439/2392 2382/2414/2367
f 2370/2417/2370 2401/2440/2393 2400/2441/2394 2369/2415/2368
f 2357/2418/2371 2388/2442/2395 2387/2443/2396 2356/2416/2369
f 2371/2419/2372 2402/2444/2397 2401/2440/2393 2370/2417/2370
f 2358/2420/2373 2389/2445/2398 2388/2442/2395 2357/2418/2371
f 2372/2421/2374 2403/2446/2399 2402/2444/2397 2371/2419/2372
f 2359/2422/2375 2390/2447/2400 2389/2445/2398 2358/2420/2373
f 2373/2423/2376 2404/2448/2401 2403/2446/2399 2372/2421/2374
f 2360/2424/2377 2391/2449/2402 2390/2447/2400 2359/2422/2375
f 2374/2425/2378 2405/2450/2403 2404/2448/2401 2373/2423/2376
f 2361/2426/2379 2392/2451/2404 2391/2449/2402 2360/2424/2377
f 2375/2427/2380 2406/2452/2405 2405/2450/2403 2374/2425/2378
f 2362/2428/2381 2393/2453/2406 2392/2451/2404 2361/2426/2379
f 2376/2429/2382 2407/2454/2407 2406/2452/2405 2375/2427/2380
f 2363/2430/2383 2394/2455/2408 2393/2453/2406 2362/2428/2381
f 2377/2431/2384 2408/2456/2409 2407/2454/2407 2376/2429/2382
f 2364/2432/2385 2395/2457/2410 2394/2455/2408 2363/2430/2383
f 2378/2433/2386 2409/2458/2411 2408/2456/2409 2377/2431/2384
f 2365/2434/2387 2396/2459/2412 2395/2457/2410 2364/2432/2385
f 2352/2435/2388 2383/2460/2413 3345/1976/1943
f 2379/2436/2389 2410/2461/2414 2409/2458/2411 2378/2433/2386
f 2366/2437/2390 2397/2462/2415 2396/2459/2412 2365/2434/2387
f 2353/2438/2391 2384/2463/2416 2383/2460/2413 2352/2435/2388
f 2380/2409/2362 2411/2464/2417 2410/2461/2414 2379/2436/2389
f 2367/2411/2364 2398/2465/2418 2397/2462/2415 2366/2437/2390
f 2354/2413/2366 2385/2466/2419 2384/2463/2416 2353/2438/2391
f 2381/2408/2361 2412/2467/2420 2411/2464/2417 2380/2409/2362
f 2368/2410/2363 2399/2468/2421 2398/2465/2418 2367/2411/2364
f 2355/2412/2365 2386/2469/2422 2385/2466/2419 2354/2413/2366
f 2382/2414/2367 2413/2439/2392 2412/2467/2420 2381/2408/2361
f 2369/2415/2368 2400/2441/2394 2399/2468/2421 2368/2410/2363
f 2356/2416/2369 2387/2443/2396 2386/2469/2422 2355/2412/2365
f 2403/2446/2399 2434/2470/2423 2433/2471/2424 2402/2444/2397
f 2390/2447/2400 2421/2472/2425 2420/2473/2426 2389/2445/2398
f 2404/2448/2401 2435/2474/2427 2434/2470/2423 2403/2446/2399
f 2391/2449/2402 2422/2475/2428 2421/2472/2425 2390/2447/2400
f 2405/2450/2403 2436/2476/2429 2435/2474/2427 2404/2448/2401
f 2392/2451/2404 2423/2477/2430 2422/2475/2428 2391/2449/2402
f 2406/2452/2405 2437/2478/2431 2436/2476/2429 2405/2450/2403
f 2393/2453/2406 2424/2479/2432 2423/2477/2430 2392/2451/2404
f 2407/2454/2407 2438/2480/2433 2437/2478/2431 2406/2452/2405
f 2394/2455/2408 2425/2481/2434 2424/2479/2432 2393/2453/2406
f 2408/2456/2409 2439/2482/2435 2438/2480/2433 2407/2454/2407
f 2395/2457/2410 2426/2483/2436 2425/2481/2434 2394/2455/2408
f 2409/2458/2411 2440/2484/2437 2439/2482/2435 2408/2456/2409
f 2396/2459/2412 2427/2485/2438 2426/2483/2436 2395/2457/2410
f 2383/2460/2413 2414/2486/2439 3345/1976/1943
f 2410/2461/2414 2441/2487/2440 2440/2484/2437 2409/2458/2411
f 2397/2462/2415 2428/2488/2441 2427/2485/2438 2396/2459/2412
f 2384/2463/2416 2415/2489/2442 2414/2486/2439 2383/2460/2413
f 2411/2464/2417 2442/2490/2443 2441/2487/2440 2410/2461/2414
f 2398/2465/2418 2429/2491/2444 2428/2488/2441 2397/2462/2415
f 2385/2466/2419 2416/2492/2445 2415/2489/2442 2384/2463/2416
f 2412/2467/2420 2443/2493/2446 2442/2490/2443 2411/2464/2417
f 2399/2468/2421 2430/2494/2447 2429/2491/2444 2398/2465/2418
f 2386/2469/2422 2417/2495/2448 2416/2492/2445 2385/2466/2419
f 2413/2439/2392 2444/2496/2449 2443/2493/2446 2412/2467/2420
f 2400/2441/2394 2431/2497/2450 2430/2494/2447 2399/2468/2421
f 2387/2443/2396 2418/2498/2451 2417/2495/2448 2386/2469/2422
f 3127/2309/1968 2444/2496/2449 2413/2439/2392
f 2401/2440/2393 2432/2499/2452 2431/2497/2450 2400/2441/2394
f 2388/2442/2395 2419/2500/2453 2418/2498/2451 2387/2443/2396
f 2402/2444/2397 2433/2471/2424 2432/2499/2452 2401/2440/2393
f 2389/2445/2398 2420/2473/2426 2419/2500/2453 2388/2442/2395
f 2436/2476/2429 2467/2501/2454 2466/2502/2455 2435/2474/2427
f 2423/2477/2430 2454/2503/2456 2453/2504/2457 2422/2475/2428
f 2437/2478/2431 2468/2505/2458 2467/2501/2454 2436/2476/2429
f 2424/2479/2432 2455/2506/2459 2454/2503/2456 2423/2477/2430
f 2438/2480/2433 2469/2507/2460 2468/2505/2458 2437/2478/2431
f 2425/2481/2434 2456/2508/2461 2455/2506/2459 2424/2479/2432
f 2439/2482/2435 2470/2509/2462 2469/2507/2460 2438/2480/2433
f 2426/2483/2436 2457/2510/2463 2456/2508/2461 2425/2481/2434
f 2440/2484/2437 2471/2511/2464 2470/2509/2462 2439/2482/2435
f 2427/2485/2438 2458/2512/2465 2457/2510/2463 2426/2483/2436
f 2414/2486/2439 2445/2513/2466 3345/1976/1943
f 2441/2487/2440 2472/2514/2467 2471/2511/2464 2440/2484/2437
f 2428/2488/2441 2459/2515/2468 2458/2512/2465 2427/2485/2438
f 2415/2489/2442 2446/2516/2469 2445/2513/2466 2414/2486/2439
f 2442/2490/2443 2473/2517/2470 2472/2514/2467 2441/2487/2440
f 2429/2491/2444 2460/2518/2471 2459/2515/2468 2428/2488/2441
f 2416/2492/2445 2447/2519/2472 2446/2516/2469 2415/2489/2442
f 2443/2493/2446 2474/2520/2473 2473/2517/2470 2442/2490/2443
f 2430/2494/2447 2461/2521/2474 2460/2518/2471 2429/2491/2444
f 2417/2495/2448 2448/2522/2475 2447/2519/2472 2416/2492/2445
f 2444/2496/2449 2475/2523/2476 2474/2520/2473 2443/2493/2446
f 2431/2497/2450 2462/2524/2477 2461/2521/2474 2430/2494/2447
f 2418/2498/2451 2449/2525/2478 2448/2522/2475 2417/2495/2448
f 3127/2309/1968 2475/2523/2476 2444/2496/2449
f 2432/2499/2452 2463/2526/2479 2462/2524/2477 2431/2497/2450
f 2419/2500/2453 2450/2527/2480 2449/2525/2478 2418/2498/2451
f 2433/2471/2424 2464/2528/2481 2463/2526/2479 2432/2499/2452
f 2420/2473/2426 2451/2529/2482 2450/2527/2480 2419/2500/2453
f 2434/2470/2423 2465/2530/2483 2464/2528/2481 2433/2471/2424
f 2421/2472/2425 2452/2531/2484 2451/2529/2482 2420/2473/2426
f 2435/2474/2427 2466/2502/2455 2465/2530/2483 2434/2470/2423
f 2422/2475/2428 2453/2504/2457 2452/2531/2484 2421/2472/2425
f 2469/2507/2460 2500/2532/2485 2499/2533/2486 2468/2505/2458
f 2456/2508/2461 2487/2534/2487 2486/2535/2488 2455/2506/2459
f 2470/2509/2462 2501/2536/2489 2500/2532/2485 2469/2507/2460
f 2457/2510/2463 2488/2537/2490 2487/2534/2487 2456/2508/2461
f 2471/2511/2464 2502/2538/2491 2501/2536/2489 2470/2509/2462
f 2458/2512/2465 2489/2539/2492 2488/2537/2490 2457/2510/2463
f 2445/2513/2466 2476/2540/2493 3345/1976/1943
f 2472/2514/2467 2503/2541/2494 2502/2538/2491 2471/2511/2464
f 2459/2515/2468 2490/2542/2495 2489/2539/2492 2458/2512/2465
f 2446/2516/2469 2477/2543/2496 2476/2540/2493 2445/2513/2466
f 2473/2517/2470 2504/2544/2497 2503/2541/2494 2472/2514/2467
f 2460/2518/2471 2491/2545/2498 2490/2542/2495 2459/2515/2468
f 2447/2519/2472 2478/2546/2499 2477/2543/2496 2446/2516/2469
f 2474/2520/2473 2505/2547/2500 2504/2544/2497 2473/2517/2470
f 2461/2521/2474 2492/2548/2501 2491/2545/2498 2460/2518/2471
f 2448/2522/2475 2479/2549/2502 2478/2546/2499 2447/2519/2472
f 2475/2523/2476 2506/2550/2503 2505/2547/2500 2474/2520/2473
f 2462/2524/2477 2493/2551/2504 2492/2548/2501 2461/2521/2474
f 2449/2525/2478 2480/2552/2505 2479/2549/2502 2448/2522/2475
f 3127/2309/1968 2506/2550/2503 2475/2523/2476
f 2463/2526/2479 2494/2553/2506 2493/2551/2504 2462/2524/2477
f 2450/2527/2480 2481/2554/2507 2480/2552/2505 2449/2525/2478
f 2464/2528/2481 2495/2555/2508 2494/2553/2506 2463/2526/2479
f 2451/2529/2482 2482/2556/2509 2481/2554/2507 2450/2527/2480
f 2465/2530/2483 2496/2557/2510 2495/2555/2508 2464/2528/2481
f 2452/2531/2484 2483/2558/2511 2482/2556/2509 2451/2529/2482
f 2466/2502/2455 2497/2559/2512 2496/2557/2510 2465/2530/2483
f 2453/2504/2457 2484/2560/2513 2483/2558/2511 2452/2531/2484
f 2467/2501/2454 2498/2561/2514 2497/2559/2512 2466/2502/2455
f 2454/2503/2456 2485/2562/2515 2484/2560/2513 2453/2504/2457
f 2468/2505/2458 2499/2533/2486 2498/2561/2514 2467/2501/2454
f 2455/2506/2459 2486/2535/2488 2485/2562/2515 2454/2503/2456
f 2502/2538/2491 2533/2563/2516 2532/2564/2517 2501/2536/2489
f 2489/2539/2492 2520/2565/2518 2519/2566/2519 2488/2537/2490
f 2476/2540/2493 2507/2567/2520 3345/1976/1943
f 2503/2541/2494 2534/2568/2521 2533/2563/2516 2502/2538/2491
f 2490/2542/2495 2521/2569/2522 2520/2565/2518 2489/2539/2492
f 2477/2543/2496 2508/2570/2523 2507/2567/2520 2476/2540/2493
f 2504/2544/2497 2535/2571/2524 2534/2568/2521 2503/2541/2494
f 2491/2545/2498 2522/2572/2525 2521/2569/2522 2490/2542/2495
f 2478/2546/2499 2509/2573/2526 2508/2570/2523 2477/2543/2496
f 2505/2547/2500 2536/2574/2527 2535/2571/2524 2504/2544/2497
f 2492/2548/2501 2523/2575/2528 2522/2572/2525 2491/2545/2498
f 2479/2549/2502 2510/2576/2529 2509/2573/2526 2478/2546/2499
f 2506/2550/2503 2537/2577/2530 2536/2574/2527 2505/2547/2500
f 2493/2551/2504 2524/2578/2531 2523/2575/2528 2492/2548/2501
f 2480/2552/2505 2511/2579/2532 2510/2576/2529 2479/2549/2502
f 3127/2309/1968 2537/2577/2530 2506/2550/2503
f 2494/2553/2506 2525/2580/2533 2524/2578/2531 2493/2551/2504
f 2481/2554/2507 2512/2581/2534 2511/2579/2532 2480/2552/2505
f 2495/2555/2508 2526/2582/2535 2525/2580/2533 2494/2553/2506
f 2482/2556/2509 2513/2583/2536 2512/2581/2534 2481/2554/2507
f 2496/2557/2510 2527/2584/2537 2526/2582/2535 2495/2555/2508
f 2483/2558/2511 2514/2585/2538 2513/2583/2536 2482/2556/2509
f 2497/2559/2512 2528/2586/2539 2527/2584/2537 2496/2557/2510
f 2484/2560/2513 2515/2587/2540 2514/2585/2538 2483/2558/2511
f 2498/2561/2514 2529/2588/2541 2528/2586/2539 2497/2559/2512
f 2485/2562/2515 2516/2589/2542 2515/2587/2540 2484/2560/2513
f 2499/2533/2486 2530/2590/2543 2529/2588/2541 2498/2561/2514
f 2486/2535/2488 2517/2591/2544 2516/2589/2542 2485/2562/2515
f 2500/2532/2485 2531/2592/2545 2530/2590/2543 2499/2533/2486
f 2487/2534/2487 2518/2593/2546 2517/2591/2544 2486/2535/2488
f 2501/2536/2489 2532/2564/2517 2531/2592/2545 2500/2532/2485
f 2488/2537/2490 2519/2566/2519 2518/2593/2546 2487/2534/2487
f 2508/2570/2523 2539/2594/2547 2538/2595/2548 2507/2567/2520
f 2535/2571/2524 2566/2596/2549 2565/2597/2550 2534/2568/2521
f 2522/2572/2525 2553/2598/2551 2552/2599/2552 2521/2569/2522
f 2509/2573/2526 2540/2600/2553 2539/2594/2547 2508/2570/2523
f 2536/2574/2527 2567/2601/2554 2566/2596/2549 2535/2571/2524
f 2523/2575/2528 2554/2602/2555 2553/2598/2551 2522/2572/2525
f 2510/2576/2529 2541/2603/2556 2540/2600/2553 2509/2573/2526
f 2537/2577/2530 2568/2604/2557 2567/2601/2554 2536/2574/2527
f 2524/2578/2531 2555/2605/2558 2554/2602/2555 2523/2575/2528
f 2511/2579/2532 2542/2606/2559 2541/2603/2556 2510/2576/2529
f 3127/2309/1968 2568/2604/2557 2537/2577/2530
f 2525/2580/2533 2556/2607/2560 2555/2605/2558 2524/2578/2531
f 2512/2581/2534 2543/2608/2561 2542/2606/2559 2511/2579/2532
f 2526/2582/2535 2557/2609/2562 2556/2607/2560 2525/2580/2533
f 2513/2583/2536 2544/2610/2563 2543/2608/2561 2512/2581/2534
f 2527/2584/2537 2558/2611/2564 2557/2609/2562 2526/2582/2535
f 2514/2585/2538 2545/2612/2565 2544/2610/2563 2513/2583/2536
f 2528/2586/2539 2559/2613/2566 2558/2611/2564 2527/2584/2537
f 2515/2587/2540 2546/2614/2567 2545/2612/2565 2514/2585/2538
f 2529/2588/2541 2560/2615/2568 2559/2613/2566 2528/2586/2539
f 2516/2589/2542 2547/2616/2569 2546/2614/2567 2515/2587/2540
f 2530/2590/2543 2561/2617/2570 2560/2615/2568 2529/2588/2541
f 2517/2591/2544 2548/2618/2571 2547/2616/2569 2516/2589/2542
f 2531/2592/2545 2562/2619/2572 2561/2617/2570 2530/2590/2543
f 2518/2593/2546 2549/2620/2573 2548/2618/2571 2517/2591/2544
f 2532/2564/2517 2563/2621/2574 2562/2619/2572 2531/2592/2545
f 2519/2566/2519 2550/2622/2575 2549/2620/2573 2518/2593/2546
f 2533/2563/2516 2564/2623/2576 2563/2621/2574 2532/2564/2517
f 2520/2565/2518 2551/2624/2577 2550/2622/2575 2519/2566/2519
f 2507/2567/2520 2538/2595/2548 3345/1976/1943
f 2534/2568/2521 2565/2597/2550 2564/2623/2576 2533/2563/2516
f 2521/2569/2522 2552/2599/2552 2551/2624/2577 2520/2565/2518
f 2541/2603/2556 2572/2625/2578 2571/2626/2579 2540/2600/2553
f 2568/2604/2557 2599/2627/2580 2598/2628/2581 2567/2601/2554
f 2555/2605/2558 2586/2629/2582 2585/2630/2583 2554/2602/2555
f 2542/2606/2559 2573/2631/2584 2572/2625/2578 2541/2603/2556
f 3127/2309/1968 2599/2627/2580 2568/2604/2557
f 2556/2607/2560 2587/2632/2585 2586/2629/2582 2555/2605/2558
f 2543/2608/2561 2574/2633/2586 2573/2631/2584 2542/2606/2559
f 2557/2609/2562 2588/2634/2587 2587/2632/2585 2556/2607/2560
f 2544/2610/2563 2575/2635/2588 2574/2633/2586 2543/2608/2561
f 2558/2611/2564 2589/2636/2589 2588/2634/2587 2557/2609/2562
f 2545/2612/2565 2576/2637/2590 2575/2635/2588 2544/2610/2563
f 2559/2613/2566 2590/2638/2591 2589/2636/2589 2558/2611/2564
f 2546/2614/2567 2577/2639/2592 2576/2637/2590 2545/2612/2565
f 2560/2615/2568 2591/2640/2593 2590/2638/2591 2559/2613/2566
f 2547/2616/2569 2578/2641/2594 2577/2639/2592 2546/2614/2567
f 2561/2617/2570 2592/2642/2595 2591/2640/2593 2560/2615/2568
f 2548/2618/2571 2579/2643/2596 2578/2641/2594 2547/2616/2569
f 2562/2619/2572 2593/2644/2597 2592/2642/2595 2561/2617/2570
f 2549/2620/2573 2580/2645/2598 2579/2643/2596 2548/2618/2571
f 2563/2621/2574 2594/2646/2599 2593/2644/2597 2562/2619/2572
f 2550/2622/2575 2581/2647/2600 2580/2645/2598 2549/2620/2573
f 2564/2623/2576 2595/2648/2601 2594/2646/2599 2563/2621/2574
f 2551/2624/2577 2582/2649/2602 2581/2647/2600 2550/2622/2575
f 2538/2595/2548 2569/2650/2603 3345/1976/1943
f 2565/2597/2550 2596/2651/2604 2595/2648/2601 2564/2623/2576
f 2552/2599/2552 2583/2652/2605 2582/2649/2602 2551/2624/2577
f 2539/2594/2547 2570/2653/2606 2569/2650/2603 2538/2595/2548
f 2566/2596/2549 2597/2654/2607 2596/2651/2604 2565/2597/2550
f 2553/2598/2551 2584/2655/2608 2583/2652/2605 2552/2599/2552
f 2540/2600/2553 2571/2626/2579 2570/2653/2606 2539/2594/2547
f 2567/2601/2554 2598/2628/2581 2597/2654/2607 2566/2596/2549
f 2554/2602/2555 2585/2630/2583 2584/2655/2608 2553/2598/2551
f 2574/2633/2586 2605/2656/2609 2604/2657/2610 2573/2631/2584
f 2588/2634/2587 2619/2658/2611 2618/2659/2612 2587/2632/2585
f 2575/2635/2588 2606/2660/2613 2605/2656/2609 2574/2633/2586
f 2589/2636/2589 2620/2661/2614 2619/2658/2611 2588/2634/2587
f 2576/2637/2590 2607/2662/2615 2606/2660/2613 2575/2635/2588
f 2590/2638/2591 2621/2663/2616 2620/2661/2614 2589/2636/2589
f 2577/2639/2592 2608/2664/2617 2607/2662/2615 2576/2637/2590
f 2591/2640/2593 2622/2665/2618 2621/2663/2616 2590/2638/2591
f 2578/2641/2594 2609/2666/2619 2608/2664/2617 2577/2639/2592
f 2592/2642/2595 2623/2667/2620 2622/2665/2618 2591/2640/2593
f 2579/2643/2596 2610/2668/2621 2609/2666/2619 2578/2641/2594
f 2593/2644/2597 2624/2669/2622 2623/2667/2620 2592/2642/2595
f 2580/2645/2598 2611/2670/2623 2610/2668/2621 2579/2643/2596
f 2594/2646/2599 2625/2671/2624 2624/2669/2622 2593/2644/2597
f 2581/2647/2600 2612/2672/2625 2611/2670/2623 2580/2645/2598
f 2595/2648/2601 2626/2673/2626 2625/2671/2624 2594/2646/2599
f 2582/2649/2602 2613/2674/2627 2612/2672/2625 2581/2647/2600
f 2569/2650/2603 2600/2675/2628 3345/1976/1943
f 2596/2651/2604 2627/2676/2629 2626/2673/2626 2595/2648/2601
f 2583/2652/2605 2614/2677/2630 2613/2674/2627 2582/2649/2602
f 2570/2653/2606 2601/2678/2631 2600/2675/2628 2569/2650/2603
f 2597/2654/2607 2628/2679/2632 2627/2676/2629 2596/2651/2604
f 2584/2655/2608 2615/2680/2633 2614/2677/2630 2583/2652/2605
f 2571/2626/2579 2602/2681/2634 2601/2678/2631 2570/2653/2606
f 2598/2628/2581 2629/2682/2635 2628/2679/2632 2597/2654/2607
f 2585/2630/2583 2616/2683/2636 2615/2680/2633 2584/2655/2608
f 2572/2625/2578 2603/2684/2637 2602/2681/2634 2571/2626/2579
f 2599/2627/2580 2630/2685/2638 2629/2682/2635 2598/2628/2581
f 2586/2629/2582 2617/2686/2639 2616/2683/2636 2585/2630/2583
f 2573/2631/2584 2604/2657/2610 2603/2684/2637 2572/2625/2578
f 3127/2309/1968 2630/2685/2638 2599/2627/2580
f 2587/2632/2585 2618/2659/2612 2617/2686/2639 2586/2629/2582
f 2607/2662/2615 2638/2687/2640 2637/2688/2641 2606/2660/2613
f 2621/2663/2616 2652/2689/2642 2651/2690/2643 2620/2661/2614
f 2608/2664/2617 2639/2691/2644 2638/2687/2640 2607/2662/2615
f 2622/2665/2618 2653/2692/2645 2652/2689/2642 2621/2663/2616
f 2609/2666/2619 2640/2693/2646 2639/2691/2644 2608/2664/2617
f 2623/2667/2620 2654/2694/2647 2653/2692/2645 2622/2665/2618
f 2610/2668/2621 2641/2695/2648 2640/2693/2646 2609/2666/2619
f 2624/2669/2622 2655/2696/2649 2654/2694/2647 2623/2667/2620
f 2611/2670/2623 2642/2697/2650 2641/2695/2648 2610/2668/2621
f 2625/2671/2624 2656/2698/2651 2655/2696/2649 2624/2669/2622
f 2612/2672/2625 2643/2699/2652 2642/2697/2650 2611/2670/2623
f 2626/2673/2626 2657/2700/2653 2656/2698/2651 2625/2671/2624
f 2613/2674/2627 2644/2701/2654 2643/2699/2652 2612/2672/2625
f 2600/2675/2628 2631/2702/2655 3345/1976/1943
f 2627/2676/2629 2658/2703/2656 2657/2700/2653 2626/2673/2626
f 2614/2677/2630 2645/2704/2657 2644/2701/2654 2613/2674/2627
f 2601/2678/2631 2632/2705/2658 2631/2702/2655 2600/2675/2628
f 2628/2679/2632 2659/2706/2659 2658/2703/2656 2627/2676/2629
f 2615/2680/2633 2646/2707/2660 2645/2704/2657 2614/2677/2630
f 2602/2681/2634 2633/2708/2661 2632/2705/2658 2601/2678/2631
f 2629/2682/2635 2660/2709/2662 2659/2706/2659 2628/2679/2632
f 2616/2683/2636 2647/2710/2663 2646/2707/2660 2615/2680/2633
f 2603/2684/2637 2634/2711/2664 2633/2708/2661 2602/2681/2634
f 2630/2685/2638 2661/2712/2665 2660/2709/2662 2629/2682/2635
f 2617/2686/2639 2648/2713/2666 2647/2710/2663 2616/2683/2636
f 2604/2657/2610 2635/2714/2667 2634/2711/2664 2603/2684/2637
f 3127/2309/1968 2661/2712/2665 2630/2685/2638
f 2618/2659/2612 2649/2715/2668 2648/2713/2666 2617/2686/2639
f 2605/2656/2609 2636/2716/2669 2635/2714/2667 2604/2657/2610
f 2619/2658/2611 2650/2717/2670 2649/2715/2668 2618/2659/2612
f 2606/2660/2613 2637/2688/2641 2636/2716/2669 2605/2656/2609
f 2620/2661/2614 2651/2690/2643 2650/2717/2670 2619/2658/2611
f 2640/2693/2646 2671/2718/2671 2670/2719/2672 2639/2691/2644
f 2654/2694/2647 2685/2720/2673 2684/2721/2674 2653/2692/2645
f 2641/2695/2648 2672/2722/2675 2671/2718/2671 2640/2693/2646
f 2655/2696/2649 2686/2723/2676 2685/2720/2673 2654/2694/2647
f 2642/2697/2650 2673/2724/2677 2672/2722/2675 2641/2695/2648
f 2656/2698/2651 2687/2725/2678 2686/2723/2676 2655/2696/2649
f 2643/2699/2652 2674/2726/2679 2673/2724/2677 2642/2697/2650
f 2657/2700/2653 2688/2727/2680 2687/2725/2678 2656/2698/2651
f 2644/2701/2654 2675/2728/2681 2674/2726/2679 2643/2699/2652
f 2631/2702/2655 2662/2729/2682 3345/1976/1943
f 2658/2703/2656 2689/2730/2683 2688/2727/2680 2657/2700/2653
f 2645/2704/2657 2676/2731/2684 2675/2728/2681 2644/2701/2654
f 2632/2705/2658 2663/2732/2685 2662/2729/2682 2631/2702/2655
f 2659/2706/2659 2690/2733/2686 2689/2730/2683 2658/2703/2656
f 2646/2707/2660 2677/2734/2687 2676/2731/2684 2645/2704/2657
f 2633/2708/2661 2664/2735/2688 2663/2732/2685 2632/2705/2658
f 2660/2709/2662 2691/2736/2689 2690/2733/2686 2659/2706/2659
f 2647/2710/2663 2678/2737/2690 2677/2734/2687 2646/2707/2660
f 2634/2711/2664 2665/2738/2691 2664/2735/2688 2633/2708/2661
f 2661/2712/2665 2692/2739/2692 2691/2736/2689 2660/2709/2662
f 2648/2713/2666 2679/2740/2693 2678/2737/2690 2647/2710/2663
f 2635/2714/2667 2666/2741/2694 2665/2738/2691 2634/2711/2664
f 3127/2309/1968 2692/2739/2692 2661/2712/2665
f 2649/2715/2668 2680/2742/2695 2679/2740/2693 2648/2713/2666
f 2636/2716/2669 2667/2743/2696 2666/2741/2694 2635/2714/2667
f 2650/2717/2670 2681/2744/2697 2680/2742/2695 2649/2715/2668
f 2637/2688/2641 2668/2745/2698 2667/2743/2696 2636/2716/2669
f 2651/2690/2643 2682/2746/2699 2681/2744/2697 2650/2717/2670
f 2638/2687/2640 2669/2747/2700 2668/2745/2698 2637/2688/2641
f 2652/2689/2642 2683/2748/2701 2682/2746/2699 2651/2690/2643
f 2639/2691/2644 2670/2719/2672 2669/2747/2700 2638/2687/2640
f 2653/2692/2645 2684/2721/2674 2683/2748/2701 2652/2689/2642
f 2673/2724/2677 2704/2749/2702 2703/2750/2703 2672/2722/2675
f 2687/2725/2678 2718/2751/2704 2717/2752/2705 2686/2723/2676
f 2674/2726/2679 2705/2753/2706 2704/2749/2702 2673/2724/2677
f 2688/2727/2680 2719/2754/2707 2718/2751/2704 2687/2725/2678
f 2675/2728/2681 2706/2755/2708 2705/2753/2706 2674/2726/2679
f 2662/2729/2682 2693/2756/2709 3345/1976/1943
f 2689/2730/2683 2720/2757/2710 2719/2754/2707 2688/2727/2680
f 2676/2731/2684 2707/2758/2711 2706/2755/2708 2675/2728/2681
f 2663/2732/2685 2694/2759/2712 2693/2756/2709 2662/2729/2682
f 2690/2733/2686 2721/2760/2713 2720/2757/2710 2689/2730/2683
f 2677/2734/2687 2708/2761/2714 2707/2758/2711 2676/2731/2684
f 2664/2735/2688 2695/2762/2715 2694/2759/2712 2663/2732/2685
f 2691/2736/2689 2722/2763/2716 2721/2760/2713 2690/2733/2686
f 2678/2737/2690 2709/2764/2717 2708/2761/2714 2677/2734/2687
f 2665/2738/2691 2696/2765/2718 2695/2762/2715 2664/2735/2688
f 2692/2739/2692 2723/2766/2719 2722/2763/2716 2691/2736/2689
f 2679/2740/2693 2710/2767/2720 2709/2764/2717 2678/2737/2690
f 2666/2741/2694 2697/2768/2721 2696/2765/2718 2665/2738/2691
f 3127/2309/1968 2723/2766/2719 2692/2739/2692
f 2680/2742/2695 2711/2769/2722 2710/2767/2720 2679/2740/2693
f 2667/2743/2696 2698/2770/2723 2697/2768/2721 2666/2741/2694
f 2681/2744/2697 2712/2771/2724 2711/2769/2722 2680/2742/2695
f 2668/2745/2698 2699/2772/2725 2698/2770/2723 2667/2743/2696
f 2682/2746/2699 2713/2773/2726 2712/2771/2724 2681/2744/2697
f 2669/2747/2700 2700/2774/2727 2699/2772/2725 2668/2745/2698
f 2683/2748/2701 2714/2775/2728 2713/2773/2726 2682/2746/2699
f 2670/2719/2672 2701/2776/2729 2700/2774/2727 2669/2747/2700
f 2684/2721/2674 2715/2777/2730 2714/2775/2728 2683/2748/2701
f 2671/2718/2671 2702/2778/2731 2701/2776/2729 2670/2719/2672
f 2685/2720/2673 2716/2779/2732 2715/2777/2730 2684/2721/2674
f 2672/2722/2675 2703/2750/2703 2702/2778/2731 2671/2718/2671
f 2686/2723/2676 2717/2752/2705 2716/2779/2732 2685/2720/2673
f 2706/2755/2708 2737/2780/2733 2736/2781/2734 2705/2753/2706
f 2693/2756/2709 2724/2782/2735 3345/1976/1943
f 2720/2757/2710 2751/2783/2736 2750/2784/2737 2719/2754/2707
f 2707/2758/2711 2738/2785/2738 2737/2780/2733 2706/2755/2708
f 2694/2759/2712 2725/2786/2739 2724/2782/2735 2693/2756/2709
f 2721/2760/2713 2752/2787/2740 2751/2783/2736 2720/2757/2710
f 2708/2761/2714 2739/2788/2741 2738/2785/2738 2707/2758/2711
f 2695/2762/2715 2726/2789/2742 2725/2786/2739 2694/2759/2712
f 2722/2763/2716 2753/2790/2743 2752/2787/2740 2721/2760/2713
f 2709/2764/2717 2740/2791/2744 2739/2788/2741 2708/2761/2714
f 2696/2765/2718 2727/2792/2745 2726/2789/2742 2695/2762/2715
f 2723/2766/2719 2754/2793/2746 2753/2790/2743 2722/2763/2716
f 2710/2767/2720 2741/2794/2747 2740/2791/2744 2709/2764/2717
f 2697/2768/2721 2728/2795/2748 2727/2792/2745 2696/2765/2718
f 3127/2309/1968 2754/2793/2746 2723/2766/2719
f 2711/2769/2722 2742/2796/2749 2741/2794/2747 2710/2767/2720
f 2698/2770/2723 2729/2797/2750 2728/2795/2748 2697/2768/2721
f 2712/2771/2724 2743/2798/2751 2742/2796/2749 2711/2769/2722
f 2699/2772/2725 2730/2799/2752 2729/2797/2750 2698/2770/2723
f 2713/2773/2726 2744/2800/2753 2743/2798/2751 2712/2771/2724
f 2700/2774/2727 2731/2801/2754 2730/2799/2752 2699/2772/2725
f 2714/2775/2728 2745/2802/2755 2744/2800/2753 2713/2773/2726
f 2701/2776/2729 2732/2803/2756 2731/2801/2754 2700/2774/2727
f 2715/2777/2730 2746/2804/2757 2745/2802/2755 2714/2775/2728
f 2702/2778/2731 2733/2805/2758 2732/2803/2756 2701/2776/2729
f 2716/2779/2732 2747/2806/2759 2746/2804/2757 2715/2777/2730
f 2703/2750/2703 2734/2807/2760 2733/2805/2758 2702/2778/2731
f 2717/2752/2705 2748/2808/2761 2747/2806/2759 2716/2779/2732
f 2704/2749/2702 2735/2809/2762 2734/2807/2760 2703/2750/2703
f 2718/2751/2704 2749/2810/2763 2748/2808/2761 2717/2752/2705
f 2705/2753/2706 2736/2781/2734 2735/2809/2762 2704/2749/2702
f 2719/2754/2707 2750/2784/2737 2749/2810/2763 2718/2751/2704
f 2744/2800/2753 2775/2811/2764 2774/2812/2765 2743/2798/2751
f 2731/2801/2754 2762/2813/2766 2761/2814/2767 2730/2799/2752
f 2745/2802/2755 2776/2815/2768 2775/2811/2764 2744/2800/2753
f 2732/2803/2756 2763/2816/2769 2762/2813/2766 2731/2801/2754
f 2746/2804/2757 2777/2817/2770 2776/2815/2768 2745/2802/2755
f 2733/2805/2758 2764/2818/2771 2763/2816/2769 2732/2803/2756
f 2747/2806/2759 2778/2819/2772 2777/2817/2770 2746/2804/2757
f 2734/2807/2760 2765/2820/2773 2764/2818/2771 2733/2805/2758
f 2748/2808/2761 2779/2821/2774 2778/2819/2772 2747/2806/2759
f 2735/2809/2762 2766/2822/2775 2765/2820/2773 2734/2807/2760
f 2749/2810/2763 2780/2823/2776 2779/2821/2774 2748/2808/2761
f 2736/2781/2734 2767/2824/2777 2766/2822/2775 2735/2809/2762
f 2750/2784/2737 2781/2825/2778 2780/2823/2776 2749/2810/2763
f 2737/2780/2733 2768/2826/2779 2767/2824/2777 2736/2781/2734
f 2724/2782/2735 2755/2827/2780 3345/1976/1943
f 2751/2783/2736 2782/2828/2781 2781/2825/2778 2750/2784/2737
f 2738/2785/2738 2769/2829/2782 2768/2826/2779 2737/2780/2733
f 2725/2786/2739 2756/2830/2783 2755/2827/2780 2724/2782/2735
f 2752/2787/2740 2783/2831/2784 2782/2828/2781 2751/2783/2736
f 2739/2788/2741 2770/2832/2785 2769/2829/2782 2738/2785/2738
f 2726/2789/2742 2757/2833/2786 2756/2830/2783 2725/2786/2739
f 2753/2790/2743 2784/2834/2787 2783/2831/2784 2752/2787/2740
f 2740/2791/2744 2771/2835/2788 2770/2832/2785 2739/2788/2741
f 2727/2792/2745 2758/2836/2789 2757/2833/2786 2726/2789/2742
f 2754/2793/2746 2785/2837/2790 2784/2834/2787 2753/2790/2743
f 2741/2794/2747 2772/2838/2791 2771/2835/2788 2740/2791/2744
f 2728/2795/2748 2759/2839/2792 2758/2836/2789 2727/2792/2745
f 3127/2309/1968 2785/2837/2790 2754/2793/2746
f 2742/2796/2749 2773/2840/2793 2772/2838/2791 2741/2794/2747
f 2729/2797/2750 2760/2841/2794 2759/2839/2792 2728/2795/2748
f 2743/2798/2751 2774/2812/2765 2773/2840/2793 2742/2796/2749
f 2730/2799/2752 2761/2814/2767 2760/2841/2794 2729/2797/2750
f 2777/2817/2770 2808/2842/2795 2807/2843/2796 2776/2815/2768
f 2764/2818/2771 2795/2844/2797 2794/2845/2798 2763/2816/2769
f 2778/2819/2772 2809/2846/2799 2808/2842/2795 2777/2817/2770
f 2765/2820/2773 2796/2847/2800 2795/2844/2797 2764/2818/2771
f 2779/2821/2774 2810/2848/2801 2809/2846/2799 2778/2819/2772
f 2766/2822/2775 2797/2849/2802 2796/2847/2800 2765/2820/2773
f 2780/2823/2776 2811/2850/2803 2810/2848/2801 2779/2821/2774
f 2767/2824/2777 2798/2851/2804 2797/2849/2802 2766/2822/2775
f 2781/2825/2778 2812/2852/2805 2811/2850/2803 2780/2823/2776
f 2768/2826/2779 2799/2853/2806 2798/2851/2804 2767/2824/2777
f 2755/2827/2780 2786/2854/2807 3345/1976/1943
f 2782/2828/2781 2813/2855/2808 2812/2852/2805 2781/2825/2778
f 2769/2829/2782 2800/2856/2809 2799/2853/2806 2768/2826/2779
f 2756/2830/2783 2787/2857/2810 2786/2854/2807 2755/2827/2780
f 2783/2831/2784 2814/2858/2811 2813/2855/2808 2782/2828/2781
f 2770/2832/2785 2801/2859/2812 2800/2856/2809 2769/2829/2782
f 2757/2833/2786 2788/2860/2813 2787/2857/2810 2756/2830/2783
f 2784/2834/2787 2815/2861/2814 2814/2858/2811 2783/2831/2784
f 2771/2835/2788 2802/2862/2815 2801/2859/2812 2770/2832/2785
f 2758/2836/2789 2789/2863/2816 2788/2860/2813 2757/2833/2786
f 2785/2837/2790 2816/2864/2817 2815/2861/2814 2784/2834/2787
f 2772/2838/2791 2803/2865/2818 2802/2862/2815 2771/2835/2788
f 2759/2839/2792 2790/2866/2819 2789/2863/2816 2758/2836/2789
f 3127/2309/1968 2816/2864/2817 2785/2837/2790
f 2773/2840/2793 2804/2867/2820 2803/2865/2818 2772/2838/2791
f 2760/2841/2794 2791/2868/2821 2790/2866/2819 2759/2839/2792
f 2774/2812/2765 2805/2869/2822 2804/2867/2820 2773/2840/2793
f 2761/2814/2767 2792/2870/2823 2791/2868/2821 2760/2841/2794
f 2775/2811/2764 2806/2871/2824 2805/2869/2822 2774/2812/2765
f 2762/2813/2766 2793/2872/2825 2792/2870/2823 2761/2814/2767
f 2776/2815/2768 2807/2843/2796 2806/2871/2824 2775/2811/2764
f 2763/2816/2769 2794/2845/2798 2793/2872/2825 2762/2813/2766
f 2810/2848/2801 2841/2873/2826 2840/2874/2827 2809/2846/2799
f 2797/2849/2802 2828/2875/2828 2827/2876/2829 2796/2847/2800
f 2811/2850/2803 2842/2877/2830 2841/2873/2826 2810/2848/2801
f 2798/2851/2804 2829/2878/2831 2828/2875/2828 2797/2849/2802
f 2812/2852/2805 2843/2879/2832 2842/2877/2830 2811/2850/2803
f 2799/2853/2806 2830/2880/2833 2829/2878/2831 2798/2851/2804
f 2786/2854/2807 2817/2881/2834 3345/1976/1943
f 2813/2855/2808 2844/2882/2835 2843/2879/2832 2812/2852/2805
f 2800/2856/2809 2831/2883/2836 2830/2880/2833 2799/2853/2806
f 2787/2857/2810 2818/2884/2837 2817/2881/2834 2786/2854/2807
f 2814/2858/2811 2845/2885/2838 2844/2882/2835 2813/2855/2808
f 2801/2859/2812 2832/2886/2839 2831/2883/2836 2800/2856/2809
f 2788/2860/2813 2819/2887/2840 2818/2884/2837 2787/2857/2810
f 2815/2861/2814 2846/2888/2841 2845/2885/2838 2814/2858/2811
f 2802/2862/2815 2833/2889/2842 2832/2886/2839 2801/2859/2812
f 2789/2863/2816 2820/2890/2843 2819/2887/2840 2788/2860/2813
f 2816/2864/2817 2847/2891/2844 2846/2888/2841 2815/2861/2814
f 2803/2865/2818 2834/2892/2845 2833/2889/2842 2802/2862/2815
f 2790/2866/2819 2821/2893/2846 2820/2890/2843 2789/2863/2816
f 3127/2309/1968 2847/2891/2844 2816/2864/2817
f 2804/2867/2820 2835/2894/2847 2834/2892/2845 2803/2865/2818
f 2791/2868/2821 2822/2895/2848 2821/2893/2846 2790/2866/2819
f 2805/2869/2822 2836/2896/2849 2835/2894/2847 2804/2867/2820
f 2792/2870/2823 2823/2897/2850 2822/2895/2848 2791/2868/2821
f 2806/2871/2824 2837/2898/2851 2836/2896/2849 2805/2869/2822
f 2793/2872/2825 2824/2899/2852 2823/2897/2850 2792/2870/2823
f 2807/2843/2796 2838/2900/2853 2837/2898/2851 2806/2871/2824
f 2794/2845/2798 2825/2901/2854 2824/2899/2852 2793/2872/2825
f 2808/2842/2795 2839/2902/2855 2838/2900/2853 2807/2843/2796
f 2795/2844/2797 2826/2903/2856 2825/2901/2854 2794/2845/2798
f 2809/2846/2799 2840/2874/2827 2839/2902/2855 2808/2842/2795
f 2796/2847/2800 2827/2876/2829 2826/2903/2856 2795/2844/2797
f 2843/2879/2832 2874/2904/2857 2873/2905/2858 2842/2877/2830
f 2830/2880/2833 2861/2906/2859 2860/2907/2860 2829/2878/2831
f 2817/2881/2834 2848/2908/2861 3345/1976/1943
f 2844/2882/2835 2875/2909/2862 2874/2904/2857 2843/2879/2832
f 2831/2883/2836 2862/2910/2863 2861/2906/2859 2830/2880/2833
f 2818/2884/2837 2849/2911/2864 2848/2908/2861 2817/2881/2834
f 2845/2885/2838 2876/2912/2865 2875/2909/2862 2844/2882/2835
f 2832/2886/2839 2863/2913/2866 2862/2910/2863 2831/2883/2836
f 2819/2887/2840 2850/2914/2867 2849/2911/2864 2818/2884/2837
f 2846/2888/2841 2877/2915/2868 2876/2912/2865 2845/2885/2838
f 2833/2889/2842 2864/2916/2869 2863/2913/2866 2832/2886/2839
f 2820/2890/2843 2851/2917/2870 2850/2914/2867 2819/2887/2840
f 2847/2891/2844 2878/2918/2871 2877/2915/2868 2846/2888/2841
f 2834/2892/2845 2865/2919/2872 2864/2916/2869 2833/2889/2842
f 2821/2893/2846 2852/2920/2873 2851/2917/2870 2820/2890/2843
f 3127/2309/1968 2878/2918/2871 2847/2891/2844
f 2835/2894/2847 2866/2921/2874 2865/2919/2872 2834/2892/2845
f 2822/2895/2848 2853/2922/2875 2852/2920/2873 2821/2893/2846
f 2836/2896/2849 2867/2923/2876 2866/2921/2874 2835/2894/2847
f 2823/2897/2850 2854/2924/2877 2853/2922/2875 2822/2895/2848
f 2837/2898/2851 2868/2925/2878 2867/2923/2876 2836/2896/2849
f 2824/2899/2852 2855/2926/2879 2854/2924/2877 2823/2897/2850
f 2838/2900/2853 2869/2927/2880 2868/2925/2878 2837/2898/2851
f 2825/2901/2854 2856/2928/2881 2855/2926/2879 2824/2899/2852
f 2839/2902/2855 2870/2929/2882 2869/2927/2880 2838/2900/2853
f 2826/2903/2856 2857/2930/2883 2856/2928/2881 2825/2901/2854
f 2840/2874/2827 2871/2931/2884 2870/2929/2882 2839/2902/2855
f 2827/2876/2829 2858/2932/2885 2857/2930/2883 2826/2903/2856
f 2841/2873/2826 2872/2933/2886 2871/2931/2884 2840/2874/2827
f 2828/2875/2828 2859/2934/2887 2858/2932/2885 2827/2876/2829
f 2842/2877/2830 2873/2905/2858 2872/2933/2886 2841/2873/2826
f 2829/2878/2831 2860/2907/2860 2859/2934/2887 2828/2875/2828
f 2849/2911/2864 2880/2935/2888 2879/2936/2889 2848/2908/2861
f 2876/2912/2865 2907/2937/2890 2906/2938/2891 2875/2909/2862
f 2863/2913/2866 2894/2939/2892 2893/2940/2893 2862/2910/2863
f 2850/2914/2867 2881/2941/2894 2880/2935/2888 2849/2911/2864
f 2877/2915/2868 2908/2942/2895 2907/2937/2890 2876/2912/2865
f 2864/2916/2869 2895/2943/2896 2894/2939/2892 2863/2913/2866
f 2851/2917/2870 2882/2944/2897 2881/2941/2894 2850/2914/2867
f 2878/2918/2871 2909/2945/2898 2908/2942/2895 2877/2915/2868
f 2865/2919/2872 2896/2946/2899 2895/2943/2896 2864/2916/2869
f 2852/2920/2873 2883/2947/2900 2882/2944/2897 2851/2917/2870
f 3127/2309/1968 2909/2945/2898 2878/2918/2871
f 2866/2921/2874 2897/2948/2901 2896/2946/2899 2865/2919/2872
f 2853/2922/2875 2884/2949/2902 2883/2947/2900 2852/2920/2873
f 2867/2923/2876 2898/2950/2903 2897/2948/2901 2866/2921/2874
f 2854/2924/2877 2885/2951/2904 2884/2949/2902 2853/2922/2875
f 2868/2925/2878 2899/2952/2905 2898/2950/2903 2867/2923/2876
f 2855/2926/2879 2886/2953/2906 2885/2951/2904 2854/2924/2877
f 2869/2927/2880 2900/2954/2907 2899/2952/2905 2868/2925/2878
f 2856/2928/2881 2887/2955/2908 2886/2953/2906 2855/2926/2879
f 2870/2929/2882 2901/2956/2909 2900/2954/2907 2869/2927/2880
f 2857/2930/2883 2888/2957/2910 2887/2955/2908 2856/2928/2881
f 2871/2931/2884 2902/2958/2911 2901/2956/2909 2870/2929/2882
f 2858/2932/2885 2889/2959/2912 2888/2957/2910 2857/2930/2883
f 2872/2933/2886 2903/2960/2913 2902/2958/2911 2871/2931/2884
f 2859/2934/2887 2890/2961/2914 2889/2959/2912 2858/2932/2885
f 2873/2905/2858 2904/2962/2915 2903/2960/2913 2872/2933/2886
f 2860/2907/2860 2891/2963/2916 2890/2961/2914 2859/2934/2887
f 2874/2904/2857 2905/2964/2917 2904/2962/2915 2873/2905/2858
f 2861/2906/2859 2892/2965/2918 2891/2963/2916 2860/2907/2860
f 2848/2908/2861 2879/2936/2889 3345/1976/1943
f 2875/2909/2862 2906/2938/2891 2905/2964/2917 2874/2904/2857
f 2862/2910/2863 2893/2940/2893 2892/2965/2918 2861/2906/2859
f 2882/2944/2897 2913/2966/2919 2912/2967/2920 2881/2941/2894
f 2909/2945/2898 2940/2968/2921 2939/2969/2922 2908/2942/2895
f 2896/2946/2899 2927/2970/2923 2926/2971/2924 2895/2943/2896
f 2883/2947/2900 2914/2972/2925 2913/2966/2919 2882/2944/2897
f 3127/2309/1968 2940/2968/2921 2909/2945/2898
f 2897/2948/2901 2928/2973/2926 2927/2970/2923 2896/2946/2899
f 2884/2949/2902 2915/2974/2927 2914/2972/2925 2883/2947/2900
f 2898/2950/2903 2929/2975/2928 2928/2973/2926 2897/2948/2901
f 2885/2951/2904 2916/2976/2929 2915/2974/2927 2884/2949/2902
f 2899/2952/2905 2930/2977/2930 2929/2975/2928 2898/2950/2903
f 2886/2953/2906 2917/2978/2931 2916/2976/2929 2885/2951/2904
f 2900/2954/2907 2931/2979/2932 2930/2977/2930 2899/2952/2905
f 2887/2955/2908 2918/2980/2933 2917/2978/2931 2886/2953/2906
f 2901/2956/2909 2932/2981/2934 2931/2979/2932 2900/2954/2907
f 2888/2957/2910 2919/2982/2935 2918/2980/2933 2887/2955/2908
f 2902/2958/2911 2933/2983/2936 2932/2981/2934 2901/2956/2909
f 2889/2959/2912 2920/2984/2937 2919/2982/2935 2888/2957/2910
f 2903/2960/2913 2934/2985/2938 2933/2983/2936 2902/2958/2911
f 2890/2961/2914 2921/2986/2939 2920/2984/2937 2889/2959/2912
f 2904/2962/2915 2935/2987/2940 2934/2985/2938 2903/2960/2913
f 2891/2963/2916 2922/2988/2941 2921/2986/2939 2890/2961/2914
f 2905/2964/2917 2936/2989/2942 2935/2987/2940 2904/2962/2915
f 2892/2965/2918 2923/2990/2943 2922/2988/2941 2891/2963/2916
f 2879/2936/2889 2910/2991/2944 3345/1976/1943
f 2906/2938/2891 2937/2992/2945 2936/2989/2942 2905/2964/2917
f 2893/2940/2893 2924/2993/2946 2923/2990/2943 2892/2965/2918
f 2880/2935/2888 2911/2994/2947 2910/2991/2944 2879/2936/2889
f 2907/2937/2890 2938/2995/2948 2937/2992/2945 2906/2938/2891
f 2894/2939/2892 2925/2996/2949 2924/2993/2946 2893/2940/2893
f 2881/2941/2894 2912/2967/2920 2911/2994/2947 2880/2935/2888
f 2908/2942/2895 2939/2969/2922 2938/2995/2948 2907/2937/2890
f 2895/2943/2896 2926/2971/2924 2925/2996/2949 2894/2939/2892
f 2915/2974/2927 2946/2997/2950 2945/2998/2951 2914/2972/2925
f 2929/2975/2928 2960/2999/2952 2959/3000/2953 2928/2973/2926
f 2916/2976/2929 2947/3001/2954 2946/2997/2950 2915/2974/2927
f 2930/2977/2930 2961/3002/2955 2960/2999/2952 2929/2975/2928
f 2917/2978/2931 2948/3003/2956 2947/3001/2954 2916/2976/2929
f 2931/2979/2932 2962/3004/2957 2961/3002/2955 2930/2977/2930
f 2918/2980/2933 2949/3005/2958 2948/3003/2956 2917/2978/2931
f 2932/2981/2934 2963/3006/2959 2962/3004/2957 2931/2979/2932
f 2919/2982/2935 2950/3007/2960 2949/3005/2958 2918/2980/2933
f 2933/2983/2936 2964/3008/2961 2963/3006/2959 2932/2981/2934
f 2920/2984/2937 2951/3009/2962 2950/3007/2960 2919/2982/2935
f 2934/2985/2938 2965/3010/2963 2964/3008/2961 2933/2983/2936
f 2921/2986/2939 2952/3011/2964 2951/3009/2962 2920/2984/2937
f 2935/2987/2940 2966/3012/2965 2965/3010/2963 2934/2985/2938
f 2922/2988/2941 2953/3013/2966 2952/3011/2964 2921/2986/2939
f 2936/2989/2942 2967/3014/2967 2966/3012/2965 2935/2987/2940
f 2923/2990/2943 2954/3015/2968 2953/3013/2966 2922/2988/2941
f 2910/2991/2944 2941/3016/2969 3345/1976/1943
f 2937/2992/2945 2968/3017/2970 2967/3014/2967 2936/2989/2942
f 2924/2993/2946 2955/3018/2971 2954/3015/2968 2923/2990/2943
f 2911/2994/2947 2942/3019/2972 2941/3016/2969 2910/2991/2944
f 2938/2995/2948 2969/3020/2973 2968/3017/2970 2937/2992/2945
f 2925/2996/2949 2956/3021/2974 2955/3018/2971 2924/2993/2946
f 2912/2967/2920 2943/3022/2975 2942/3019/2972 2911/2994/2947
f 2939/2969/2922 2970/3023/2976 2969/3020/2973 2938/2995/2948
f 2926/2971/2924 2957/3024/2977 2956/3021/2974 2925/2996/2949
f 2913/2966/2919 2944/3025/2978 2943/3022/2975 2912/2967/2920
f 2940/2968/2921 2971/3026/2979 2970/3023/2976 2939/2969/2922
f 2927/2970/2923 2958/3027/2980 2957/3024/2977 2926/2971/2924
f 2914/2972/2925 2945/2998/2951 2944/3025/2978 2913/2966/2919
f 3127/2309/1968 2971/3026/2979 2940/2968/2921
f 2928/2973/2926 2959/3000/2953 2958/3027/2980 2927/2970/2923
f 2948/3003/2956 2979/3028/2981 2978/3029/2982 2947/3001/2954
f 2962/3004/2957 2993/3030/2983 2992/3031/2984 2961/3002/2955
f 2949/3005/2958 2980/3032/2985 2979/3028/2981 2948/3003/2956
f 2963/3006/2959 2994/3033/2986 2993/3030/2983 2962/3004/2957
f 2950/3007/2960 2981/3034/2987 2980/3032/2985 2949/3005/2958
f 2964/3008/2961 2995/3035/2988 2994/3033/2986 2963/3006/2959
f 2951/3009/2962 2982/3036/2989 2981/3034/2987 2950/3007/2960
f 2965/3010/2963 2996/3037/2990 2995/3035/2988 2964/3008/2961
f 2952/3011/2964 2983/3038/2991 2982/3036/2989 2951/3009/2962
f 2966/3012/2965 2997/3039/2992 2996/3037/2990 2965/3010/2963
f 2953/3013/2966 2984/3040/2993 2983/3038/2991 2952/3011/2964
f 2967/3014/2967 2998/3041/2994 2997/3039/2992 2966/3012/2965
f 2954/3015/2968 2985/3042/2995 2984/3040/2993 2953/3013/2966
f 2941/3016/2969 2972/3043/2996 3345/1976/1943
f 2968/3017/2970 2999/3044/2997 2998/3041/2994 2967/3014/2967
f 2955/3018/2971 2986/3045/2998 2985/3042/2995 2954/3015/2968
f 2942/3019/2972 2973/3046/2999 2972/3043/2996 2941/3016/2969
f 2969/3020/2973 3000/3047/3000 2999/3044/2997 2968/3017/2970
f 2956/3021/2974 2987/3048/3001 2986/3045/2998 2955/3018/2971
f 2943/3022/2975 2974/3049/3002 2973/3046/2999 2942/3019/2972
f 2970/3023/2976 3001/3050/3003 3000/3047/3000 2969/3020/2973
f 2957/3024/2977 2988/3051/3004 2987/3048/3001 2956/3021/2974
f 2944/3025/2978 2975/3052/3005 2974/3049/3002 2943/3022/2975
f 2971/3026/2979 3002/3053/3006 3001/3050/3003 2970/3023/2976
f 2958/3027/2980 2989/3054/3007 2988/3051/3004 2957/3024/2977
f 2945/2998/2951 2976/3055/3008 2975/3052/3005 2944/3025/2978
f 3127/2309/1968 3002/3053/3006 2971/3026/2979
f 2959/3000/2953 2990/3056/3009 2989/3054/3007 2958/3027/2980
f 2946/2997/2950 2977/3057/3010 2976/3055/3008 2945/2998/2951
f 2960/2999/2952 2991/3058/3011 2990/3056/3009 2959/3000/2953
f 2947/3001/2954 2978/3029/2982 2977/3057/3010 2946/2997/2950
f 2961/3002/2955 2992/3031/2984 2991/3058/3011 2960/2999/2952
f 2981/3034/2987 3012/3059/3012 3011/3060/3013 2980/3032/2985
f 2995/3035/2988 3026/3061/3014 3025/3062/3015 2994/3033/2986
f 2982/3036/2989 3013/3063/3016 3012/3059/3012 2981/3034/2987
f 2996/3037/2990 3027/3064/3017 3026/3061/3014 2995/3035/2988
f 2983/3038/2991 3014/3065/3018 3013/3063/3016 2982/3036/2989
f 2997/3039/2992 3028/3066/3019 3027/3064/3017 2996/3037/2990
f 2984/3040/2993 3015/3067/3020 3014/3065/3018 2983/3038/2991
f 2998/3041/2994 3029/3068/3021 3028/3066/3019 2997/3039/2992
f 2985/3042/2995 3016/3069/3022 3015/3067/3020 2984/3040/2993
f 2972/3043/2996 3003/3070/3023 3345/1976/1943
f 2999/3044/2997 3030/3071/3024 3029/3068/3021 2998/3041/2994
f 2986/3045/2998 3017/3072/3025 3016/3069/3022 2985/3042/2995
f 2973/3046/2999 3004/3073/3026 3003/3070/3023 2972/3043/2996
f 3000/3047/3000 3031/3074/3027 3030/3071/3024 2999/3044/2997
f 2987/3048/3001 3018/3075/3028 3017/3072/3025 2986/3045/2998
f 2974/3049/3002 3005/3076/3029 3004/3073/3026 2973/3046/2999
f 3001/3050/3003 3032/3077/3030 3031/3074/3027 3000/3047/3000
f 2988/3051/3004 3019/3078/3031 3018/3075/3028 2987/3048/3001
f 2975/3052/3005 3006/3079/3032 3005/3076/3029 2974/3049/3002
f 3002/3053/3006 3033/3080/3033 3032/3077/3030 3001/3050/3003
f 2989/3054/3007 3020/3081/3034 3019/3078/3031 2988/3051/3004
f 2976/3055/3008 3007/3082/3035 3006/3079/3032 2975/3052/3005
f 3127/2309/1968 3033/3080/3033 3002/3053/3006
f 2990/3056/3009 3021/3083/3036 3020/3081/3034 2989/3054/3007
f 2977/3057/3010 3008/3084/3037 3007/3082/3035 2976/3055/3008
f 2991/3058/3011 3022/3085/3038 3021/3083/3036 2990/3056/3009
f 2978/3029/2982 3009/3086/3039 3008/3084/3037 2977/3057/3010
f 2992/3031/2984 3023/3087/3040 3022/3085/3038 2991/3058/3011
f 2979/3028/2981 3010/3088/3041 3009/3086/3039 2978/3029/2982
f 2993/3030/2983 3024/3089/3042 3023/3087/3040 2992/3031/2984
f 2980/3032/2985 3011/3060/3013 3010/3088/3041 2979/3028/2981
f 2994/3033/2986 3025/3062/3015 3024/3089/3042 2993/3030/2983
f 3014/3065/3018 3045/3090/3043 3044/3091/3044 3013/3063/3016
f 3028/3066/3019 3059/3092/3045 3058/3093/3046 3027/3064/3017
f 3015/3067/3020 3046/3094/3047 3045/3090/3043 3014/3065/3018
f 3029/3068/3021 3060/3095/3048 3059/3092/3045 3028/3066/3019
f 3016/3069/3022 3047/3096/3049 3046/3094/3047 3015/3067/3020
f 3003/3070/3023 3034/3097/3050 3345/1976/1943
f 3030/3071/3024 3061/3098/3051 3060/3095/3048 3029/3068/3021
f 3017/3072/3025 3048/3099/3052 3047/3096/3049 3016/3069/3022
f 3004/3073/3026 3035/3100/3053 3034/3097/3050 3003/3070/3023
f 3031/3074/3027 3062/3101/3054 3061/3098/3051 3030/3071/3024
f 3018/3075/3028 3049/3102/3055 3048/3099/3052 3017/3072/3025
f 3005/3076/3029 3036/3103/3056 3035/3100/3053 3004/3073/3026
f 3032/3077/3030 3063/3104/3057 3062/3101/3054 3031/3074/3027
f 3019/3078/3031 3050/3105/3058 3049/3102/3055 3018/3075/3028
f 3006/3079/3032 3037/3106/3059 3036/3103/3056 3005/3076/3029
f 3033/3080/3033 3064/3107/3060 3063/3104/3057 3032/3077/3030
f 3020/3081/3034 3051/3108/3061 3050/3105/3058 3019/3078/3031
f 3007/3082/3035 3038/3109/3062 3037/3106/3059 3006/3079/3032
f 3127/2309/1968 3064/3107/3060 3033/3080/3033
f 3021/3083/3036 3052/3110/3063 3051/3108/3061 3020/3081/3034
f 3008/3084/3037 3039/3111/3064 3038/3109/3062 3007/3082/3035
f 3022/3085/3038 3053/3112/3065 3052/3110/3063 3021/3083/3036
f 3009/3086/3039 3040/3113/3066 3039/3111/3064 3008/3084/3037
f 3023/3087/3040 3054/3114/3067 3053/3112/3065 3022/3085/3038
f 3010/3088/3041 3041/3115/3068 3040/3113/3066 3009/3086/3039
f 3024/3089/3042 3055/3116/3069 3054/3114/3067 3023/3087/3040
f 3011/3060/3013 3042/3117/3070 3041/3115/3068 3010/3088/3041
f 3025/3062/3015 3056/3118/3071 3055/3116/3069 3024/3089/3042
f 3012/3059/3012 3043/3119/3072 3042/3117/3070 3011/3060/3013
f 3026/3061/3014 3057/3120/3073 3056/3118/3071 3025/3062/3015
f 3013/3063/3016 3044/3091/3044 3043/3119/3072 3012/3059/3012
f 3027/3064/3017 3058/3093/3046 3057/3120/3073 3026/3061/3014
f 3047/3096/3049 3078/3121/3074 3077/3122/3075 3046/3094/3047
f 3034/3097/3050 3065/3123/3076 3345/1976/1943
f 3061/3098/3051 3092/3124/3077 3091/3125/3078 3060/3095/3048
f 3048/3099/3052 3079/3126/3079 3078/3121/3074 3047/3096/3049
f 3035/3100/3053 3066/3127/3080 3065/3123/3076 3034/3097/3050
f 3062/3101/3054 3093/3128/3081 3092/3124/3077 3061/3098/3051
f 3049/3102/3055 3080/3129/3082 3079/3126/3079 3048/3099/3052
f 3036/3103/3056 3067/3130/3083 3066/3127/3080 3035/3100/3053
f 3063/3104/3057 3094/3131/3084 3093/3128/3081 3062/3101/3054
f 3050/3105/3058 3081/3132/3085 3080/3129/3082 3049/3102/3055
f 3037/3106/3059 3068/3133/3086 3067/3130/3083 3036/3103/3056
f 3064/3107/3060 3095/3134/3087 3094/3131/3084 3063/3104/3057
f 3051/3108/3061 3082/3135/3088 3081/3132/3085 3050/3105/3058
f 3038/3109/3062 3069/3136/3089 3068/3133/3086 3037/3106/3059
f 3127/2309/1968 3095/3134/3087 3064/3107/3060
f 3052/3110/3063 3083/3137/3090 3082/3135/3088 3051/3108/3061
f 3039/3111/3064 3070/3138/3091 3069/3136/3089 3038/3109/3062
f 3053/3112/3065 3084/3139/3092 3083/3137/3090 3052/3110/3063
f 3040/3113/3066 3071/3140/3093 3070/3138/3091 3039/3111/3064
f 3054/3114/3067 3085/3141/3094 3084/3139/3092 3053/3112/3065
f 3041/3115/3068 3072/3142/3095 3071/3140/3093 3040/3113/3066
f 3055/3116/3069 3086/3143/3096 3085/3141/3094 3054/3114/3067
f 3042/3117/3070 3073/3144/3097 3072/3142/3095 3041/3115/3068
f 3056/3118/3071 3087/3145/3098 3086/3143/3096 3055/3116/3069
f 3043/3119/3072 3074/3146/3099 3073/3144/3097 3042/3117/3070
f 3057/3120/3073 3088/3147/3100 3087/3145/3098 3056/3118/3071
f 3044/3091/3044 3075/3148/3101 3074/3146/3099 3043/3119/3072
f 3058/3093/3046 3089/3149/3102 3088/3147/3100 3057/3120/3073
f 3045/3090/3043 3076/3150/3103 3075/3148/3101 3044/3091/3044
f 3059/3092/3045 3090/3151/3104 3089/3149/3102 3058/3093/3046
f 3046/3094/3047 3077/3122/3075 3076/3150/3103 3045/3090/3043
f 3060/3095/3048 3091/3125/3078 3090/3151/3104 3059/3092/3045
f 3080/3129/3082 3111/3152/3105 3110/3153/3106 3079/3126/3079
f 3067/3130/3083 3098/3154/3107 3097/3155/3108 3066/3127/3080
f 3094/3131/3084 3125/3156/3109 3124/3157/3110 3093/3128/3081
f 3081/3132/3085 3112/3158/3111 3111/3152/3105 3080/3129/3082
f 3068/3133/3086 3099/3159/3112 3098/3154/3107 3067/3130/3083
f 3095/3134/3087 3126/3160/3113 3125/3156/3109 3094/3131/3084
f 3082/3135/3088 3113/3161/3114 3112/3158/3111 3081/3132/3085
f 3069/3136/3089 3100/3162/3115 3099/3159/3112 3068/3133/3086
f 3127/2309/1968 3126/3160/3113 3095/3134/3087
f 3083/3137/3090 3114/3163/3116 3113/3161/3114 3082/3135/3088
f 3070/3138/3091 3101/3164/3117 3100/3162/3115 3069/3136/3089
f 3084/3139/3092 3115/3165/3118 3114/3163/3116 3083/3137/3090
f 3071/3140/3093 3102/3166/3119 3101/3164/3117 3070/3138/3091
f 3085/3141/3094 3116/3167/3120 3115/3165/3118 3084/3139/3092
f 3072/3142/3095 3103/3168/3121 3102/3166/3119 3071/3140/3093
f 3086/3143/3096 3117/3169/3122 3116/3167/3120 3085/3141/3094
f 3073/3144/3097 3104/3170/3123 3103/3168/3121 3072/3142/3095
f 3087/3145/3098 3118/3171/3124 3117/3169/3122 3086/3143/3096
f 3074/3146/3099 3105/3172/3125 3104/3170/3123 3073/3144/3097
f 3088/3147/3100 3119/3173/3126 3118/3171/3124 3087/3145/3098
f 3075/3148/3101 3106/3174/3127 3105/3172/3125 3074/3146/3099
f 3089/3149/3102 3120/3175/3128 3119/3173/3126 3088/3147/3100
f 3076/3150/3103 3107/3176/3129 3106/3174/3127 3075/3148/3101
f 3090/3151/3104 3121/3177/3130 3120/3175/3128 3089/3149/3102
f 3077/3122/3075 3108/3178/3131 3107/3176/3129 3076/3150/3103
f 3091/3125/3078 3122/3179/3132 3121/3177/3130 3090/3151/3104
f 3078/3121/3074 3109/3180/3133 3108/3178/3131 3077/3122/3075
f 3065/3123/3076 3096/3181/3134 3345/1976/1943
f 3092/3124/3077 3123/3182/3135 3122/3179/3132 3091/3125/3078
f 3079/3126/3079 3110/3153/3106 3109/3180/3133 3078/3121/3074
f 3066/3127/3080 3097/3155/3108 3096/3181/3134 3065/3123/3076
f 3093/3128/3081 3124/3157/3110 3123/3182/3135 3092/3124/3077
f 3113/3161/3114 3145/3183/3136 3144/3184/3137 3112/3158/3111
f 3100/3162/3115 3132/3185/3138 3131/3186/3139 3099/3159/3112
f 3127/2309/1968 3158/3187/3140 3126/3160/3113
f 3114/3163/3116 3146/3188/3141 3145/3183/3136 3113/3161/3114
f 3101/3164/3117 3133/3189/3142 3132/3185/3138 3100/3162/3115
f 3115/3165/3118 3147/3190/3143 3146/3188/3141 3114/3163/3116
f 3102/3166/3119 3134/3191/3144 3133/3189/3142 3101/3164/3117
f 3116/3167/3120 3148/3192/3145 3147/3190/3143 3115/3165/3118
f 3103/3168/3121 3135/3193/3146 3134/3191/3144 3102/3166/3119
f 3117/3169/3122 3149/3194/3147 3148/3192/3145 3116/3167/3120
f 3104/3170/3123 3136/3195/3148 3135/3193/3146 3103/3168/3121
f 3118/3171/3124 3150/3196/3149 3149/3194/3147 3117/3169/3122
f 3105/3172/3125 3137/3197/3150 3136/3195/3148 3104/3170/3123
f 3119/3173/3126 3151/3198/3151 3150/3196/3149 3118/3171/3124
f 3106/3174/3127 3138/3199/3152 3137/3197/3150 3105/3172/3125
f 3120/3175/3128 3152/3200/3153 3151/3198/3151 3119/3173/3126
f 3107/3176/3129 3139/3201/3154 3138/3199/3152 3106/3174/3127
f 3121/3177/3130 3153/3202/3155 3152/3200/3153 3120/3175/3128
f 3108/3178/3131 3140/3203/3156 3139/3201/3154 3107/3176/3129
f 3122/3179/3132 3154/3204/3157 3153/3202/3155 3121/3177/3130
f 3109/3180/3133 3141/3205/3158 3140/3203/3156 3108/3178/3131
f 3096/3181/3134 3128/3206/3159 3345/1976/1943
f 3123/3182/3135 3155/3207/3160 3154/3204/3157 3122/3179/3132
f 3110/3153/3106 3142/3208/3161 3141/3205/3158 3109/3180/3133
f 3097/3155/3108 3129/3209/3162 3128/3206/3159 3096/3181/3134
f 3124/3157/3110 3156/3210/3163 3155/3207/3160 3123/3182/3135
f 3111/3152/3105 3143/3211/3164 3142/3208/3161 3110/3153/3106
f 3098/3154/3107 3130/3212/3165 3129/3209/3162 3097/3155/3108
f 3125/3156/3109 3157/3213/3166 3156/3210/3163 3124/3157/3110
f 3112/3158/3111 3144/3184/3137 3143/3211/3164 3111/3152/3105
f 3099/3159/3112 3131/3186/3139 3130/3212/3165 3098/3154/3107
f 3126/3160/3113 3158/3187/3140 3157/3213/3166 3125/3156/3109
f 3147/3214/3143 3178/3215/3167 3177/3216/3168 3146/3217/3141
f 3134/3191/3144 3165/3218/3169 3164/3219/3170 3133/3189/3142
f 3148/3220/3145 3179/3221/3171 3178/3215/3167 3147/3214/3143
f 3135/3193/3146 3166/3222/3172 3165/3218/3169 3134/3191/3144
f 3149/3223/3147 3180/3224/3173 3179/3221/3171 3148/3220/3145
f 3136/3195/3148 3167/3225/3174 3166/3222/3172 3135/3193/3146
f 3150/3226/3149 3181/3227/3175 3180/3224/3173 3149/3223/3147
f 3137/3197/3150 3168/3228/3176 3167/3225/3174 3136/3195/3148
f 3151/3229/3151 3182/3230/3177 3181/3227/3175 3150/3226/3149
f 3138/3199/3152 3169/3231/3178 3168/3228/3176 3137/3197/3150
f 3152/3232/3153 3183/3233/3179 3182/3230/3177 3151/3229/3151
f 3139/3201/3154 3170/3234/3180 3169/3231/3178 3138/3199/3152
f 3153/3235/3155 3184/3236/3181 3183/3233/3179 3152/3232/3153
f 3140/3237/3156 3171/3238/3182 3170/3234/3180 3139/3201/3154
f 3154/3239/3157 3185/3240/3183 3184/3236/3181 3153/3235/3155
f 3141/3241/3158 3172/3242/3184 3171/3238/3182 3140/3237/3156
f 3128/3206/3159 3159/3243/3185 3345/1976/1943
f 3155/3244/3160 3186/3245/3186 3185/3240/3183 3154/3239/3157
f 3142/3246/3161 3173/3247/3187 3172/3242/3184 3141/3241/3158
f 3129/3209/3162 3160/3248/3188 3159/3243/3185 3128/3206/3159
f 3156/3249/3163 3187/3250/3189 3186/3245/3186 3155/3244/3160
f 3143/3251/3164 3174/3252/3190 3173/3247/3187 3142/3246/3161
f 3130/3212/3165 3161/3253/3191 3160/3248/3188 3129/3209/3162
f 3157/3254/3166 3188/3255/3192 3187/3250/3189 3156/3249/3163
f 3144/3256/3137 3175/3257/3193 3174/3252/3190 3143/3251/3164
f 3131/3186/3139 3162/3258/3194 3161/3253/3191 3130/3212/3165
f 3158/3259/3140 3189/3260/3195 3188/3255/3192 3157/3254/3166
f 3145/3261/3136 3176/3262/3196 3175/3257/3193 3144/3256/3137
f 3132/3185/3138 3163/3263/3197 3162/3258/3194 3131/3186/3139
f 3127/2001/1968 3189/3260/3195 3158/3259/3140
f 3146/3217/3141 3177/3216/3168 3176/3262/3196 3145/3261/3136
f 3133/3189/3142 3164/3219/3170 3163/3263/3197 3132/3185/3138
f 3180/3224/3173 3211/3264/3198 3210/3265/3199 3179/3221/3171
f 3167/3225/3174 3198/3266/3200 3197/3267/3201 3166/3222/3172
f 3181/3227/3175 3212/3268/3202 3211/3264/3198 3180/3224/3173
f 3168/3228/3176 3199/3269/3203 3198/3266/3200 3167/3225/3174
f 3182/3230/3177 3213/3270/3204 3212/3268/3202 3181/3227/3175
f 3169/3231/3178 3200/3271/3205 3199/3269/3203 3168/3228/3176
f 3183/3233/3179 3214/3272/3206 3213/3270/3204 3182/3230/3177
f 3170/3234/3180 3201/3273/3207 3200/3271/3205 3169/3231/3178
f 3184/3236/3181 3215/3274/3208 3214/3272/3206 3183/3233/3179
f 3171/3238/3182 3202/3275/3209 3201/3273/3207 3170/3234/3180
f 3185/3240/3183 3216/3276/3210 3215/3274/3208 3184/3236/3181
f 3172/3242/3184 3203/3277/3211 3202/3275/3209 3171/3238/3182
f 3159/3243/3185 3190/3278/3212 3345/1976/1943
f 3186/3245/3186 3217/3279/3213 3216/3276/3210 3185/3240/3183
f 3173/3247/3187 3204/3280/3214 3203/3277/3211 3172/3242/3184
f 3160/3248/3188 3191/3281/3215 3190/3278/3212 3159/3243/3185
f 3187/3250/3189 3218/3282/3216 3217/3279/3213 3186/3245/3186
f 3174/3252/3190 3205/3283/3217 3204/3280/3214 3173/3247/3187
f 3161/3253/3191 3192/3284/3218 3191/3281/3215 3160/3248/3188
f 3188/3255/3192 3219/3285/3219 3218/3282/3216 3187/3250/3189
f 3175/3257/3193 3206/3286/3220 3205/3283/3217 3174/3252/3190
f 3162/3258/3194 3193/3287/3221 3192/3284/3218 3161/3253/3191
f 3189/3260/3195 3220/3288/3222 3219/3285/3219 3188/3255/3192
f 3176/3262/3196 3207/3289/3223 3206/3286/3220 3175/3257/3193
f 3163/3263/3197 3194/3290/3224 3193/3287/3221 3162/3258/3194
f 3127/2001/1968 3220/3288/3222 3189/3260/3195
f 3177/3216/3168 3208/3291/3225 3207/3289/3223 3176/3262/3196
f 3164/3219/3170 3195/3292/3226 3194/3290/3224 3163/3263/3197
f 3178/3215/3167 3209/3293/3227 3208/3291/3225 3177/3216/3168
f 3165/3218/3169 3196/3294/3228 3195/3292/3226 3164/3219/3170
f 3179/3221/3171 3210/3265/3199 3209/3293/3227 3178/3215/3167
f 3166/3222/3172 3197/3267/3201 3196/3294/3228 3165/3218/3169
f 3213/3270/3204 3244/3295/3229 3243/3296/3230 3212/3268/3202
f 3200/3271/3205 3231/3297/3231 3230/3298/3232 3199/3269/3203
f 3214/3272/3206 3245/3299/3233 3244/3295/3229 3213/3270/3204
f 3201/3273/3207 3232/3300/3234 3231/3297/3231 3200/3271/3205
f 3215/3274/3208 3246/3301/3235 3245/3299/3233 3214/3272/3206
f 3202/3275/3209 3233/3302/3236 3232/3300/3234 3201/3273/3207
f 3216/3276/3210 3247/3303/3237 3246/3301/3235 3215/3274/3208
f 3203/3277/3211 3234/3304/3238 3233/3302/3236 3202/3275/3209
f 3190/3278/3212 3221/3305/3239 3345/1976/1943
f 3217/3279/3213 3248/3306/3240 3247/3303/3237 3216/3276/3210
f 3204/3280/3214 3235/3307/3241 3234/3304/3238 3203/3277/3211
f 3191/3281/3215 3222/3308/3242 3221/3305/3239 3190/3278/3212
f 3218/3282/3216 3249/3309/3243 3248/3306/3240 3217/3279/3213
f 3205/3283/3217 3236/3310/3244 3235/3307/3241 3204/3280/3214
f 3192/3284/3218 3223/3311/3245 3222/3308/3242 3191/3281/3215
f 3219/3285/3219 3250/3312/3246 3249/3309/3243 3218/3282/3216
f 3206/3286/3220 3237/3313/3247 3236/3310/3244 3205/3283/3217
f 3193/3287/3221 3224/3314/3248 3223/3311/3245 3192/3284/3218
f 3220/3288/3222 3251/3315/3249 3250/3312/3246 3219/3285/3219
f 3207/3289/3223 3238/3316/3250 3237/3313/3247 3206/3286/3220
f 3194/3290/3224 3225/3317/3251 3224/3314/3248 3193/3287/3221
f 3127/2001/1968 3251/3315/3249 3220/3288/3222
f 3208/3291/3225 3239/3318/3252 3238/3316/3250 3207/3289/3223
f 3195/3292/3226 3226/3319/3253 3225/3317/3251 3194/3290/3224
f 3209/3293/3227 3240/3320/3254 3239/3318/3252 3208/3291/3225
f 3196/3294/3228 3227/3321/3255 3226/3319/3253 3195/3292/3226
f 3210/3265/3199 3241/3322/3256 3240/3320/3254 3209/3293/3227
f 3197/3267/3201 3228/3323/3257 3227/3321/3255 3196/3294/3228
f 3211/3264/3198 3242/3324/3258 3241/3322/3256 3210/3265/3199
f 3198/3266/3200 3229/3325/3259 3228/3323/3257 3197/3267/3201
f 3212/3268/3202 3243/3296/3230 3242/3324/3258 3211/3264/3198
f 3199/3269/3203 3230/3298/3232 3229/3325/3259 3198/3266/3200
f 3246/3301/3235 3277/3326/3260 3276/3327/3261 3245/3299/3233
f 3233/3302/3236 3264/3328/3262 3263/3329/3263 3232/3300/3234
f 3247/3303/3237 3278/3330/3264 3277/3326/3260 3246/3301/3235
f 3234/3304/3238 3265/3331/3265 3264/3328/3262 3233/3302/3236
f 3221/3305/3239 3252/3332/3266 3345/1976/1943
f 3248/3306/3240 3279/3333/3267 3278/3330/3264 3247/3303/3237
f 3235/3307/3241 3266/3334/3268 3265/3331/3265 3234/3304/3238
f 3222/3308/3242 3253/3335/3269 3252/3332/3266 3221/3305/3239
f 3249/3309/3243 3280/3336/3270 3279/3333/3267 3248/3306/3240
f 3236/3310/3244 3267/3337/3271 3266/3334/3268 3235/3307/3241
f 3223/3311/3245 3254/3338/3272 3253/3335/3269 3222/3308/3242
f 3250/3312/3246 3281/3339/3273 3280/3336/3270 3249/3309/3243
f 3237/3313/3247 3268/3340/3274 3267/3337/3271 3236/3310/3244
f 3224/3314/3248 3255/3341/3275 3254/3338/3272 3223/3311/3245
f 3251/3315/3249 3282/3342/3276 3281/3339/3273 3250/3312/3246
f 3238/3316/3250 3269/3343/3277 3268/3340/3274 3237/3313/3247
f 3225/3317/3251 3256/3344/3278 3255/3341/3275 3224/3314/3248
f 3127/2001/1968 3282/3342/3276 3251/3315/3249
f 3239/3318/3252 3270/3345/3279 3269/3343/3277 3238/3316/3250
f 3226/3319/3253 3257/3346/3280 3256/3344/3278 3225/3317/3251
f 3240/3320/3254 3271/3347/3281 3270/3345/3279 3239/3318/3252
f 3227/3321/3255 3258/3348/3282 3257/3346/3280 3226/3319/3253
f 3241/3322/3256 3272/3349/3283 3271/3347/3281 3240/3320/3254
f 3228/3323/3257 3259/3350/3284 3258/3348/3282 3227/3321/3255
f 3242/3324/3258 3273/3351/3285 3272/3349/3283 3241/3322/3256
f 3229/3325/3259 3260/3352/3286 3259/3350/3284 3228/3323/3257
f 3243/3296/3230 3274/3353/3287 3273/3351/3285 3242/3324/3258
f 3230/3298/3232 3261/3354/3288 3260/3352/3286 3229/3325/3259
f 3244/3295/3229 3275/3355/3289 3274/3353/3287 3243/3296/3230
f 3231/3297/3231 3262/3356/3290 3261/3354/3288 3230/3298/3232
f 3245/3299/3233 3276/3327/3261 3275/3355/3289 3244/3295/3229
f 3232/3300/3234 3263/3329/3263 3262/3356/3290 3231/3297/3231
f 3252/3332/3266 3283/3357/3291 3345/1976/1943
f 3279/3333/3267 3310/3358/3292 3309/3359/3293 3278/3330/3264
f 3266/3334/3268 3297/3360/3294 3296/3361/3295 3265/3331/3265
f 3253/3335/3269 3284/3362/3296 3283/3357/3291 3252/3332/3266
f 3280/3336/3270 3311/3363/3297 3310/3358/3292 3279/3333/3267
f 3267/3337/3271 3298/3364/3298 3297/3360/3294 3266/3334/3268
f 3254/3338/3272 3285/3365/3299 3284/3362/3296 3253/3335/3269
f 3281/3339/3273 3312/3366/3300 3311/3363/3297 3280/3336/3270
f 3268/3340/3274 3299/3367/3301 3298/3364/3298 3267/3337/3271
f 3255/3341/3275 3286/3368/3302 3285/3365/3299 3254/3338/3272
f 3282/3342/3276 3313/3369/3303 3312/3366/3300 3281/3339/3273
f 3269/3343/3277 3300/3370/3304 3299/3367/3301 3268/3340/3274
f 3256/3344/3278 3287/3371/3305 3286/3368/3302 3255/3341/3275
f 3127/2001/1968 3313/3369/3303 3282/3342/3276
f 3270/3345/3279 3301/3372/3306 3300/3370/3304 3269/3343/3277
f 3257/3346/3280 3288/3373/3307 3287/3371/3305 3256/3344/3278
f 3271/3347/3281 3302/3374/3308 3301/3372/3306 3270/3345/3279
f 3258/3348/3282 3289/3375/3309 3288/3373/3307 3257/3346/3280
f 3272/3349/3283 3303/3376/3310 3302/3374/3308 3271/3347/3281
f 3259/3350/3284 3290/3377/3311 3289/3375/3309 3258/3348/3282
f 3273/3351/3285 3304/3378/3312 3303/3376/3310 3272/3349/3283
f 3260/3352/3286 3291/3379/3313 3290/3377/3311 3259/3350/3284
f 3274/3353/3287 3305/3380/3314 3304/3378/3312 3273/3351/3285
f 3261/3354/3288 3292/3381/3315 3291/3379/3313 3260/3352/3286
f 3275/3355/3289 3306/3382/3316 3305/3380/3314 3274/3353/3287
f 3262/3356/3290 3293/3383/3317 3292/3381/3315 3261/3354/3288
f 3276/3327/3261 3307/3384/3318 3306/3382/3316 3275/3355/3289
f 3263/3329/3263 3294/3385/3319 3293/3383/3317 3262/3356/3290
f 3277/3326/3260 3308/3386/3320 3307/3384/3318 3276/3327/3261
f 3264/3328/3262 3295/3387/3321 3294/3385/3319 3263/3329/3263
f 3278/3330/3264 3309/3359/3293 3308/3386/3320 3277/3326/3260
f 3265/3331/3265 3296/3361/3295 3295/3387/3321 3264/3328/3262
f 3285/3365/3299 3316/3388/3322 3315/3389/3323 3284/3362/3296
f 3312/3366/3300 3343/3390/3324 3342/3391/3325 3311/3363/3297
f 3299/3367/3301 3330/3392/3326 3329/3393/3327 3298/3364/3298
f 3286/3368/3302 3317/3394/3328 3316/3388/3322 3285/3365/3299
f 3313/3369/3303 3344/3395/3329 3343/3390/3324 3312/3366/3300
f 3300/3370/3304 3331/3396/3330 3330/3392/3326 3299/3367/3301
f 3287/3371/3305 3318/3397/3331 3317/3394/3328 3286/3368/3302
f 3127/2001/1968 3344/3395/3329 3313/3369/3303
f 3301/3372/3306 3332/3398/3332 3331/3396/3330 3300/3370/3304
f 3288/3373/3307 3319/3399/3333 3318/3397/3331 3287/3371/3305
f 3302/3374/3308 3333/3400/3334 3332/3398/3332 3301/3372/3306
f 3289/3375/3309 3320/3401/3335 3319/3399/3333 3288/3373/3307
f 3303/3376/3310 3334/3402/3336 3333/3400/3334 3302/3374/3308
f 3290/3377/3311 3321/3403/3337 3320/3401/3335 3289/3375/3309
f 3304/3378/3312 3335/3404/3338 3334/3402/3336 3303/3376/3310
f 3291/3379/3313 3322/3405/3339 3321/3403/3337 3290/3377/3311
f 3305/3380/3314 3336/3406/3340 3335/3404/3338 3304/3378/3312
f 3292/3381/3315 3323/3407/3341 3322/3405/3339 3291/3379/3313
f 3306/3382/3316 3337/3408/3342 3336/3406/3340 3305/3380/3314
f 3293/3383/3317 3324/3409/3343 3323/3407/3341 3292/3381/3315
f 3307/3384/3318 3338/3410/3344 3337/3408/3342 3306/3382/3316
f 3294/3385/3319 3325/3411/3345 3324/3409/3343 3293/3383/3317
f 3308/3386/3320 3339/3412/3346 3338/3410/3344 3307/3384/3318
f 3295/3387/3321 3326/3413/3347 3325/3411/3345 3294/3385/3319
f 3309/3359/3293 3340/3414/3348 3339/3412/3346 3308/3386/3320
f 3296/3361/3295 3327/3415/3349 3326/3413/3347 3295/3387/3321
f 3283/3357/3291 3314/3416/3350 3345/1976/1943
f 3310/3358/3292 3341/3417/3351 3340/3414/3348 3309/3359/3293
f 3297/3360/3294 3328/3418/3352 3327/3415/3349 3296/3361/3295
f 3284/3362/3296 3315/3389/3323 3314/3416/3350 3283/3357/3291
f 3311/3363/3297 3342/3391/3325 3341/3417/3351 3310/3358/3292
f 3298/3364/3298 3329/3393/3327 3328/3418/3352 3297/3360/3294
f 3318/3397/3331 3350/3419/3353 3349/3420/3354 3317/3394/3328
f 3127/2001/1968 3376/3421/3355 3344/3395/3329
f 3332/3398/3332 3364/3422/3356 3363/3423/3357 3331/3396/3330
f 3319/3399/3333 3351/3424/3358 3350/3419/3353 3318/3397/3331
f 3333/3400/3334 3365/3425/3359 3364/3422/3356 3332/3398/3332
f 3320/3401/3335 3352/3426/3360 3351/3424/3358 3319/3399/3333
f 3334/3402/3336 3366/3427/3361 3365/3425/3359 3333/3400/3334
f 3321/3403/3337 3353/3428/3362 3352/3426/3360 3320/3401/3335
f 3335/3404/3338 3367/3429/3363 3366/3427/3361 3334/3402/3336
f 3322/3405/3339 3354/3430/3364 3353/3428/3362 3321/3403/3337
f 3336/3406/3340 3368/3431/3365 3367/3429/3363 3335/3404/3338
f 3323/3407/3341 3355/3432/3366 3354/3430/3364 3322/3405/3339
f 3337/3408/3342 3369/3433/3367 3368/3431/3365 3336/3406/3340
f 3324/3409/3343 3356/3434/3368 3355/3432/3366 3323/3407/3341
f 3338/3410/3344 3370/3435/3369 3369/3433/3367 3337/3408/3342
f 3325/3411/3345 3357/3436/3370 3356/3434/3368 3324/3409/3343
f 3339/3412/3346 3371/3437/3371 3370/3435/3369 3338/3410/3344
f 3326/3413/3347 3358/3438/3372 3357/3436/3370 3325/3411/3345
f 3340/3414/3348 3372/3439/3373 3371/3437/3371 3339/3412/3346
f 3327/3415/3349 3359/3440/3374 3358/3438/3372 3326/3413/3347
f 3314/3416/3350 3346/3441/3375 3345/1976/1943
f 3341/3417/3351 3373/3442/3376 3372/3439/3373 3340/3414/3348
f 3328/3418/3352 3360/3443/3377 3359/3440/3374 3327/3415/3349
f 3315/3389/3323 3347/3444/3378 3346/3441/3375 3314/3416/3350
f 3342/3391/3325 3374/3445/3379 3373/3442/3376 3341/3417/3351
f 3329/3393/3327 3361/3446/3380 3360/3443/3377 3328/3418/3352
f 3316/3388/3322 3348/3447/3381 3347/3444/3378 3315/3389/3323
f 3343/3390/3324 3375/3448/3382 3374/3445/3379 3342/3391/3325
f 3330/3392/3326 3362/3449/3383 3361/3446/3380 3329/3393/3327
f 3317/3394/3328 3349/3420/3354 3348/3447/3381 3316/3388/3322
f 3344/3395/3329 3376/3421/3355 3375/3448/3382 3343/3390/3324
f 3331/3396/3330 3363/3423/3357 3362/3449/3383 3330/3392/3326
f 3352/3426/3360 3383/3450/3384 3382/3451/3385 3351/3424/3358
f 3366/3427/3361 3397/3452/3386 3396/3453/3387 3365/3425/3359
f 3353/3428/3362 3384/3454/3388 3383/3450/3384 3352/3426/3360
f 3367/3429/3363 3398/3455/3389 3397/3452/3386 3366/3427/3361
f 3354/3430/3364 3385/3456/3390 3384/3454/3388 3353/3428/3362
f 3368/3431/3365 3399/3457/3391 3398/3455/3389 3367/3429/3363
f 3355/3432/3366 3386/3458/3392 3385/3456/3390 3354/3430/3364
f 3369/3433/3367 3400/3459/3393 3399/3457/3391 3368/3431/3365
f 3356/3434/3368 3387/3460/3394 3386/3458/3392 3355/3432/3366
f 3370/3435/3369 3401/3461/3395 3400/3459/3393 3369/3433/3367
f 3357/3436/3370 3388/3462/3396 3387/3460/3394 3356/3434/3368
f 3371/3437/3371 3402/3463/3397 3401/3461/3395 3370/3435/3369
f 3358/3438/3372 3389/3464/3398 3388/3462/3396 3357/3436/3370
f 3372/3439/3373 3403/3465/3399 3402/3463/3397 3371/3437/3371
f 3359/3440/3374 3390/3466/3400 3389/3464/3398 3358/3438/3372
f 3346/3441/3375 3377/3467/3401 3345/1976/1943
f 3373/3442/3376 3404/3468/3402 3403/3465/3399 3372/3439/3373
f 3360/3443/3377 3391/3469/3403 3390/3466/3400 3359/3440/3374
f 3347/3444/3378 3378/3470/3404 3377/3467/3401 3346/3441/3375
f 3374/3445/3379 3405/3471/3405 3404/3468/3402 3373/3442/3376
f 3361/3446/3380 3392/3472/3406 3391/3469/3403 3360/3443/3377
f 3348/3447/3381 3379/3473/3407 3378/3470/3404 3347/3444/3378
f 3375/3448/3382 3406/3474/3408 3405/3471/3405 3374/3445/3379
f 3362/3449/3383 3393/3475/3409 3392/3472/3406 3361/3446/3380
f 3349/3420/3354 3380/3476/3410 3379/3473/3407 3348/3447/3381
f 3376/3421/3355 3407/3477/3411 3406/3474/3408 3375/3448/3382
f 3363/3423/3357 3394/3478/3412 3393/3475/3409 3362/3449/3383
f 3350/3419/3353 3381/3479/3413 3380/3476/3410 3349/3420/3354
f 3127/2001/1968 3407/3477/3411 3376/3421/3355
f 3364/3422/3356 3395/3480/3414 3394/3478/3412 3363/3423/3357
f 3351/3424/3358 3382/3451/3385 3381/3479/3413 3350/3419/3353
f 3365/3425/3359 3396/3453/3387 3395/3480/3414 3364/3422/3356
f 3385/3456/3390 3416/3481/3415 3415/3482/3416 3384/3454/3388
f 3399/3457/3391 3430/3483/3417 3429/3484/3418 3398/3455/3389
f 3386/3458/3392 3417/3485/3419 3416/3481/3415 3385/3456/3390
f 3400/3459/3393 3431/3486/3420 3430/3483/3417 3399/3457/3391
f 3387/3460/3394 3418/3487/3421 3417/3485/3419 3386/3458/3392
f 3401/3461/3395 3432/3488/3422 3431/3486/3420 3400/3459/3393
f 3388/3462/3396 3419/3489/3423 3418/3487/3421 3387/3460/3394
f 3402/3463/3397 3433/3490/3424 3432/3488/3422 3401/3461/3395
f 3389/3464/3398 3420/3491/3425 3419/3489/3423 3388/3462/3396
f 3403/3465/3399 3434/3492/3426 3433/3490/3424 3402/3463/3397
f 3390/3466/3400 3421/3493/3427 3420/3491/3425 3389/3464/3398
f 3377/3467/3401 3408/3494/3428 3345/1976/1943
f 3404/3468/3402 3435/3495/3429 3434/3492/3426 3403/3465/3399
f 3391/3469/3403 3422/3496/3430 3421/3493/3427 3390/3466/3400
f 3378/3470/3404 3409/3497/3431 3408/3494/3428 3377/3467/3401
f 3405/3471/3405 3436/3498/3432 3435/3495/3429 3404/3468/3402
f 3392/3472/3406 3423/3499/3433 3422/3496/3430 3391/3469/3403
f 3379/3473/3407 3410/3500/3434 3409/3497/3431 3378/3470/3404
f 3406/3474/3408 3437/3501/3435 3436/3498/3432 3405/3471/3405
f 3393/3475/3409 3424/3502/3436 3423/3499/3433 3392/3472/3406
f 3380/3476/3410 3411/3503/3437 3410/3500/3434 3379/3473/3407
f 3407/3477/3411 3438/3504/3438 3437/3501/3435 3406/3474/3408
f 3394/3478/3412 3425/3505/3439 3424/3502/3436 3393/3475/3409
f 3381/3479/3413 3412/3506/3440 3411/3503/3437 3380/3476/3410
f 3127/2001/1968 3438/3504/3438 3407/3477/3411
f 3395/3480/3414 3426/3507/3441 3425/3505/3439 3394/3478/3412
f 3382/3451/3385 3413/3508/3442 3412/3506/3440 3381/3479/3413
f 3396/3453/3387 3427/3509/3443 3426/3507/3441 3395/3480/3414
f 3383/3450/3384 3414/3510/3444 3413/3508/3442 3382/3451/3385
f 3397/3452/3386 3428/3511/3445 3427/3509/3443 3396/3453/3387
f 3384/3454/3388 3415/3482/3416 3414/3510/3444 3383/3450/3384
f 3398/3455/3389 3429/3484/3418 3428/3511/3445 3397/3452/3386
f 3418/3487/3421 3449/3512/3446 3448/3513/3447 3417/3485/3419
f 3432/3488/3422 3463/3514/3448 3462/3515/3449 3431/3486/3420
f 3419/3489/3423 3450/3516/3450 3449/3512/3446 3418/3487/3421
f 3433/3490/3424 3464/3517/3451 3463/3514/3448 3432/3488/3422
f 3420/3491/3425 3451/3518/3452 3450/3516/3450 3419/3489/3423
f 3434/3492/3426 3465/3519/3453 3464/3517/3451 3433/3490/3424
f 3421/3493/3427 3452/3520/3454 3451/3518/3452 3420/3491/3425
f 3408/3494/3428 3439/3521/3455 3345/1976/1943
f 3435/3495/3429 3466/3522/3456 3465/3519/3453 3434/3492/3426
f 3422/3496/3430 3453/3523/3457 3452/3520/3454 3421/3493/3427
f 3409/3497/3431 3440/3524/3458 3439/3521/3455 3408/3494/3428
f 3436/3498/3432 3467/3525/3459 3466/3522/3456 3435/3495/3429
f 3423/3499/3433 3454/3526/3460 3453/3523/3457 3422/3496/3430
f 3410/3500/3434 3441/3527/3461 3440/3524/3458 3409/3497/3431
f 3437/3501/3435 3468/3528/3462 3467/3525/3459 3436/3498/3432
f 3424/3502/3436 3455/3529/3463 3454/3526/3460 3423/3499/3433
f 3411/3503/3437 3442/3530/3464 3441/3527/3461 3410/3500/3434
f 3438/3504/3438 3469/3531/3465 3468/3528/3462 3437/3501/3435
f 3425/3505/3439 3456/3532/3466 3455/3529/3463 3424/3502/3436
f 3412/3506/3440 3443/3533/3467 3442/3530/3464 3411/3503/3437
f 3127/2001/1968 3469/3531/3465 3438/3504/3438
f 3426/3507/3441 3457/3534/3468 3456/3532/3466 3425/3505/3439
f 3413/3508/3442 3444/3535/3469 3443/3533/3467 3412/3506/3440
f 3427/3509/3443 3458/3536/3470 3457/3534/3468 3426/3507/3441
f 3414/3510/3444 3445/3537/3471 3444/3535/3469 3413/3508/3442
f 3428/3511/3445 3459/3538/3472 3458/3536/3470 3427/3509/3443
f 3415/3482/3416 3446/3539/3473 3445/3537/3471 3414/3510/3444
f 3429/3484/3418 3460/3540/3474 3459/3538/3472 3428/3511/3445
f 3416/3481/3415 3447/3541/3475 3446/3539/3473 3415/3482/3416
f 3430/3483/3417 3461/3542/3476 3460/3540/3474 3429/3484/3418
f 3417/3485/3419 3448/3513/3447 3447/3541/3475 3416/3481/3415
f 3431/3486/3420 3462/3515/3449 3461/3542/3476 3430/3483/3417
f 3451/3518/3452 3482/3543/3477 3481/3544/3478 3450/3516/3450
f 3465/3519/3453 3496/3545/3479 3495/3546/3480 3464/3517/3451
f 3452/3520/3454 3483/3547/3481 3482/3543/3477 3451/3518/3452
f 3439/3521/3455 3470/3548/3482 3345/1976/1943
f 3466/3522/3456 3497/3549/3483 3496/3545/3479 3465/3519/3453
f 3453/3523/3457 3484/3550/3484 3483/3547/3481 3452/3520/3454
f 3440/3524/3458 3471/3551/3485 3470/3548/3482 3439/3521/3455
f 3467/3525/3459 3498/3552/3486 3497/3549/3483 3466/3522/3456
f 3454/3526/3460 3485/3553/3487 3484/3550/3484 3453/3523/3457
f 3441/3527/3461 3472/3554/3488 3471/3551/3485 3440/3524/3458
f 3468/3528/3462 3499/3555/3489 3498/3552/3486 3467/3525/3459
f 3455/3529/3463 3486/3556/3490 3485/3553/3487 3454/3526/3460
f 3442/3530/3464 3473/3557/3491 3472/3554/3488 3441/3527/3461
f 3469/3531/3465 3500/3558/3492 3499/3555/3489 3468/3528/3462
f 3456/3532/3466 3487/3559/3493 3486/3556/3490 3455/3529/3463
f 3443/3533/3467 3474/3560/3494 3473/3557/3491 3442/3530/3464
f 3127/2001/1968 3500/3558/3492 3469/3531/3465
f 3457/3534/3468 3488/3561/3495 3487/3559/3493 3456/3532/3466
f 3444/3535/3469 3475/3562/3496 3474/3560/3494 3443/3533/3467
f 3458/3536/3470 3489/3563/3497 3488/3561/3495 3457/3534/3468
f 3445/3537/3471 3476/3564/3498 3475/3562/3496 3444/3535/3469
f 3459/3538/3472 3490/3565/3499 3489/3563/3497 3458/3536/3470
f 3446/3539/3473 3477/3566/3500 3476/3564/3498 3445/3537/3471
f 3460/3540/3474 3491/3567/3501 3490/3565/3499 3459/3538/3472
f 3447/3541/3475 3478/3568/3502 3477/3566/3500 3446/3539/3473
f 3461/3542/3476 3492/3569/3503 3491/3567/3501 3460/3540/3474
f 3448/3513/3447 3479/3570/3504 3478/3568/3502 3447/3541/3475
f 3462/3515/3449 3493/3571/3505 3492/3569/3503 3461/3542/3476
f 3449/3512/3446 3480/3572/3506 3479/3570/3504 3448/3513/3447
f 3463/3514/3448 3494/3573/3507 3493/3571/3505 3462/3515/3449
f 3450/3516/3450 3481/3544/3478 3480/3572/3506 3449/3512/3446
f 3464/3517/3451 3495/3546/3480 3494/3573/3507 3463/3514/3448
f 3484/3550/3484 3515/3574/3508 3514/3575/3509 3483/3547/3481
f 3471/3551/3485 3502/3576/3510 3501/3577/3511 3470/3548/3482
f 3498/3552/3486 3529/3578/3512 3528/3579/3513 3497/3549/3483
f 3485/3553/3487 3516/3580/3514 3515/3574/3508 3484/3550/3484
f 3472/3554/3488 3503/3581/3515 3502/3576/3510 3471/3551/3485
f 3499/3555/3489 3530/3582/3516 3529/3578/3512 3498/3552/3486
f 3486/3556/3490 3517/3583/3517 3516/3580/3514 3485/3553/3487
f 3473/3557/3491 3504/3584/3518 3503/3581/3515 3472/3554/3488
f 3500/3558/3492 3531/3585/3519 3530/3582/3516 3499/3555/3489
f 3487/3559/3493 3518/3586/3520 3517/3583/3517 3486/3556/3490
f 3474/3560/3494 3505/3587/3521 3504/3584/3518 3473/3557/3491
f 3127/2001/1968 3531/3585/3519 3500/3558/3492
f 3488/3561/3495 3519/3588/3522 3518/3586/3520 3487/3559/3493
f 3475/3562/3496 3506/3589/3523 3505/3587/3521 3474/3560/3494
f 3489/3563/3497 3520/3590/3524 3519/3588/3522 3488/3561/3495
f 3476/3564/3498 3507/3591/3525 3506/3589/3523 3475/3562/3496
f 3490/3565/3499 3521/3592/3526 3520/3590/3524 3489/3563/3497
f 3477/3566/3500 3508/3593/3527 3507/3591/3525 3476/3564/3498
f 3491/3567/3501 3522/3594/3528 3521/3592/3526 3490/3565/3499
f 3478/3568/3502 3509/3595/3529 3508/3593/3527 3477/3566/3500
f 3492/3569/3503 3523/3596/3530 3522/3594/3528 3491/3567/3501
f 3479/3570/3504 3510/3597/3531 3509/3595/3529 3478/3568/3502
f 3493/3571/3505 3524/3598/3532 3523/3596/3530 3492/3569/3503
f 3480/3572/3506 3511/3599/3533 3510/3597/3531 3479/3570/3504
f 3494/3573/3507 3525/3600/3534 3524/3598/3532 3493/3571/3505
f 3481/3544/3478 3512/3601/3535 3511/3599/3533 3480/3572/3506
f 3495/3546/3480 3526/3602/3536 3525/3600/3534 3494/3573/3507
f 3482/3543/3477 3513/3603/3537 3512/3601/3535 3481/3544/3478
f 3496/3545/3479 3527/3604/3538 3526/3602/3536 3495/3546/3480
f 3483/3547/3481 3514/3575/3509 3513/3603/3537 3482/3543/3477
f 3470/3548/3482 3501/3577/3511 3345/1976/1943
f 3497/3549/3483 3528/3579/3513 3527/3604/3538 3496/3545/3479
f 3508/3593/3527 3539/3605/3539 3538/3606/3540 3507/3591/3525
f 3522/3594/3528 3553/3607/3541 3552/3608/3542 3521/3592/3526
f 3509/3595/3529 3540/3609/3543 3539/3605/3539 3508/3593/3527
f 3523/3596/3530 3554/3610/3544 3553/3607/3541 3522/3594/3528
f 3510/3597/3531 3541/3611/3545 3540/3609/3543 3509/3595/3529
f 3524/3598/3532 3555/3612/3546 3554/3610/3544 3523/3596/3530
f 3511/3599/3533 3542/3613/3547 3541/3611/3545 3510/3597/3531
f 3525/3600/3534 3556/3614/3548 3555/3612/3546 3524/3598/3532
f 3512/3601/3535 3543/3615/3549 3542/3613/3547 3511/3599/3533
f 3526/3602/3536 3557/3616/3550 3556/3614/3548 3525/3600/3534
f 3513/3603/3537 3544/3617/3551 3543/3615/3549 3512/3601/3535
f 3527/3604/3538 3558/3618/3552 3557/3616/3550 3526/3602/3536
f 3514/3575/3509 3545/3619/3553 3544/3617/3551 3513/3603/3537
f 3501/3577/3511 3532/3620/3554 3345/1976/1943
f 3528/3579/3513 3559/3621/3555 3558/3618/3552 3527/3604/3538
f 3515/3574/3508 3546/3622/3556 3545/3619/3553 3514/3575/3509
f 3502/3576/3510 3533/3623/3557 3532/3620/3554 3501/3577/3511
f 3529/3578/3512 3560/3624/3558 3559/3621/3555 3528/3579/3513
f 3516/3580/3514 3547/3625/3559 3546/3622/3556 3515/3574/3508
f 3503/3581/3515 3534/3626/3560 3533/3623/3557 3502/3576/3510
f 3530/3582/3516 3561/3627/3561 3560/3624/3558 3529/3578/3512
f 3517/3583/3517 3548/3628/3562 3547/3625/3559 3516/3580/3514
f 3504/3584/3518 3535/3629/3563 3534/3626/3560 3503/3581/3515
f 3531/3585/3519 3562/3630/3564 3561/3627/3561 3530/3582/3516
f 3518/3586/3520 3549/3631/3565 3548/3628/3562 3517/3583/3517
f 3505/3587/3521 3536/3632/3566 3535/3629/3563 3504/3584/3518
f 3127/2001/1968 3562/3630/3564 3531/3585/3519
f 3519/3588/3522 3550/3633/3567 3549/3631/3565 3518/3586/3520
f 3506/3589/3523 3537/3634/3568 3536/3632/3566 3505/3587/3521
f 3520/3590/3524 3551/3635/3569 3550/3633/3567 3519/3588/3522
f 3507/3591/3525 3538/3606/3540 3537/3634/3568 3506/3589/3523
f 3521/3592/3526 3552/3608/3542 3551/3635/3569 3520/3590/3524
f 3541/3611/3545 3572/3636/3570 3571/3637/3571 3540/3609/3543
f 3555/3612/3546 3586/3638/3572 3585/3639/3573 3554/3610/3544
f 3542/3613/3547 3573/3640/3574 3572/3636/3570 3541/3611/3545
f 3556/3614/3548 3587/3641/3575 3586/3638/3572 3555/3612/3546
f 3543/3615/3549 3574/3642/3576 3573/3640/3574 3542/3613/3547
f 3557/3616/3550 3588/3643/3577 3587/3641/3575 3556/3614/3548
f 3544/3617/3551 3575/3644/3578 3574/3642/3576 3543/3615/3549
f 3558/3618/3552 3589/3645/3579 3588/3643/3577 3557/3616/3550
f 3545/3619/3553 3576/3646/3580 3575/3644/3578 3544/3617/3551
f 3532/3620/3554 3563/3647/3581 3345/1976/1943
f 3559/3621/3555 3590/3648/3582 3589/3645/3579 3558/3618/3552
f 3546/3622/3556 3577/3649/3583 3576/3646/3580 3545/3619/3553
f 3533/3623/3557 3564/3650/3584 3563/3647/3581 3532/3620/3554
f 3560/3624/3558 3591/3651/3585 3590/3648/3582 3559/3621/3555
f 3547/3625/3559 3578/3652/3586 3577/3649/3583 3546/3622/3556
f 3534/3626/3560 3565/3653/3587 3564/3650/3584 3533/3623/3557
f 3561/3627/3561 3592/3654/3588 3591/3651/3585 3560/3624/3558
f 3548/3628/3562 3579/3655/3589 3578/3652/3586 3547/3625/3559
f 3535/3629/3563 3566/3656/3590 3565/3653/3587 3534/3626/3560
f 3562/3630/3564 3593/3657/3591 3592/3654/3588 3561/3627/3561
f 3549/3631/3565 3580/3658/3592 3579/3655/3589 3548/3628/3562
f 3536/3632/3566 3567/3659/3593 3566/3656/3590 3535/3629/3563
f 3127/2001/1968 3593/3657/3591 3562/3630/3564
f 3550/3633/3567 3581/3660/3594 3580/3658/3592 3549/3631/3565
f 3537/3634/3568 3568/3661/3595 3567/3659/3593 3536/3632/3566
f 3551/3635/3569 3582/3662/3596 3581/3660/3594 3550/3633/3567
f 3538/3606/3540 3569/3663/3597 3568/3661/3595 3537/3634/3568
f 3552/3608/3542 3583/3664/3598 3582/3662/3596 3551/3635/3569
f 3539/3605/3539 3570/3665/3599 3569/3663/3597 3538/3606/3540
f 3553/3607/3541 3584/3666/3600 3583/3664/3598 3552/3608/3542
f 3540/3609/3543 3571/3637/3571 3570/3665/3599 3539/3605/3539
f 3554/3610/3544 3585/3639/3573 3584/3666/3600 3553/3607/3541
f 3574/3642/3576 3605/3667/3601 3604/3668/3602 3573/3640/3574
f 3588/3643/3577 3619/3669/3603 3618/3670/3604 3587/3641/3575
f 3575/3644/3578 3606/3671/3605 3605/3667/3601 3574/3642/3576
f 3589/3645/3579 3620/3672/3606 3619/3669/3603 3588/3643/3577
f 3576/3646/3580 3607/3673/3607 3606/3671/3605 3575/3644/3578
f 3563/3647/3581 3594/3674/3608 3345/1976/1943
f 3590/3648/3582 3621/3675/3609 3620/3672/3606 3589/3645/3579
f 3577/3649/3583 3608/3676/3610 3607/3673/3607 3576/3646/3580
f 3564/3650/3584 3595/3677/3611 3594/3674/3608 3563/3647/3581
f 3591/3651/3585 3622/3678/3612 3621/3675/3609 3590/3648/3582
f 3578/3652/3586 3609/3679/3613 3608/3676/3610 3577/3649/3583
f 3565/3653/3587 3596/3680/3614 3595/3677/3611 3564/3650/3584
f 3592/3654/3588 3623/3681/3615 3622/3678/3612 3591/3651/3585
f 3579/3655/3589 3610/3682/3616 3609/3679/3613 3578/3652/3586
f 3566/3656/3590 3597/3683/3617 3596/3680/3614 3565/3653/3587
f 3593/3657/3591 3624/3684/3618 3623/3681/3615 3592/3654/3588
f 3580/3658/3592 3611/3685/3619 3610/3682/3616 3579/3655/3589
f 3567/3659/3593 3598/3686/3620 3597/3683/3617 3566/3656/3590
f 3127/2001/1968 3624/3684/3618 3593/3657/3591
f 3581/3660/3594 3612/3687/3621 3611/3685/3619 3580/3658/3592
f 3568/3661/3595 3599/3688/3622 3598/3686/3620 3567/3659/3593
f 3582/3662/3596 3613/3689/3623 3612/3687/3621 3581/3660/3594
f 3569/3663/3597 3600/3690/3624 3599/3688/3622 3568/3661/3595
f 3583/3664/3598 3614/3691/3625 3613/3689/3623 3582/3662/3596
f 3570/3665/3599 3601/3692/3626 3600/3690/3624 3569/3663/3597
f 3584/3666/3600 3615/3693/3627 3614/3691/3625 3583/3664/3598
f 3571/3637/3571 3602/3694/3628 3601/3692/3626 3570/3665/3599
f 3585/3639/3573 3616/3695/3629 3615/3693/3627 3584/3666/3600
f 3572/3636/3570 3603/3696/3630 3602/3694/3628 3571/3637/3571
f 3586/3638/3572 3617/3697/3631 3616/3695/3629 3585/3639/3573
f 3573/3640/3574 3604/3668/3602 3603/3696/3630 3572/3636/3570
f 3587/3641/3575 3618/3670/3604 3617/3697/3631 3586/3638/3572
f 3607/3673/3607 3638/3698/3632 3637/3699/3633 3606/3671/3605
f 3594/3674/3608 3625/3700/3634 3345/1976/1943
f 3621/3675/3609 3652/3701/3635 3651/3702/3636 3620/3672/3606
f 3608/3676/3610 3639/3703/3637 3638/3698/3632 3607/3673/3607
f 3595/3677/3611 3626/3704/3638 3625/3700/3634 3594/3674/3608
f 3622/3678/3612 3653/3705/3639 3652/3701/3635 3621/3675/3609
f 3609/3679/3613 3640/3706/3640 3639/3703/3637 3608/3676/3610
f 3596/3680/3614 3627/3707/3641 3626/3704/3638 3595/3677/3611
f 3623/3681/3615 3654/3708/3642 3653/3705/3639 3622/3678/3612
f 3610/3682/3616 3641/3709/3643 3640/3706/3640 3609/3679/3613
f 3597/3683/3617 3628/3710/3644 3627/3707/3641 3596/3680/3614
f 3624/3684/3618 3655/3711/3645 3654/3708/3642 3623/3681/3615
f 3611/3685/3619 3642/3712/3646 3641/3709/3643 3610/3682/3616
f 3598/3686/3620 3629/3713/3647 3628/3710/3644 3597/3683/3617
f 3127/2001/1968 3655/3711/3645 3624/3684/3618
f 3612/3687/3621 3643/3714/3648 3642/3712/3646 3611/3685/3619
f 3599/3688/3622 3630/3715/3649 3629/3713/3647 3598/3686/3620
f 3613/3689/3623 3644/3716/3650 3643/3714/3648 3612/3687/3621
f 3600/3690/3624 3631/3717/3651 3630/3715/3649 3599/3688/3622
f 3614/3691/3625 3645/3718/3652 3644/3716/3650 3613/3689/3623
f 3601/3692/3626 3632/3719/3653 3631/3717/3651 3600/3690/3624
f 3615/3693/3627 3646/3720/3654 3645/3718/3652 3614/3691/3625
f 3602/3694/3628 3633/3721/3655 3632/3719/3653 3601/3692/3626
f 3616/3695/3629 3647/3722/3656 3646/3720/3654 3615/3693/3627
f 3603/3696/3630 3634/3723/3657 3633/3721/3655 3602/3694/3628
f 3617/3697/3631 3648/3724/3658 3647/3722/3656 3616/3695/3629
f 3604/3668/3602 3635/3725/3659 3634/3723/3657 3603/3696/3630
f 3618/3670/3604 3649/3726/3660 3648/3724/3658 3617/3697/3631
f 3605/3667/3601 3636/3727/3661 3635/3725/3659 3604/3668/3602
f 3619/3669/3603 3650/3728/3662 3649/3726/3660 3618/3670/3604
f 3606/3671/3605 3637/3699/3633 3636/3727/3661 3605/3667/3601
f 3620/3672/3606 3651/3702/3636 3650/3728/3662 3619/3669/3603
f 3640/3706/3640 3671/3729/3663 3670/3730/3664 3639/3703/3637
f 3627/3707/3641 3658/3731/3665 3657/3732/3666 3626/3704/3638
f 3654/3708/3642 3685/3733/3667 3684/3734/3668 3653/3705/3639
f 3641/3709/3643 3672/3735/3669 3671/3729/3663 3640/3706/3640
f 3628/3710/3644 3659/3736/3670 3658/3731/3665 3627/3707/3641
f 3655/3711/3645 3686/3737/3671 3685/3733/3667 3654/3708/3642
f 3642/3712/3646 3673/3738/3672 3672/3735/3669 3641/3709/3643
f 3629/3713/3647 3660/3739/3673 3659/3736/3670 3628/3710/3644
f 3127/2001/1968 3686/3737/3671 3655/3711/3645
f 3643/3714/3648 3674/3740/3674 3673/3738/3672 3642/3712/3646
f 3630/3715/3649 3661/3741/3675 3660/3739/3673 3629/3713/3647
f 3644/3716/3650 3675/3742/3676 3674/3740/3674 3643/3714/3648
f 3631/3717/3651 3662/3743/3677 3661/3741/3675 3630/3715/3649
f 3645/3718/3652 3676/3744/3678 3675/3742/3676 3644/3716/3650
f 3632/3719/3653 3663/3745/3679 3662/3743/3677 3631/3717/3651
f 3646/3720/3654 3677/3746/3680 3676/3744/3678 3645/3718/3652
f 3633/3721/3655 3664/3747/3681 3663/3745/3679 3632/3719/3653
f 3647/3722/3656 3678/3748/3682 3677/3746/3680 3646/3720/3654
f 3634/3723/3657 3665/3749/3683 3664/3747/3681 3633/3721/3655
f 3648/3724/3658 3679/3750/3684 3678/3748/3682 3647/3722/3656
f 3635/3725/3659 3666/3751/3685 3665/3749/3683 3634/3723/3657
f 3649/3726/3660 3680/3752/3686 3679/3750/3684 3648/3724/3658
f 3636/3727/3661 3667/3753/3687 3666/3751/3685 3635/3725/3659
f 3650/3728/3662 3681/3754/3688 3680/3752/3686 3649/3726/3660
f 3637/3699/3633 3668/3755/3689 3667/3753/3687 3636/3727/3661
f 3651/3702/3636 3682/3756/3690 3681/3754/3688 3650/3728/3662
f 3638/3698/3632 3669/3757/3691 3668/3755/3689 3637/3699/3633
f 3625/3700/3634 3656/3758/3692 3345/1976/1943
f 3652/3701/3635 3683/3759/3693 3682/3756/3690 3651/3702/3636
f 3639/3703/3637 3670/3730/3664 3669/3757/3691 3638/3698/3632
f 3626/3704/3638 3657/3732/3666 3656/3758/3692 3625/3700/3634
f 3653/3705/3639 3684/3734/3668 3683/3759/3693 3652/3701/3635
f 3673/3738/3672 3704/3760/3694 3703/3761/3695 3672/3735/3669
f 3660/3739/3673 3691/3762/3696 3690/3763/3697 3659/3736/3670
f 3127/2001/1968 3717/3764/3698 3686/3737/3671
f 3674/3740/3674 3705/3765/3699 3704/3760/3694 3673/3738/3672
f 3661/3741/3675 3692/3766/3700 3691/3762/3696 3660/3739/3673
f 3675/3742/3676 3706/3767/3701 3705/3765/3699 3674/3740/3674
f 3662/3743/3677 3693/3768/3702 3692/3766/3700 3661/3741/3675
f 3676/3744/3678 3707/3769/3703 3706/3767/3701 3675/3742/3676
f 3663/3745/3679 3694/3770/3704 3693/3768/3702 3662/3743/3677
f 3677/3746/3680 3708/3771/3705 3707/3769/3703 3676/3744/3678
f 3664/3747/3681 3695/3772/3706 3694/3770/3704 3663/3745/3679
f 3678/3748/3682 3709/3773/3707 3708/3771/3705 3677/3746/3680
f 3665/3749/3683 3696/3774/3708 3695/3772/3706 3664/3747/3681
f 3679/3750/3684 3710/3775/3709 3709/3773/3707 3678/3748/3682
f 3666/3751/3685 3697/3776/3710 3696/3774/3708 3665/3749/3683
f 3680/3752/3686 3711/3777/3711 3710/3775/3709 3679/3750/3684
f 3667/3753/3687 3698/3778/3712 3697/3776/3710 3666/3751/3685
f 3681/3754/3688 3712/3779/3713 3711/3777/3711 3680/3752/3686
f 3668/3755/3689 3699/3780/3714 3698/3778/3712 3667/3753/3687
f 3682/3756/3690 3713/3781/3715 3712/3779/3713 3681/3754/3688
f 3669/3757/3691 3700/3782/3716 3699/3780/3714 3668/3755/3689
f 3656/3758/3692 3687/3783/3717 3345/1976/1943
f 3683/3759/3693 3714/3784/3718 3713/3781/3715 3682/3756/3690
f 3670/3730/3664 3701/3785/3719 3700/3782/3716 3669/3757/3691
f 3657/3732/3666 3688/3786/3720 3687/3783/3717 3656/3758/3692
f 3684/3734/3668 3715/3787/3721 3714/3784/3718 3683/3759/3693
f 3671/3729/3663 3702/3788/3722 3701/3785/3719 3670/3730/3664
f 3658/3731/3665 3689/3789/3723 3688/3786/3720 3657/3732/3666
f 3685/3733/3667 3716/3790/3724 3715/3787/3721 3684/3734/3668
f 3672/3735/3669 3703/3761/3695 3702/3788/3722 3671/3729/3663
f 3659/3736/3670 3690/3763/3697 3689/3789/3723 3658/3731/3665
f 3686/3737/3671 3717/3764/3698 3716/3790/3724 3685/3733/3667
f 3706/3767/3701 3737/3791/3725 3736/3792/3726 3705/3765/3699
f 3693/3768/3702 3724/3793/3727 3723/3794/3728 3692/3766/3700
f 3707/3769/3703 3738/3795/3729 3737/3791/3725 3706/3767/3701
f 3694/3770/3704 3725/3796/3730 3724/3793/3727 3693/3768/3702
f 3708/3771/3705 3739/3797/3731 3738/3795/3729 3707/3769/3703
f 3695/3772/3706 3726/3798/3732 3725/3796/3730 3694/3770/3704
f 3709/3773/3707 3740/3799/3733 3739/3797/3731 3708/3771/3705
f 3696/3774/3708 3727/3800/3734 3726/3798/3732 3695/3772/3706
f 3710/3775/3709 3741/3801/3735 3740/3799/3733 3709/3773/3707
f 3697/3776/3710 3728/3802/3736 3727/3800/3734 3696/3774/3708
f 3711/3777/3711 3742/3803/3737 3741/3801/3735 3710/3775/3709
f 3698/3778/3712 3729/3804/3738 3728/3802/3736 3697/3776/3710
f 3712/3779/3713 3743/3805/3739 3742/3803/3737 3711/3777/3711
f 3699/3780/3714 3730/3806/3740 3729/3804/3738 3698/3778/3712
f 3713/3781/3715 3744/3807/3741 3743/3805/3739 3712/3779/3713
f 3700/3782/3716 3731/3808/3742 3730/3806/3740 3699/3780/3714
f 3687/3783/3717 3718/3809/3743 3345/1976/1943
f 3714/3784/3718 3745/3810/3744 3744/3807/3741 3713/3781/3715
f 3701/3785/3719 3732/3811/3745 3731/3808/3742 3700/3782/3716
f 3688/3786/3720 3719/3812/3746 3718/3809/3743 3687/3783/3717
f 3715/3787/3721 3746/3813/3747 3745/3810/3744 3714/3784/3718
f 3702/3788/3722 3733/3814/3748 3732/3811/3745 3701/3785/3719
f 3689/3789/3723 3720/3815/3749 3719/3812/3746 3688/3786/3720
f 3716/3790/3724 3747/3816/3750 3746/3813/3747 3715/3787/3721
f 3703/3761/3695 3734/3817/3751 3733/3814/3748 3702/3788/3722
f 3690/3763/3697 3721/3818/3752 3720/3815/3749 3689/3789/3723
f 3717/3764/3698 3748/3819/3753 3747/3816/3750 3716/3790/3724
f 3704/3760/3694 3735/3820/3754 3734/3817/3751 3703/3761/3695
f 3691/3762/3696 3722/3821/3755 3721/3818/3752 3690/3763/3697
f 3127/2001/1968 3748/3819/3753 3717/3764/3698
f 3705/3765/3699 3736/3792/3726 3735/3820/3754 3704/3760/3694
f 3692/3766/3700 3723/3794/3728 3722/3821/3755 3691/3762/3696
f 3739/3797/3731 3770/3822/3756 3769/3823/3757 3738/3795/3729
f 3726/3798/3732 3757/3824/3758 3756/3825/3759 3725/3796/3730
f 3740/3799/3733 3771/3826/3760 3770/3822/3756 3739/3797/3731
f 3727/3800/3734 3758/3827/3761 3757/3824/3758 3726/3798/3732
f 3741/3801/3735 3772/3828/3762 3771/3826/3760 3740/3799/3733
f 3728/3802/3736 3759/3829/3763 3758/3827/3761 3727/3800/3734
f 3742/3803/3737 3773/3830/3764 3772/3828/3762 3741/3801/3735
f 3729/3804/3738 3760/3831/3765 3759/3829/3763 3728/3802/3736
f 3743/3805/3739 3774/3832/3766 3773/3830/3764 3742/3803/3737
f 3730/3806/3740 3761/3833/3767 3760/3831/3765 3729/3804/3738
f 3744/3807/3741 3775/3834/3768 3774/3832/3766 3743/3805/3739
f 3731/3808/3742 3762/3835/3769 3761/3833/3767 3730/3806/3740
f 3718/3809/3743 3749/3836/3770 3345/1976/1943
f 3745/3810/3744 3776/3837/3771 3775/3834/3768 3744/3807/3741
f 3732/3811/3745 3763/3838/3772 3762/3835/3769 3731/3808/3742
f 3719/3812/3746 3750/3839/3773 3749/3836/3770 3718/3809/3743
f 3746/3813/3747 3777/3840/3774 3776/3837/3771 3745/3810/3744
f 3733/3814/3748 3764/3841/3775 3763/3838/3772 3732/3811/3745
f 3720/3815/3749 3751/3842/3776 3750/3839/3773 3719/3812/3746
f 3747/3816/3750 3778/3843/3777 3777/3840/3774 3746/3813/3747
f 3734/3817/3751 3765/3844/3778 3764/3841/3775 3733/3814/3748
f 3721/3818/3752 3752/3845/3779 3751/3842/3776 3720/3815/3749
f 3748/3819/3753 3779/3846/3780 3778/3843/3777 3747/3816/3750
f 3735/3820/3754 3766/3847/3781 3765/3844/3778 3734/3817/3751
f 3722/3821/3755 3753/3848/3782 3752/3845/3779 3721/3818/3752
f 3127/2001/1968 3779/3846/3780 3748/3819/3753
f 3736/3792/3726 3767/3849/3783 3766/3847/3781 3735/3820/3754
f 3723/3794/3728 3754/3850/3784 3753/3848/3782 3722/3821/3755
f 3737/3791/3725 3768/3851/3785 3767/3849/3783 3736/3792/3726
f 3724/3793/3727 3755/3852/3786 3754/3850/3784 3723/3794/3728
f 3738/3795/3729 3769/3823/3757 3768/3851/3785 3737/3791/3725
f 3725/3796/3730 3756/3825/3759 3755/3852/3786 3724/3793/3727
f 3772/3828/3762 3803/3853/3787 3802/3854/3788 3771/3826/3760
f 3759/3829/3763 3790/3855/3789 3789/3856/3790 3758/3827/3761
f 3773/3830/3764 3804/3857/3791 3803/3853/3787 3772/3828/3762
f 3760/3831/3765 3791/3858/3792 3790/3855/3789 3759/3829/3763
f 3774/3832/3766 3805/3859/3793 3804/3857/3791 3773/3830/3764
f 3761/3833/3767 3792/3860/3794 3791/3858/3792 3760/3831/3765
f 3775/3834/3768 3806/3861/3795 3805/3859/3793 3774/3832/3766
f 3762/3835/3769 3793/3862/3796 3792/3860/3794 3761/3833/3767
f 3749/3836/3770 3780/3863/3797 3345/1976/1943
f 3776/3837/3771 3807/3864/3798 3806/3861/3795 3775/3834/3768
f 3763/3838/3772 3794/3865/3799 3793/3862/3796 3762/3835/3769
f 3750/3839/3773 3781/3866/3800 3780/3863/3797 3749/3836/3770
f 3777/3840/3774 3808/3867/3801 3807/3864/3798 3776/3837/3771
f 3764/3841/3775 3795/3868/3802 3794/3865/3799 3763/3838/3772
f 3751/3842/3776 3782/3869/3803 3781/3866/3800 3750/3839/3773
f 3778/3843/3777 3809/3870/3804 3808/3867/3801 3777/3840/3774
f 3765/3844/3778 3796/3871/3805 3795/3868/3802 3764/3841/3775
f 3752/3845/3779 3783/3872/3806 3782/3869/3803 3751/3842/3776
f 3779/3846/3780 3810/3873/3807 3809/3870/3804 3778/3843/3777
f 3766/3847/3781 3797/3874/3808 3796/3871/3805 3765/3844/3778
f 3753/3848/3782 3784/3875/3809 3783/3872/3806 3752/3845/3779
f 3127/2001/1968 3810/3873/3807 3779/3846/3780
f 3767/3849/3783 3798/3876/3810 3797/3874/3808 3766/3847/3781
f 3754/3850/3784 3785/3877/3811 3784/3875/3809 3753/3848/3782
f 3768/3851/3785 3799/3878/3812 3798/3876/3810 3767/3849/3783
f 3755/3852/3786 3786/3879/3813 3785/3877/3811 3754/3850/3784
f 3769/3823/3757 3800/3880/3814 3799/3878/3812 3768/3851/3785
f 3756/3825/3759 3787/3881/3815 3786/3879/3813 3755/3852/3786
f 3770/3822/3756 3801/3882/3816 3800/3880/3814 3769/3823/3757
f 3757/3824/3758 3788/3883/3817 3787/3881/3815 3756/3825/3759
f 3771/3826/3760 3802/3854/3788 3801/3882/3816 3770/3822/3756
f 3758/3827/3761 3789/3856/3790 3788/3883/3817 3757/3824/3758
f 3805/3859/3793 3836/3884/3818 3835/3885/3819 3804/3857/3791
f 3792/3860/3794 3823/3886/3820 3822/3887/3821 3791/3858/3792
f 3806/3861/3795 3837/3888/3822 3836/3884/3818 3805/3859/3793
f 3793/3862/3796 3824/3889/3823 3823/3886/3820 3792/3860/3794
f 3780/3863/3797 3811/3890/3824 3345/1976/1943
f 3807/3864/3798 3838/3891/3825 3837/3888/3822 3806/3861/3795
f 3794/3865/3799 3825/3892/3826 3824/3889/3823 3793/3862/3796
f 3781/3866/3800 3812/3893/3827 3811/3890/3824 3780/3863/3797
f 3808/3867/3801 3839/3894/3828 3838/3891/3825 3807/3864/3798
f 3795/3868/3802 3826/3895/3829 3825/3892/3826 3794/3865/3799
f 3782/3869/3803 3813/3896/3830 3812/3893/3827 3781/3866/3800
f 3809/3870/3804 3840/3897/3831 3839/3894/3828 3808/3867/3801
f 3796/3871/3805 3827/3898/3832 3826/3895/3829 3795/3868/3802
f 3783/3872/3806 3814/3899/3833 3813/3896/3830 3782/3869/3803
f 3810/3873/3807 3841/3900/3834 3840/3897/3831 3809/3870/3804
f 3797/3874/3808 3828/3901/3835 3827/3898/3832 3796/3871/3805
f 3784/3875/3809 3815/3902/3836 3814/3899/3833 3783/3872/3806
f 3127/2001/1968 3841/3900/3834 3810/3873/3807
f 3798/3876/3810 3829/3903/3837 3828/3901/3835 3797/3874/3808
f 3785/3877/3811 3816/3904/3838 3815/3902/3836 3784/3875/3809
f 3799/3878/3812 3830/3905/3839 3829/3903/3837 3798/3876/3810
f 3786/3879/3813 3817/3906/3840 3816/3904/3838 3785/3877/3811
f 3800/3880/3814 3831/3907/3841 3830/3905/3839 3799/3878/3812
f 3787/3881/3815 3818/3908/3842 3817/3906/3840 3786/3879/3813
f 3801/3882/3816 3832/3909/3843 3831/3907/3841 3800/3880/3814
f 3788/3883/3817 3819/3910/3844 3818/3908/3842 3787/3881/3815
f 3802/3854/3788 3833/3911/3845 3832/3909/3843 3801/3882/3816
f 3789/3856/3790 3820/3912/3846 3819/3910/3844 3788/3883/3817
f 3803/3853/3787 3834/3913/3847 3833/3911/3845 3802/3854/3788
f 3790/3855/3789 3821/3914/3848 3820/3912/3846 3789/3856/3790
f 3804/3857/3791 3835/3885/3819 3834/3913/3847 3803/3853/3787
f 3791/3858/3792 3822/3887/3821 3821/3914/3848 3790/3855/3789
f 3838/3891/3825 3848/1977/1944 1945/1970/1937 3837/3888/3822
f 3825/3892/3826 1936/1979/1946 1935/1972/1939 3824/3889/3823
f 3812/3893/3827 3843/1981/1948 3842/1974/1941 3811/3890/3824
f 3839/3894/3828 1946/1983/1950 3848/1977/1944 3838/3891/3825
f 3826/3895/3829 3845/1985/1952 1936/1979/1946 3825/3892/3826
f 3813/3896/3830 1925/1987/1954 3843/1981/1948 3812/3893/3827
f 3840/3897/3831 1947/1989/1956 1946/1983/1950 3839/3894/3828
f 3827/3898/3832 1937/1991/1958 3845/1985/1952 3826/3895/3829
f 3814/3899/3833 1926/1993/1960 1925/1987/1954 3813/3896/3830
f 3841/3900/3834 1948/1995/1962 1947/1989/1956 3840/3897/3831
f 3828/3901/3835 1938/1997/1964 1937/1991/1958 3827/3898/3832
f 3815/3902/3836 1927/1999/1966 1926/1993/1960 3814/3899/3833
f 3127/2001/1968 1948/1995/1962 3841/3900/3834
f 3829/3903/3837 1939/2002/1969 1938/1997/1964 3828/3901/3835
f 3816/3904/3838 1928/2004/1971 1927/1999/1966 3815/3902/3836
f 3830/3905/3839 1940/2006/1973 1939/2002/1969 3829/3903/3837
f 3817/3906/3840 3844/2008/1975 1928/2004/1971 3816/3904/3838
f 3831/3907/3841 1941/2010/1977 1940/2006/1973 3830/3905/3839
f 3818/3908/3842 1929/2012/1979 3844/2008/1975 3817/3906/3840
f 3832/3909/3843 1942/2014/1981 1941/2010/1977 3831/3907/3841
f 3819/3910/3844 1930/2016/1983 1929/2012/1979 3818/3908/3842
f 3833/3911/3845 3846/2018/1985 1942/2014/1981 3832/3909/3843
f 3820/3912/3846 1931/2020/1987 1930/2016/1983 3819/3910/3844
f 3834/3913/3847 3847/1961/1928 3846/2018/1985 3833/3911/3845
f 3821/3914/3848 1932/1965/1932 1931/2020/1987 3820/3912/3846
f 3835/3885/3819 1943/1958/1925 3847/1961/1928 3834/3913/3847
f 3822/3887/3821 1933/1962/1929 1932/1965/1932 3821/3914/3848
f 3836/3884/3818 1944/1966/1933 1943/1958/1925 3835/3885/3819
f 3823/3886/3820 1934/1968/1935 1933/1962/1929 3822/3887/3821
f 3837/3888/3822 1945/1970/1937 1944/1966/1933 3836/3884/3818
f 3824/3889/3823 1935/1972/1939 1934/1968/1935 3823/3886/3820
f 3811/3890/3824 3842/1974/1941 3345/1976/1943
o cloud_Sphere.000
v -0.029100 1.319197 -1.276300
v 0.060554 1.422395 -1.158963
v 0.149625 1.511894 -1.030464
v 0.237254 1.586833 -0.892042
v 0.404837 1.690291 -0.590840
v 0.483176 1.717813 -0.430962
v 0.556862 1.728792 -0.266933
v 0.625185 1.723121 -0.100333
v 0.687487 1.700856 0.067232
v 0.743168 1.662210 0.234151
v 0.791692 1.607557 0.398814
v 0.832592 1.537422 0.559637
v 0.890020 1.353551 0.863616
v 0.905995 1.241586 1.003846
v 0.913245 1.117664 1.134408
v 0.911699 0.982978 1.254044
v 0.901374 0.838826 1.361604
v 0.882368 0.686595 1.456051
v 0.775502 0.196396 1.652300
v 0.724408 0.027076 1.686585
v 0.666338 -0.142506 1.704627
v 0.531567 -0.475932 1.691447
v 0.456164 -0.636566 1.660352
v 0.376368 -0.791068 1.613266
v -0.191352 1.068955 -1.480131
v -0.087914 1.189664 -1.395364
v 0.016371 1.298915 -1.297158
v 0.120499 1.395658 -1.186460
v 0.223466 1.478959 -1.064336
v 0.324281 1.548018 -0.931962
v 0.421972 1.602167 -0.790612
v 0.515600 1.640888 -0.641649
v 0.604263 1.663805 -0.486506
v 0.687106 1.670699 -0.326678
v 0.763332 1.661504 -0.163703
v 0.832206 1.636307 0.000848
v 0.893066 1.595352 0.165391
v 0.945326 1.539032 0.328341
v 0.988481 1.467891 0.488129
v 1.022117 1.382614 0.643216
v 1.045909 1.284020 0.792108
v 1.059628 1.173062 0.933372
v 1.063143 1.050805 1.065647
v 1.056419 0.918429 1.187660
v 1.039521 0.777208 1.298234
v 1.012612 0.628503 1.396306
v 0.975951 0.473744 1.480931
v 0.929891 0.314423 1.551293
v 0.874875 0.152073 1.606716
v 0.811434 -0.011740 1.646665
v 0.740179 -0.175441 1.670756
v 0.661795 -0.337452 1.678756
v 0.577038 -0.496213 1.670589
v 0.486723 -0.650196 1.646334
v 0.391721 -0.797917 1.606223
v -0.177026 1.060716 -1.487821
v -0.059400 1.173265 -1.410669
v 0.058798 1.274516 -1.319932
v 0.176430 1.363492 -1.216483
v 0.292363 1.439336 -1.101319
v 0.405480 1.501319 -0.975549
v 0.514692 1.548844 -0.840383
v 0.618948 1.581452 -0.697125
v 0.717242 1.598830 -0.547152
v 0.808629 1.600811 -0.391910
v 0.892229 1.587374 -0.232894
v 0.967236 1.558651 -0.071634
v 1.032928 1.514917 0.090315
v 1.088672 1.456593 0.251394
v 1.133932 1.384241 0.410052
v 1.168272 1.298559 0.564761
v 1.191360 1.200371 0.714032
v 1.202975 1.090622 0.856425
v 1.203004 0.970370 0.990571
v 1.191448 0.840773 1.115177
v 1.168418 0.703079 1.229044
v 1.134135 0.558614 1.331074
v 1.088930 0.408769 1.420285
v 1.033238 0.254987 1.495818
v 0.967595 0.098750 1.556945
v 0.892634 -0.058439 1.603078
v 0.809076 -0.215064 1.633772
v 0.717726 -0.369619 1.648733
v 0.619464 -0.520613 1.647815
v 0.515237 -0.666594 1.631028
v 0.406047 -0.806155 1.598533
v -0.163875 1.051171 -1.496079
v -0.033225 1.154268 -1.427106
v 0.097745 1.246248 -1.344389
v 0.227774 1.326226 -1.248724
v 0.355609 1.393432 -1.141034
v 0.480019 1.447218 -1.022355
v 0.599807 1.487067 -0.893831
v 0.713818 1.512594 -0.756698
v 0.820954 1.523555 -0.612278
v 0.920185 1.519843 -0.461961
v 1.010553 1.501493 -0.307195
v 1.091190 1.468684 -0.149471
v 1.161318 1.421730 0.009693
v 1.220261 1.361084 0.168763
v 1.267453 1.287331 0.326208
v 1.302438 1.201180 0.480512
v 1.324881 1.103460 0.630188
v 1.334564 0.995114 0.773795
v 1.331394 0.877184 0.909949
v 1.315402 0.750806 1.037341
v 1.286743 0.617198 1.154742
v 1.245691 0.477646 1.261023
v 1.192642 0.333493 1.355159
v 1.128108 0.186130 1.436244
v 1.052710 0.036973 1.503497
v 0.967173 -0.112540 1.556271
v 0.872321 -0.260968 1.594057
v 0.769069 -0.406884 1.616492
v 0.658411 -0.548881 1.623359
v 0.541411 -0.685592 1.614592
v 0.419198 -0.815700 1.590275
v -0.152035 1.040418 -1.504820
v -0.009658 1.132865 -1.444504
v 0.132812 1.214402 -1.370276
v 0.274003 1.284243 -1.282852
v 0.412554 1.341717 -1.183074
v 0.547133 1.386269 -1.071901
v 0.676443 1.417470 -0.950406
v 0.799238 1.435021 -0.819758
v 0.914336 1.438751 -0.681215
v 1.020628 1.428626 -0.536112
v 1.117091 1.404742 -0.385845
v 1.202797 1.367329 -0.231863
v 1.276918 1.316749 -0.075648
v 1.338742 1.253487 0.081296
v 1.387673 1.178154 0.237457
v 1.423241 1.091474 0.391331
v 1.445101 0.994283 0.541437
v 1.453045 0.887516 0.686328
v 1.446994 0.772202 0.824609
v 1.427009 0.649452 0.954949
v 1.393281 0.520446 1.076092
v 1.346134 0.386429 1.186872
v 1.286024 0.248690 1.286222
v 1.213528 0.108556 1.373184
v 1.129345 -0.032623 1.446922
v 1.034287 -0.173489 1.506726
v 0.929267 -0.312683 1.552018
v 0.815298 -0.448866 1.582364
v 0.693478 -0.580727 1.597471
v 0.564979 -0.706994 1.597193
v 0.431038 -0.826453 1.581534
v -0.141625 1.028567 -1.513955
v 0.011060 1.109278 -1.462686
v 0.163639 1.179305 -1.397330
v 0.314643 1.237975 -1.318517
v 0.462616 1.284723 -1.227006
v 0.606134 1.319098 -1.123678
v 0.743814 1.340769 -1.009529
v 0.874331 1.349528 -0.885658
v 0.996428 1.345290 -0.753257
v 1.108929 1.328097 -0.613601
v 1.210750 1.298113 -0.468037
v 1.300910 1.255627 -0.317965
v 1.378543 1.201050 -0.164830
v 1.442899 1.134905 -0.010109
v 1.493360 1.057831 0.144710
v 1.529438 0.970569 0.298136
v 1.550787 0.873960 0.448690
v 1.557202 0.768934 0.594923
v 1.548619 0.656503 0.735426
v 1.525123 0.537750 0.868847
v 1.486938 0.413817 0.993901
v 1.434434 0.285900 1.109382
v 1.368116 0.155229 1.214180
v 1.288621 0.023063 1.307285
v 1.196717 -0.109325 1.387799
v 1.093287 -0.240660 1.454949
v 0.979329 -0.369677 1.508086
v 0.855938 -0.495135 1.546700
v 0.724305 -0.615824 1.570418
v 0.585697 -0.730582 1.579012
v 0.441448 -0.838304 1.572399
v -0.132754 1.015740 -1.523390
v 0.028717 1.083747 -1.481464
v 0.189911 1.141317 -1.425271
v 0.349277 1.187895 -1.355352
v 0.505279 1.223033 -1.272380
v 0.656415 1.246393 -1.177155
v 0.801229 1.257749 -1.070593
v 0.938327 1.256993 -0.953720
v 1.066388 1.244131 -0.827663
v 1.184180 1.219287 -0.693635
v 1.290567 1.182701 -0.552926
v 1.384525 1.134724 -0.406893
v 1.465150 1.075820 -0.256941
v 1.531664 1.006555 -0.104515
v 1.583427 0.927596 0.048918
v 1.619942 0.839704 0.201880
v 1.640855 0.743725 0.352898
v 1.645967 0.640584 0.500517
v 1.635226 0.531274 0.643316
v 1.608737 0.416847 0.779919
v 1.566756 0.298405 0.909011
v 1.509685 0.177090 1.029349
v 1.438076 0.054069 1.139774
v 1.352617 -0.069472 1.239222
v 1.254132 -0.192345 1.326735
v 1.143568 -0.313365 1.401472
v 1.021992 -0.431367 1.462712
v 0.890573 -0.545215 1.509864
v 0.750577 -0.653812 1.542476
v 0.603353 -0.756112 1.560233
v 0.450318 -0.851131 1.562964
v -0.125513 1.002069 -1.533028
v 0.043130 1.056536 -1.500647
v 0.211358 1.100828 -1.453814
v 0.377550 1.134518 -1.392980
v 0.540106 1.157282 -1.318731
v 0.697461 1.168901 -1.231782
v 0.848098 1.169263 -1.132971
v 0.990569 1.158365 -1.023248
v 1.123499 1.136310 -0.903670
v 1.245609 1.103312 -0.775390
v 1.355724 1.059689 -0.639643
v 1.452782 1.005860 -0.497735
v 1.535849 0.942345 -0.351034
v 1.604125 0.869754 -0.200952
v 1.656952 0.788787 -0.048935
v 1.693823 0.700223 0.103554
v 1.714380 0.604916 0.255045
v 1.718428 0.503783 0.404079
v 1.705925 0.397798 0.549223
v 1.676994 0.287983 0.689077
v 1.631912 0.175394 0.822295
v 1.571115 0.061116 0.947593
v 1.495187 -0.053751 1.063766
v 1.404859 -0.168100 1.169694
v 1.301001 -0.280830 1.264358
v 1.184614 -0.390856 1.346845
v 1.056819 -0.497118 1.416361
v 0.918846 -0.598592 1.472236
v 0.772024 -0.694301 1.513934
v 0.617767 -0.783324 1.541051
v 0.457560 -0.864803 1.553327
v -0.119975 0.987693 -1.542770
v 0.054153 1.027922 -1.520037
v 0.227759 1.058253 -1.482665
v 0.399172 1.078391 -1.431015
v 0.566740 1.088144 -1.365583
v 0.728851 1.087418 -1.287000
v 0.883942 1.076219 -1.196023
v 1.030520 1.054656 -1.093527
v 1.167174 1.022936 -0.980499
v 1.292587 0.981364 -0.858030
v 1.405552 0.930341 -0.727296
v 1.504981 0.870358 -0.589559
v 1.589916 0.801994 -0.446144
v 1.659539 0.725906 -0.298432
v 1.713180 0.642826 -0.147846
v 1.750323 0.553557 0.004164
v 1.770608 0.458956 0.156134
v 1.773842 0.359935 0.306600
v 1.759992 0.257447 0.454113
v 1.729193 0.152481 0.597253
v 1.681741 0.046046 0.734641
v 1.618093 -0.060833 0.864954
v 1.538861 -0.167126 0.986937
v 1.444810 -0.271809 1.099416
v 1.336844 -0.373875 1.201306
v 1.216004 -0.472340 1.291627
v 1.083453 -0.566256 1.369509
v 0.940467 -0.654718 1.434202
v 0.788425 -0.736876 1.485082
v 0.628789 -0.811937 1.521661
v 0.463098 -0.879178 1.543585
v -0.116197 0.972760 -1.552516
v 0.061672 0.998201 -1.539435
v 0.238946 1.014029 -1.511529
v 0.413920 1.020090 -1.469066
v 0.584907 1.016328 -1.412455
v 0.750262 1.002779 -1.342242
v 0.908391 0.979571 -1.259102
v 1.057771 0.946930 -1.163836
v 1.196965 0.905170 -1.057362
v 1.324631 0.854692 -0.940704
v 1.439541 0.795983 -0.814988
v 1.540586 0.729608 -0.681422
v 1.626796 0.656207 -0.541294
v 1.697338 0.576486 -0.395953
v 1.751534 0.491213 -0.246799
v 1.788862 0.401210 -0.095268
v 1.808962 0.307342 0.057180
v 1.811641 0.210516 0.209078
v 1.796872 0.111661 0.358963
v 1.764799 0.011731 0.505390
v 1.715730 -0.088312 0.646950
v 1.650137 -0.187504 0.782279
v 1.568653 -0.284891 0.910075
v 1.472061 -0.379534 1.029106
v 1.361293 -0.470522 1.138227
v 1.237415 -0.556979 1.236385
v 1.101620 -0.638071 1.322637
v 0.955216 -0.713019 1.396151
v 0.799612 -0.781100 1.456219
v 0.636308 -0.841658 1.502263
v 0.466875 -0.894111 1.533839
v -0.114219 0.957424 -1.562166
v 0.065609 0.967676 -1.558643
v 0.244805 0.968609 -1.540109
v 0.421644 0.960214 -1.506743
v 0.594422 0.942572 -1.458867
v 0.761475 0.915852 -1.396940
v 0.921195 0.880312 -1.321561
v 1.072043 0.836294 -1.233454
v 1.212567 0.784222 -1.133468
v 1.341413 0.724597 -1.022566
v 1.457341 0.657995 -0.901817
v 1.559233 0.585055 -0.772382
v 1.646110 0.506481 -0.635509
v 1.717133 0.423029 -0.492516
v 1.771620 0.335503 -0.344779
v 1.809045 0.244746 -0.193722
v 1.829047 0.151632 -0.040800
v 1.831436 0.057058 0.112516
v 1.816186 -0.038066 0.264747
v 1.783445 -0.132823 0.414430
v 1.733529 -0.226301 0.560121
v 1.666919 -0.317599 0.700417
v 1.584254 -0.405839 0.833969
v 1.486333 -0.490171 0.959489
v 1.374097 -0.569782 1.075768
v 1.248628 -0.643905 1.181687
v 1.111134 -0.711828 1.276226
v 0.962939 -0.772895 1.358474
v 0.805471 -0.826519 1.427639
v 0.640245 -0.872183 1.483055
v 0.468854 -0.909447 1.524189
v -0.114060 0.941841 -1.571621
v 0.065925 0.936662 -1.577462
v 0.245275 0.922461 -1.568112
v 0.422264 0.899377 -1.543659
v 0.595185 0.867631 -1.504341
v 0.762375 0.827530 -1.450534
v 0.922222 0.779459 -1.382759
v 1.073188 0.723881 -1.301666
v 1.213819 0.661333 -1.208038
v 1.342760 0.592414 -1.102776
v 1.458769 0.517791 -0.986893
v 1.560730 0.438181 -0.861506
v 1.647660 0.354351 -0.727822
v 1.718722 0.267109 -0.587129
v 1.773232 0.177293 -0.440782
v 1.810665 0.085771 -0.290189
v 1.830659 -0.006577 -0.136802
v 1.833024 -0.098862 0.017903
v 1.817736 -0.190195 0.172435
v 1.784942 -0.279697 0.325306
v 1.734958 -0.366504 0.475045
v 1.668266 -0.449782 0.620208
v 1.585506 -0.528729 0.759399
v 1.487478 -0.602583 0.891276
v 1.375125 -0.670635 1.014570
v 1.249528 -0.732227 1.128093
v 1.111898 -0.786768 1.230752
v 0.963559 -0.833732 1.321558
v 0.805941 -0.872667 1.399636
v 0.640561 -0.903197 1.464235
v 0.469012 -0.925029 1.514733
v -0.115723 0.926173 -1.580785
v 0.062616 0.905475 -1.595701
v 0.240352 0.876058 -1.595250
v 0.415773 0.838203 -1.579436
v 0.587190 0.792276 -1.548411
v 0.752952 0.738719 -1.502474
v 0.911463 0.678048 -1.442067
v 1.061195 0.610847 -1.367773
v 1.200709 0.537763 -1.280306
v 1.328658 0.459500 -1.180509
v 1.443812 0.376811 -1.069343
v 1.545061 0.290494 -0.947878
v 1.631430 0.201379 -0.817286
v 1.702088 0.110325 -0.678821
v 1.756353 0.018208 -0.533820
v 1.793705 -0.074084 -0.383678
v 1.813781 -0.165663 -0.229841
v 1.816390 -0.255646 -0.073790
v 1.801506 -0.343167 0.082971
v 1.769273 -0.427384 0.238934
v 1.720001 -0.507484 0.392595
v 1.654164 -0.582697 0.542475
v 1.572396 -0.652298 0.687131
v 1.475486 -0.715618 0.825170
v 1.364365 -0.772046 0.955261
v 1.240106 -0.821038 1.076153
v 1.103903 -0.862123 1.186681
v 0.957069 -0.894906 1.285781
v 0.801018 -0.919070 1.372498
v 0.637252 -0.934383 1.445997
v 0.467350 -0.940698 1.505570
v -0.119189 0.910579 -1.589563
v 0.055717 0.874437 -1.613172
v 0.230086 0.829875 -1.621246
v 0.402239 0.777320 -1.613706
v 0.570519 0.717279 -1.590626
v 0.733304 0.650330 -1.552227
v 0.889027 0.577119 -1.498878
v 1.036188 0.498349 -1.431096
v 1.173370 0.414781 -1.349530
v 1.299253 0.327217 -1.254969
v 1.412621 0.236502 -1.148321
v 1.512387 0.143509 -1.030614
v 1.597587 0.049135 -0.902981
v 1.667401 -0.045713 -0.766653
v 1.721158 -0.140121 -0.622941
v 1.758339 -0.233179 -0.473230
v 1.778585 -0.323992 -0.318962
v 1.781704 -0.411684 -0.161621
v 1.767663 -0.495412 -0.002725
v 1.736599 -0.574368 0.156198
v 1.688811 -0.647793 0.313617
v 1.624758 -0.714980 0.468015
v 1.545058 -0.775281 0.617907
v 1.450478 -0.828115 0.761847
v 1.341930 -0.872974 0.898450
v 1.220457 -0.909427 1.026401
v 1.087232 -0.937120 1.144467
v 0.943535 -0.955789 1.251511
v 0.790752 -0.965253 1.346502
v 0.630353 -0.965421 1.428526
v 0.463884 -0.956292 1.496792
v -0.124424 0.895219 -1.597864
v 0.045297 0.843866 -1.629695
v 0.214582 0.784386 -1.645832
v 0.381801 0.717352 -1.646118
v 0.545342 0.643410 -1.630551
v 0.703632 0.563271 -1.599281
v 0.855145 0.477708 -1.552609
v 0.998422 0.387544 -1.490985
v 1.132085 0.293648 -1.415001
v 1.254845 0.196924 -1.325391
v 1.365519 0.098303 -1.223016
v 1.463043 -0.001265 -1.108862
v 1.546478 -0.100820 -0.984030
v 1.615019 -0.199404 -0.849721
v 1.668006 -0.296069 -0.707229
v 1.704930 -0.389881 -0.557926
v 1.725434 -0.479940 -0.403250
v 1.729321 -0.565375 -0.244690
v 1.716554 -0.645367 -0.083774
v 1.687256 -0.719142 0.077950
v 1.641708 -0.785993 0.238922
v 1.580350 -0.845273 0.397593
v 1.503772 -0.896413 0.552436
v 1.412712 -0.938920 0.701958
v 1.308047 -0.972385 0.844720
v 1.190785 -0.996486 0.979346
v 1.062055 -1.010989 1.104541
v 0.923096 -1.015757 1.219099
v 0.775248 -1.010741 1.321916
v 0.619933 -0.995992 1.412003
v 0.458649 -0.971651 1.488490
v -0.131374 0.880251 -1.605605
v 0.031464 0.814075 -1.645102
v 0.194000 0.740059 -1.668756
v 0.354667 0.658916 -1.676339
v 0.511918 0.571427 -1.667778
v 0.664240 0.478435 -1.643155
v 0.810164 0.380835 -1.602708
v 0.948286 0.279568 -1.546826
v 1.077275 0.175608 -1.476047
v 1.195890 0.069957 -1.391052
v 1.302988 -0.036368 -1.292662
v 1.397537 -0.142343 -1.181822
v 1.478627 -0.246946 -1.059601
v 1.545477 -0.349172 -0.927175
v 1.597444 -0.448035 -0.785820
v 1.634026 -0.542583 -0.636897
v 1.654871 -0.631906 -0.481840
v 1.659780 -0.715143 -0.322143
v 1.648704 -0.791493 -0.159344
v 1.621749 -0.860220 0.004990
v 1.579177 -0.920663 0.169276
v 1.521396 -0.972240 0.331931
v 1.448963 -1.014453 0.491390
v 1.362576 -1.046897 0.646117
v 1.263067 -1.069258 0.794621
v 1.151393 -1.081322 0.935472
v 1.028631 -1.082972 1.067315
v 0.895963 -1.074193 1.188878
v 0.754666 -1.055068 1.298992
v 0.606101 -1.025783 1.396596
v 0.451699 -0.986619 1.480750
v -0.139967 0.865830 -1.612705
v 0.014361 0.785371 -1.659233
v 0.168550 0.697348 -1.689783
v 0.321117 0.602610 -1.704059
v 0.470590 0.502068 -1.701924
v 0.615532 0.396691 -1.683398
v 0.754546 0.287494 -1.648660
v 0.886293 0.175528 -1.598045
v 1.009505 0.061872 -1.532040
v 1.122994 -0.052381 -1.451280
v 1.225669 -0.166129 -1.356544
v 1.316539 -0.278277 -1.248744
v 1.394731 -0.387745 -1.128917
v 1.459491 -0.493479 -0.998218
v 1.510195 -0.594461 -0.857906
v 1.546355 -0.689717 -0.709332
v 1.567622 -0.778331 -0.553927
v 1.573793 -0.859450 -0.393187
v 1.564808 -0.932291 -0.228660
v 1.540752 -0.996154 -0.061931
v 1.501858 -1.050424 0.105393
v 1.448500 -1.094577 0.271703
v 1.381192 -1.128189 0.435397
v 1.300583 -1.150936 0.594897
v 1.207448 -1.162599 0.748668
v 1.102685 -1.163065 0.895229
v 0.987303 -1.152331 1.033169
v 0.862412 -1.130499 1.161158
v 0.729216 -1.097779 1.277965
v 0.588997 -1.054487 1.382465
v 0.443106 -1.001041 1.473650
v -0.150116 0.852102 -1.619092
v -0.005839 0.758047 -1.671945
v 0.138495 0.656692 -1.708697
v 0.281494 0.549012 -1.728993
v 0.421782 0.436046 -1.732638
v 0.558009 0.318880 -1.719597
v 0.688861 0.198643 -1.689995
v 0.813080 0.076493 -1.644118
v 0.929468 -0.046394 -1.582407
v 1.036905 -0.168834 -1.505456
v 1.134355 -0.289648 -1.414007
v 1.220882 -0.407672 -1.308941
v 1.295651 -0.521771 -1.191268
v 1.357942 -0.630844 -1.062123
v 1.407154 -0.733843 -0.922749
v 1.442816 -0.829774 -0.774489
v 1.464582 -0.917714 -0.618770
v 1.472244 -0.996815 -0.457092
v 1.465727 -1.066317 -0.291012
v 1.445094 -1.125550 -0.122128
v 1.410545 -1.173943 0.047930
v 1.362411 -1.211030 0.217528
v 1.301156 -1.236455 0.385030
v 1.227370 -1.249971 0.548825
v 1.141764 -1.251450 0.707333
v 1.045162 -1.240877 0.859030
v 0.938496 -1.218353 1.002454
v 0.822790 -1.184096 1.136224
v 0.699160 -1.138436 1.259051
v 0.568798 -1.081811 1.369753
v 0.432957 -1.014768 1.467263
v -0.161716 0.839208 -1.624699
v -0.028927 0.732384 -1.683106
v 0.104141 0.618507 -1.725304
v 0.236206 0.498673 -1.750886
v 0.365995 0.374037 -1.759607
v 0.492260 0.245799 -1.751381
v 0.613785 0.115194 -1.726289
v 0.729398 -0.016521 -1.684571
v 0.837987 -0.148077 -1.626630
v 0.938506 -0.278207 -1.553024
v 1.029985 -0.405657 -1.464461
v 1.111546 -0.529201 -1.361795
v 1.182403 -0.647649 -1.246014
v 1.241872 -0.759859 -1.118233
v 1.289380 -0.864751 -0.979683
v 1.324472 -0.961316 -0.831699
v 1.346808 -1.048622 -0.675704
v 1.356174 -1.125830 -0.513202
v 1.352479 -1.192195 -0.345758
v 1.335758 -1.247079 -0.174983
v 1.306174 -1.289953 -0.002524
v 1.264012 -1.320403 0.169960
v 1.209675 -1.338138 0.340807
v 1.143688 -1.342985 0.508371
v 1.066688 -1.334899 0.671040
v 0.979414 -1.313958 0.827247
v 0.882709 -1.280362 0.975486
v 0.777502 -1.234435 1.114331
v 0.664807 -1.176620 1.242444
v 0.545710 -1.107474 1.358592
v 0.421357 -1.027662 1.461656
v -0.174648 0.827282 -1.629470
v -0.054666 0.708646 -1.692602
v 0.065842 0.583186 -1.739434
v 0.185716 0.452109 -1.769514
v 0.303802 0.316679 -1.782552
v 0.418961 0.178198 -1.778424
v 0.530086 0.038002 -1.757168
v 0.636106 -0.102560 -1.718990
v 0.736000 -0.242135 -1.664257
v 0.828806 -0.379378 -1.593496
v 0.913629 -0.512967 -1.507389
v 0.989654 -0.641617 -1.406765
v 1.056149 -0.764087 -1.292593
v 1.112472 -0.879198 -1.165973
v 1.158080 -0.985843 -1.028124
v 1.192537 -1.082994 -0.880374
v 1.215508 -1.169714 -0.724145
v 1.226774 -1.245169 -0.560942
v 1.226225 -1.308633 -0.392337
v 1.213867 -1.359494 -0.219953
v 1.189818 -1.397262 -0.045451
v 1.154311 -1.421575 0.129488
v 1.107688 -1.432196 0.303180
v 1.050396 -1.429024 0.473953
v 0.982989 -1.412091 0.640161
v 0.906115 -1.381558 0.800204
v 0.820515 -1.337720 0.952540
v 0.727012 -1.280999 1.095704
v 0.626508 -1.211941 1.228314
v 0.519971 -1.131212 1.349096
v 0.408425 -1.039588 1.456885
v -0.188779 0.816444 -1.633356
v -0.082793 0.687076 -1.700336
v 0.023991 0.551091 -1.750941
v 0.130544 0.409798 -1.784684
v 0.235839 0.264559 -1.801239
v 0.338863 0.116772 -1.800447
v 0.438624 -0.032139 -1.782316
v 0.534161 -0.180741 -1.747020
v 0.624553 -0.327603 -1.694900
v 0.708931 -0.471309 -1.626457
v 0.786481 -0.610477 -1.542349
v 0.856457 -0.743765 -1.443389
v 0.918185 -0.869891 -1.330528
v 0.971070 -0.987639 -1.204853
v 1.014603 -1.095875 -1.067574
v 1.048365 -1.193558 -0.920015
v 1.072031 -1.279746 -0.763595
v 1.085372 -1.353609 -0.599821
v 1.088261 -1.414437 -0.430271
v 1.080669 -1.461643 -0.256577
v 1.062670 -1.494772 -0.080412
v 1.034437 -1.513506 0.096527
v 0.996241 -1.517664 0.272537
v 0.948451 -1.507205 0.445922
v 0.891527 -1.482232 0.615013
v 0.826017 -1.442984 0.778181
v 0.752553 -1.389840 0.933854
v 0.671840 -1.323310 1.080534
v 0.584657 -1.244037 1.216807
v 0.491844 -1.152782 1.341363
v 0.394294 -1.050426 1.452999
v -0.203965 0.806807 -1.636316
v -0.113018 0.667895 -1.706228
v -0.020983 0.522550 -1.759708
v 0.071255 0.372173 -1.796241
v 0.162806 0.218212 -1.815475
v 0.252789 0.062150 -1.817226
v 0.340338 -0.094511 -1.801475
v 0.424609 -0.250262 -1.768375
v 0.504791 -0.403603 -1.718245
v 0.580112 -0.553057 -1.651568
v 0.649845 -0.697185 -1.568984
v 0.713320 -0.834598 -1.471291
v 0.769926 -0.963975 -1.359428
v 0.819117 -1.084067 -1.234473
v 0.860419 -1.193719 -1.097630
v 0.893436 -1.291875 -0.950216
v 0.917847 -1.377590 -0.793650
v 0.933420 -1.450037 -0.629442
v 0.940003 -1.508521 -0.459171
v 0.937533 -1.552476 -0.284479
v 0.926034 -1.581480 -0.107046
v 0.905618 -1.595254 0.071416
v 0.876479 -1.593664 0.249192
v 0.838899 -1.576726 0.424567
v 0.793241 -1.544604 0.595854
v 0.739943 -1.497607 0.761402
v 0.679519 -1.436187 0.919617
v 0.612551 -1.360935 1.068976
v 0.539684 -1.272577 1.208040
v 0.461619 -1.171963 1.335471
v 0.379108 -1.060062 1.450039
v -0.220050 0.798470 -1.638320
v -0.145032 0.651301 -1.710217
v -0.068618 0.497859 -1.765644
v 0.008457 0.339622 -1.804067
v 0.085451 0.178115 -1.825116
v 0.161621 0.014892 -1.828587
v 0.236235 -0.148473 -1.814448
v 0.308574 -0.310409 -1.782836
v 0.377942 -0.469356 -1.734054
v 0.443669 -0.623783 -1.668571
v 0.505124 -0.772202 -1.587020
v 0.561714 -0.913184 -1.490184
v 0.612895 -1.045373 -1.378998
v 0.658173 -1.167493 -1.254530
v 0.697112 -1.278370 -1.117981
v 0.729338 -1.376936 -0.970666
v 0.754540 -1.462241 -0.814002
v 0.772475 -1.533464 -0.649499
v 0.782971 -1.589919 -0.478741
v 0.785927 -1.631062 -0.303372
v 0.781313 -1.656497 -0.125082
v 0.769175 -1.665979 0.054413
v 0.749630 -1.659417 0.233383
v 0.722865 -1.636873 0.410107
v 0.689138 -1.598566 0.582880
v 0.648775 -1.544864 0.750040
v 0.602164 -1.476284 0.909977
v 0.549754 -1.393486 1.061150
v 0.492049 -1.297268 1.202104
v 0.429605 -1.188557 1.331481
v 0.363024 -1.068400 1.448035
v -0.236868 0.791517 -1.639349
v -0.178506 0.637462 -1.712264
v -0.118425 0.477268 -1.768689
v -0.057204 0.312478 -1.808081
v 0.004568 0.144678 -1.830060
v 0.066296 -0.024515 -1.834415
v 0.127385 -0.193472 -1.821103
v 0.187248 -0.360565 -1.790253
v 0.245308 -0.524187 -1.742162
v 0.301004 -0.682760 -1.677293
v 0.353803 -0.834758 -1.596271
v 0.403193 -0.978716 -1.499876
v 0.448702 -1.113250 -1.389036
v 0.489888 -1.237062 -1.264819
v 0.526356 -1.348960 -1.128421
v 0.557757 -1.447868 -0.981156
v 0.583784 -1.532831 -0.824441
v 0.604191 -1.603033 -0.659787
v 0.618778 -1.657796 -0.488779
v 0.627406 -1.696594 -0.313063
v 0.629992 -1.719053 -0.134333
v 0.626511 -1.724957 0.045691
v 0.616996 -1.714248 0.225275
v 0.601539 -1.687029 0.402689
v 0.580288 -1.643565 0.576226
v 0.553450 -1.584271 0.744213
v 0.521281 -1.509721 0.905032
v 0.484092 -1.420631 1.057136
v 0.442241 -1.317859 1.199059
v 0.396131 -1.202395 1.329435
v 0.346206 -1.075352 1.447007
v -0.254247 0.786021 -1.639390
v -0.213097 0.626523 -1.712346
v -0.169894 0.460991 -1.768812
v -0.125056 0.291019 -1.808243
v -0.079013 0.118245 -1.830259
v -0.032210 -0.055668 -1.834650
v 0.014904 -0.229045 -1.821371
v 0.061874 -0.400216 -1.790552
v 0.108249 -0.567533 -1.742489
v 0.153581 -0.729385 -1.677644
v 0.197434 -0.884211 -1.596643
v 0.239385 -1.030523 -1.500265
v 0.279031 -1.166910 -1.389440
v 0.315990 -1.292059 -1.265232
v 0.349905 -1.404765 -1.128840
v 0.380452 -1.503942 -0.981578
v 0.407333 -1.588636 -0.824861
v 0.430293 -1.658030 -0.660201
v 0.449108 -1.711456 -0.489183
v 0.463598 -1.748400 -0.313453
v 0.473623 -1.768506 -0.134705
v 0.479087 -1.771581 0.045340
v 0.479937 -1.757594 0.224949
v 0.476165 -1.726680 0.402391
v 0.467807 -1.679138 0.575958
v 0.454944 -1.615425 0.743978
v 0.437700 -1.536154 0.904833
v 0.416241 -1.442089 1.056975
v 0.390772 -1.334136 1.198936
v 0.361541 -1.213335 1.329352
v 0.328827 -1.080849 1.446965
v -0.272008 0.782037 -1.638444
v -0.248449 0.618594 -1.710463
v -0.222497 0.449193 -1.766011
v -0.194402 0.275466 -1.804550
v -0.164435 0.099086 -1.825710
v -0.132884 -0.078248 -1.829288
v -0.100053 -0.254828 -1.815249
v -0.066260 -0.428954 -1.783728
v -0.031827 -0.598950 -1.735029
v 0.002911 -0.763177 -1.669620
v 0.037622 -0.920054 -1.588132
v 0.071970 -1.068071 -1.491349
v 0.105625 -1.205802 -1.380205
v 0.138263 -1.331920 -1.255767
v 0.169569 -1.445211 -1.119237
v 0.199243 -1.544585 -0.971927
v 0.226997 -1.629082 -0.815257
v 0.252566 -1.697891 -0.650736
v 0.275702 -1.750348 -0.479948
v 0.296182 -1.785948 -0.304537
v 0.313811 -1.804349 -0.126194
v 0.328417 -1.805374 0.053364
v 0.339861 -1.789011 0.232409
v 0.348031 -1.755419 0.409215
v 0.352850 -1.704921 0.582080
v 0.354270 -1.638004 0.749340
v 0.352279 -1.555313 0.909382
v 0.346895 -1.457642 1.060668
v 0.338170 -1.345934 1.201738
v 0.326189 -1.221264 1.331235
v 0.311066 -1.084832 1.447911
v -0.289970 0.779607 -1.636520
v -0.284200 0.613757 -1.706635
v -0.275692 0.441996 -1.760314
v -0.264530 0.265978 -1.797040
v -0.250820 0.087399 -1.816460
v -0.234694 -0.092022 -1.818386
v -0.216308 -0.270556 -1.802799
v -0.195839 -0.446485 -1.769852
v -0.173484 -0.618115 -1.719859
v -0.149459 -0.783791 -1.653304
v -0.123993 -0.941919 -1.570825
v -0.097334 -1.090976 -1.473219
v -0.069737 -1.229527 -1.361426
v -0.041469 -1.356236 -1.236521
v -0.012802 -1.469884 -1.099707
v 0.015990 -1.569377 -0.952304
v 0.044626 -1.653755 -0.795728
v 0.072834 -1.722207 -0.631489
v 0.100339 -1.774073 -0.461169
v 0.126879 -1.808854 -0.286407
v 0.152196 -1.826214 -0.108888
v 0.176048 -1.825988 0.069680
v 0.198204 -1.808176 0.247578
v 0.218452 -1.772949 0.423091
v 0.236595 -1.720649 0.594529
v 0.252460 -1.651778 0.760242
v 0.265894 -1.567000 0.918633
v 0.276767 -1.467130 1.068177
v 0.284974 -1.353131 1.207434
v 0.290438 -1.226100 1.335063
v 0.293104 -1.087262 1.449835
v -0.307949 0.778756 -1.633639
v -0.319983 0.612062 -1.700900
v -0.328936 0.439474 -1.751781
v -0.334721 0.262653 -1.785791
v -0.337282 0.083303 -1.802603
v -0.336595 -0.096849 -1.802054
v -0.332667 -0.276068 -1.784151
v -0.325535 -0.452629 -1.749066
v -0.315268 -0.624832 -1.697136
v -0.301965 -0.791016 -1.628862
v -0.285753 -0.949582 -1.544901
v -0.266790 -1.099004 -1.446061
v -0.245257 -1.237842 -1.333296
v -0.221362 -1.364758 -1.207690
v -0.195336 -1.478531 -1.070453
v -0.167428 -1.578066 -0.922908
v -0.137908 -1.662402 -0.766474
v -0.107059 -1.730729 -0.602659
v -0.075180 -1.782388 -0.433039
v -0.042577 -1.816881 -0.259249
v -0.009564 -1.833877 -0.082963
v 0.023542 -1.833212 0.094122
v 0.056420 -1.814892 0.270301
v 0.088756 -1.779093 0.443877
v 0.120236 -1.726161 0.613178
v 0.150559 -1.656605 0.776573
v 0.179431 -1.571096 0.932490
v 0.206576 -1.470455 1.079427
v 0.231731 -1.355653 1.215967
v 0.254655 -1.227795 1.340798
v 0.275126 -1.088114 1.452716
v -0.325758 0.779491 -1.629830
v -0.355431 0.613526 -1.693318
v -0.381680 0.441652 -1.740499
v -0.404254 0.265525 -1.770917
v -0.422935 0.086841 -1.784281
v -0.437542 -0.092680 -1.780462
v -0.447936 -0.271308 -1.759495
v -0.454016 -0.447323 -1.721583
v -0.455723 -0.619031 -1.667093
v -0.453042 -0.784776 -1.596546
v -0.445997 -0.942964 -1.510624
v -0.434658 -1.092070 -1.410154
v -0.419132 -1.230660 -1.296104
v -0.399570 -1.357398 -1.169571
v -0.376160 -1.471063 -1.031774
v -0.349127 -1.570561 -0.884042
v -0.318733 -1.654934 -0.727795
v -0.285267 -1.723369 -0.564539
v -0.249056 -1.775206 -0.395847
v -0.210445 -1.809948 -0.223342
v -0.169808 -1.827259 -0.048686
v -0.127536 -1.826972 0.126438
v -0.084035 -1.809091 0.300345
v -0.039725 -1.773787 0.471359
v 0.004967 -1.721400 0.637834
v 0.049612 -1.652436 0.798166
v 0.093779 -1.567558 0.950811
v 0.137043 -1.467583 1.094300
v 0.178987 -1.353475 1.227250
v 0.219207 -1.226331 1.348381
v 0.257316 -1.087378 1.456525
v -0.343217 0.781806 -1.625131
v -0.390180 0.618134 -1.683966
v -0.433385 0.448509 -1.726583
v -0.472417 0.274564 -1.752573
v -0.506899 0.097975 -1.761684
v -0.536499 -0.079557 -1.753829
v -0.560932 -0.256323 -1.729084
v -0.579964 -0.430621 -1.687686
v -0.593410 -0.600772 -1.630036
v -0.601141 -0.765136 -1.556688
v -0.603082 -0.922132 -1.468347
v -0.599216 -1.070248 -1.365865
v -0.589579 -1.208057 -1.250230
v -0.574264 -1.334231 -1.122555
v -0.553420 -1.447556 -0.984068
v -0.527244 -1.546941 -0.836105
v -0.495992 -1.631427 -0.680088
v -0.459962 -1.700202 -0.517523
v -0.419503 -1.752603 -0.349974
v -0.375004 -1.788125 -0.179054
v -0.326893 -1.806427 -0.006409
v -0.275635 -1.807333 0.166296
v -0.221721 -1.790832 0.337401
v -0.165673 -1.757085 0.505256
v -0.108029 -1.706416 0.668245
v -0.049344 -1.639313 0.824799
v 0.009815 -1.556424 0.973409
v 0.068880 -1.458544 1.112645
v 0.127282 -1.346618 1.241165
v 0.184458 -1.221723 1.357733
v 0.239857 -1.085063 1.461224
v -0.360145 0.785678 -1.619591
v -0.423873 0.625839 -1.672940
v -0.483519 0.459973 -1.710177
v -0.538509 0.289678 -1.730944
v -0.588312 0.116593 -1.735042
v -0.632450 -0.057615 -1.722430
v -0.670496 -0.231268 -1.693230
v -0.702086 -0.402694 -1.647723
v -0.726914 -0.570242 -1.586348
v -0.744741 -0.732298 -1.509696
v -0.755396 -0.887301 -1.418504
v -0.758777 -1.033760 -1.313651
v -0.754849 -1.170263 -1.196147
v -0.743653 -1.295496 -1.067124
v -0.725295 -1.408252 -0.927823
v -0.699951 -1.507447 -0.779588
v -0.667867 -1.592123 -0.623844
v -0.629350 -1.661467 -0.462092
v -0.584773 -1.714809 -0.295890
v -0.534564 -1.751637 -0.126839
v -0.479207 -1.771597 0.043434
v -0.419235 -1.774495 0.213288
v -0.355225 -1.760303 0.381089
v -0.287795 -1.729158 0.545219
v -0.217593 -1.681361 0.704099
v -0.145295 -1.617371 0.856198
v -0.071598 -1.537806 1.000051
v 0.002788 -1.443430 1.134273
v 0.077148 -1.335154 1.257571
v 0.150765 -1.214018 1.368759
v 0.222929 -1.081192 1.466764
v -0.376370 0.791065 -1.613267
v -0.456166 0.636562 -1.660353
v -0.531569 0.475928 -1.691449
v -0.601852 0.310711 -1.706255
v -0.666340 0.142502 -1.704629
v -0.724410 -0.027080 -1.686586
v -0.775504 -0.196400 -1.652301
v -0.819129 -0.363829 -1.602103
v -0.854866 -0.527756 -1.536476
v -0.882370 -0.686598 -1.456052
v -0.901375 -0.838829 -1.361605
v -0.911701 -0.982981 -1.254045
v -0.913246 -1.117667 -1.134409
v -0.905996 -1.241589 -1.003847
v -0.890022 -1.353554 -0.863617
v -0.865475 -1.452484 -0.715071
v -0.832594 -1.537425 -0.559638
v -0.791694 -1.607560 -0.398815
v -0.743170 -1.662214 -0.234152
v -0.687488 -1.700858 -0.067233
v -0.625186 -1.723124 0.100333
v -0.556863 -1.728795 0.266932
v -0.483177 -1.717816 0.430961
v -0.404838 -1.690294 0.590840
v -0.322600 -1.646493 0.745028
v -0.237255 -1.586836 0.892041
v -0.149626 -1.511897 1.030463
v -0.060555 -1.422397 1.158962
v 0.029099 -1.319199 1.276299
v 0.118473 -1.203296 1.381345
v 0.206705 -1.075805 1.473088
v -0.391724 0.797913 -1.606224
v -0.486725 0.650192 -1.646335
v -0.577040 0.496210 -1.670591
v -0.661797 0.337448 -1.678757
v -0.740181 0.175437 -1.670757
v -0.811436 0.011737 -1.646666
v -0.874877 -0.152077 -1.606717
v -0.929893 -0.314426 -1.551294
v -0.975953 -0.473748 -1.480932
v -1.012614 -0.628506 -1.396307
v -1.039522 -0.777212 -1.298235
v -1.056420 -0.918432 -1.187661
v -1.063145 -1.050809 -1.065648
v -1.059630 -1.173065 -0.933373
v -1.045911 -1.284023 -0.792109
v -1.022118 -1.382617 -0.643217
v -0.988483 -1.467894 -0.488129
v -0.945327 -1.539036 -0.328342
v -0.893068 -1.595355 -0.165392
v -0.832208 -1.636310 -0.000849
v -0.763333 -1.661507 0.163702
v -0.687108 -1.670702 0.326676
v -0.604264 -1.663808 0.486505
v -0.515601 -1.640890 0.641648
v -0.421974 -1.602170 0.790612
v -0.324282 -1.548020 0.931961
v -0.223467 -1.478962 1.064335
v -0.120500 -1.395660 1.186460
v -0.016372 -1.298918 1.297158
v 0.087913 -1.189665 1.395363
v 0.191351 -1.068957 1.480130
v -0.406049 0.806152 -1.598534
v -0.515239 0.666591 -1.631029
v -0.619467 0.520609 -1.647817
v -0.717729 0.369615 -1.648734
v -0.809078 0.215060 -1.633774
v -0.892636 0.058435 -1.603079
v -0.967597 -0.098753 -1.556946
v -1.033240 -0.254990 -1.495819
v -1.088932 -0.408773 -1.420286
v -1.134137 -0.558617 -1.331075
v -1.168420 -0.703082 -1.229045
v -1.191450 -0.840776 -1.115178
v -1.203006 -0.970374 -0.990572
v -1.202976 -1.090626 -0.856426
v -1.191362 -1.200373 -0.714032
v -1.168273 -1.298562 -0.564762
v -1.133934 -1.384244 -0.410053
v -1.088674 -1.456596 -0.251395
v -1.032929 -1.514920 -0.090316
v -0.967237 -1.558653 0.071634
v -0.892231 -1.587377 0.232893
v -0.808631 -1.600814 0.391909
v -0.717244 -1.598833 0.547151
v -0.618949 -1.581455 0.697124
v -0.514693 -1.548846 0.840383
v -0.405481 -1.501322 0.975548
v -0.292364 -1.439339 1.101318
v -0.176431 -1.363494 1.216483
v -0.058799 -1.274518 1.319932
v 0.059400 -1.173267 1.410669
v 0.177025 -1.060718 1.487820
v -0.419200 0.815697 -1.590276
v -0.541414 0.685588 -1.614593
v -0.658413 0.548877 -1.623360
v -0.769072 0.406880 -1.616493
v -0.872324 0.260965 -1.594059
v -0.967175 0.112536 -1.556273
v -1.052711 -0.036976 -1.503499
v -1.128110 -0.186133 -1.436245
v -1.192645 -0.333497 -1.355160
v -1.245693 -0.477649 -1.261024
v -1.286744 -0.617201 -1.154743
v -1.315404 -0.750809 -1.037342
v -1.331396 -0.877187 -0.909950
v -1.334566 -0.995117 -0.773795
v -1.324883 -1.103463 -0.630188
v -1.302440 -1.201183 -0.480513
v -1.267455 -1.287334 -0.326209
v -1.220263 -1.361088 -0.168764
v -1.161319 -1.421733 -0.009694
v -1.091191 -1.468686 0.149470
v -1.010555 -1.501496 0.307195
v -0.920187 -1.519846 0.461960
v -0.820956 -1.523558 0.612277
v -0.713819 -1.512597 0.756697
v -0.599808 -1.487069 0.893830
v -0.480020 -1.447220 1.022355
v -0.355610 -1.393435 1.141034
v -0.227775 -1.326228 1.248724
v -0.097746 -1.246250 1.344388
v 0.033225 -1.154269 1.427105
v 0.163875 -1.051173 1.496078
v -0.431041 0.826450 -1.581535
v -0.564981 0.706991 -1.597195
v -0.693480 0.580723 -1.597472
v -0.815301 0.448863 -1.582365
v -0.929270 0.312679 -1.552019
v -1.034289 0.173485 -1.506727
v -1.129348 0.032620 -1.446923
v -1.213530 -0.108559 -1.373185
v -1.286026 -0.248694 -1.286223
v -1.346136 -0.386432 -1.186873
v -1.393282 -0.520450 -1.076093
v -1.427011 -0.649454 -0.954950
v -1.446996 -0.772206 -0.824610
v -1.453046 -0.887520 -0.686329
v -1.445103 -0.994286 -0.541437
v -1.423243 -1.091477 -0.391332
v -1.387675 -1.178156 -0.237458
v -1.338744 -1.253490 -0.081297
v -1.276919 -1.316752 0.075647
v -1.202798 -1.367332 0.231862
v -1.117093 -1.404745 0.385845
v -1.020630 -1.428629 0.536111
v -0.914337 -1.438754 0.681214
v -0.799239 -1.435024 0.819757
v -0.676444 -1.417473 0.950406
v -0.547134 -1.386271 1.071901
v -0.412556 -1.341720 1.183073
v -0.274004 -1.284246 1.282852
v -0.132813 -1.214404 1.370276
v 0.009658 -1.132867 1.444503
v 0.152034 -1.040420 1.504819
v -0.441450 0.838301 -1.572400
v -0.585699 0.730579 -1.579013
v -0.724308 0.615820 -1.570419
v -0.855941 0.495131 -1.546701
v -0.979331 0.369674 -1.508087
v -1.093290 0.240657 -1.454949
v -1.196719 0.109322 -1.387800
v -1.288623 -0.023066 -1.307285
v -1.368118 -0.155233 -1.214181
v -1.434437 -0.285903 -1.109383
v -1.486940 -0.413821 -0.993902
v -1.525124 -0.537753 -0.868848
v -1.548621 -0.656506 -0.735427
v -1.557204 -0.768938 -0.594923
v -1.550789 -0.873963 -0.448690
v -1.529440 -0.970572 -0.298136
v -1.493362 -1.057833 -0.144711
v -1.442901 -1.134908 0.010108
v -1.378544 -1.201053 0.164830
v -1.300912 -1.255630 0.317964
v -1.210751 -1.298115 0.468036
v -1.108930 -1.328100 0.613600
v -0.996429 -1.345293 0.753256
v -0.874332 -1.349531 0.885657
v -0.743815 -1.340771 1.009528
v -0.606135 -1.319100 1.123678
v -0.462617 -1.284725 1.227005
v -0.314644 -1.237977 1.318516
v -0.163640 -1.179307 1.397329
v -0.011061 -1.109279 1.462685
v 0.141625 -1.028569 1.513954
v -0.450321 0.851128 -1.562966
v -0.603356 0.756109 -1.560234
v -0.750580 0.653808 -1.542477
v -0.890576 0.545211 -1.509865
v -1.021995 0.431363 -1.462712
v -1.143571 0.313361 -1.401473
v -1.254134 0.192341 -1.326737
v -1.352619 0.069469 -1.239223
v -1.438079 -0.054073 -1.139775
v -1.509688 -0.177093 -1.029350
v -1.566757 -0.298408 -0.909012
v -1.608739 -0.416849 -0.779920
v -1.635228 -0.531277 -0.643317
v -1.645968 -0.640587 -0.500518
v -1.640857 -0.743728 -0.352898
v -1.619944 -0.839707 -0.201881
v -1.583430 -0.927599 -0.048919
v -1.531666 -1.006558 0.104514
v -1.465151 -1.075823 0.256940
v -1.384526 -1.134727 0.406892
v -1.290568 -1.182703 0.552926
v -1.184182 -1.219290 0.693634
v -1.066390 -1.244133 0.827662
v -0.938328 -1.256995 0.953719
v -0.801230 -1.257752 1.070592
v -0.656416 -1.246396 1.177154
v -0.505280 -1.223036 1.272380
v -0.349278 -1.187898 1.355352
v -0.189912 -1.141319 1.425271
v -0.028717 -1.083749 1.481463
v 0.132754 -1.015742 1.523389
v -0.457563 0.864800 -1.553328
v -0.617769 0.783321 -1.541052
v -0.772026 0.694298 -1.513934
v -0.918849 0.598588 -1.472237
v -1.056822 0.497114 -1.416361
v -1.184617 0.390853 -1.346845
v -1.301003 0.280827 -1.264359
v -1.404861 0.168097 -1.169695
v -1.495189 0.053748 -1.063767
v -1.571118 -0.061119 -0.947594
v -1.631914 -0.175397 -0.822296
v -1.676996 -0.287986 -0.689077
v -1.705928 -0.397802 -0.549224
v -1.718430 -0.503786 -0.404080
v -1.714382 -0.604918 -0.255045
v -1.693825 -0.700226 -0.103554
v -1.656955 -0.788789 0.048934
v -1.604127 -0.869757 0.200951
v -1.535851 -0.942348 0.351033
v -1.452783 -1.005863 0.497734
v -1.355725 -1.059692 0.639642
v -1.245611 -1.103315 0.775390
v -1.123500 -1.136313 0.903670
v -0.990570 -1.158367 1.023247
v -0.848099 -1.169266 1.132970
v -0.697462 -1.168904 1.231782
v -0.540108 -1.157285 1.318731
v -0.377551 -1.134520 1.392980
v -0.211359 -1.100830 1.453813
v -0.043130 -1.056538 1.500646
v 0.125512 -1.002071 1.533027
v 0.292947 -0.937953 1.550643
v -0.463101 0.879176 -1.543586
v -0.628792 0.811934 -1.521662
v -0.788428 0.736873 -1.485083
v -0.940470 0.654715 -1.434202
v -1.083456 0.566253 -1.369509
v -1.216007 0.472337 -1.291628
v -1.336846 0.373872 -1.201307
v -1.444812 0.271806 -1.099416
v -1.538864 0.167123 -0.986938
v -1.618096 0.060830 -0.864955
v -1.681743 -0.046048 -0.734642
v -1.729195 -0.152483 -0.597254
v -1.759995 -0.257451 -0.454114
v -1.773844 -0.359938 -0.306601
v -1.770610 -0.458958 -0.156134
v -1.750325 -0.553560 -0.004165
v -1.713182 -0.642829 0.147845
v -1.659541 -0.725909 0.298431
v -1.589918 -0.801997 0.446143
v -1.504982 -0.870361 0.589558
v -1.405554 -0.930343 0.727296
v -1.292589 -0.981367 0.858029
v -1.167175 -1.022938 0.980499
v -1.030521 -1.054659 1.093526
v -0.883943 -1.076222 1.196022
v -0.728851 -1.087420 1.287000
v -0.566741 -1.088147 1.365582
v -0.399173 -1.078394 1.431014
v -0.227760 -1.058255 1.482665
v -0.054153 -1.027924 1.520036
v 0.119974 -0.987695 1.542768
v -0.466878 0.894108 -1.533840
v -0.636310 0.841655 -1.502263
v -0.799615 0.781097 -1.456219
v -0.955219 0.713016 -1.396151
v -1.101623 0.638068 -1.322637
v -1.237418 0.556976 -1.236386
v -1.361295 0.470519 -1.138227
v -1.472064 0.379532 -1.029107
v -1.568656 0.284888 -0.910076
v -1.650140 0.187502 -0.782280
v -1.715732 0.088309 -0.646950
v -1.764801 -0.011733 -0.505390
v -1.796875 -0.111664 -0.358963
v -1.811643 -0.210518 -0.209079
v -1.808964 -0.307345 -0.057181
v -1.788864 -0.401213 0.095267
v -1.751536 -0.491216 0.246799
v -1.697340 -0.576489 0.395953
v -1.626798 -0.656210 0.541294
v -1.540588 -0.729611 0.681422
v -1.439542 -0.795985 0.814987
v -1.324634 -0.854695 0.940704
v -1.196967 -0.905173 1.057361
v -1.057773 -0.946933 1.163835
v -0.908392 -0.979574 1.259101
v -0.750263 -1.002781 1.342241
v -0.584909 -1.016331 1.412455
v -0.413921 -1.020093 1.469065
v -0.238947 -1.014031 1.511528
v -0.061672 -0.998203 1.539434
v 0.116197 -0.972762 1.552515
v -0.468857 0.909445 -1.524189
v -0.640248 0.872180 -1.483056
v -0.805474 0.826516 -1.427639
v -0.962943 0.772892 -1.358474
v -1.111137 0.711825 -1.276226
v -1.248631 0.643903 -1.181687
v -1.374099 0.569779 -1.075769
v -1.486335 0.490168 -0.959489
v -1.584257 0.405836 -0.833969
v -1.666921 0.317597 -0.700418
v -1.733532 0.226298 -0.560121
v -1.783447 0.132820 -0.414430
v -1.816189 0.038063 -0.264748
v -1.831438 -0.057061 -0.112516
v -1.829050 -0.151635 0.040800
v -1.809047 -0.244749 0.193722
v -1.771622 -0.335506 0.344779
v -1.717135 -0.423032 0.492515
v -1.646112 -0.506483 0.635509
v -1.559235 -0.585057 0.772382
v -1.457342 -0.657997 0.901816
v -1.341415 -0.724600 1.022566
v -1.212569 -0.784224 1.133467
v -1.072044 -0.836296 1.233453
v -0.921196 -0.880314 1.321560
v -0.761476 -0.915854 1.396940
v -0.594423 -0.942574 1.458866
v -0.421645 -0.960217 1.506742
v -0.244806 -0.968612 1.540108
v -0.065609 -0.967678 1.558642
v 0.114219 -0.957426 1.562165
v -0.469015 0.925027 -1.514734
v -0.640564 0.903195 -1.464236
v -0.805944 0.872664 -1.399637
v -0.963562 0.833730 -1.321558
v -1.111901 0.786766 -1.230752
v -1.249531 0.732224 -1.128093
v -1.375127 0.670632 -1.014571
v -1.487481 0.602581 -0.891277
v -1.585510 0.528726 -0.759399
v -1.668268 0.449780 -0.620209
v -1.734960 0.366502 -0.475045
v -1.784944 0.279694 -0.325306
v -1.817739 0.190193 -0.172435
v -1.833027 0.098860 -0.017903
v -1.830662 0.006575 0.136802
v -1.810667 -0.085774 0.290189
v -1.773234 -0.177296 0.440781
v -1.718724 -0.267111 0.587129
v -1.647662 -0.354354 0.727822
v -1.560731 -0.438183 0.861505
v -1.458771 -0.517793 0.986893
v -1.342762 -0.592417 1.102775
v -1.213821 -0.661335 1.208037
v -1.073190 -0.723884 1.301665
v -0.922223 -0.779461 1.382758
v -0.762376 -0.827533 1.450534
v -0.595186 -0.867634 1.504340
v -0.422265 -0.899380 1.543659
v -0.245276 -0.922464 1.568111
v -0.065925 -0.936664 1.577461
v 0.114060 -0.941844 1.571620
v -0.467353 0.940696 -1.505570
v -0.637255 0.934381 -1.445997
v -0.801021 0.919068 -1.372498
v -0.957072 0.894904 -1.285781
v -1.103906 0.862121 -1.186682
v -1.240108 0.821035 -1.076154
v -1.364368 0.772043 -0.955262
v -1.475488 0.715616 -0.825170
v -1.572399 0.652296 -0.687131
v -1.654167 0.582695 -0.542475
v -1.720003 0.507482 -0.392595
v -1.769275 0.427381 -0.238934
v -1.801509 0.343165 -0.082971
v -1.816393 0.255643 0.073790
v -1.813783 0.165661 0.229841
v -1.793707 0.074082 0.383678
v -1.756356 -0.018210 0.533820
v -1.702090 -0.110327 0.678821
v -1.631432 -0.201382 0.817285
v -1.545062 -0.290496 0.947878
v -1.443813 -0.376813 1.069342
v -1.328660 -0.459502 1.180508
v -1.200711 -0.537765 1.280305
v -1.061197 -0.610849 1.367772
v -0.911464 -0.678050 1.442067
v -0.752953 -0.738722 1.502473
v -0.587192 -0.792279 1.548410
v -0.415774 -0.838206 1.579435
v -0.240353 -0.876060 1.595249
v -0.062616 -0.905478 1.595700
v 0.115722 -0.926175 1.580784
v -0.463887 0.956290 -1.496793
v -0.630356 0.965419 -1.428526
v -0.790754 0.965251 -1.346503
v -0.943538 0.955787 -1.251511
v -1.087234 0.937118 -1.144467
v -1.220460 0.909424 -1.026401
v -1.341932 0.872972 -0.898451
v -1.450481 0.828113 -0.761847
v -1.545061 0.775278 -0.617907
v -1.624761 0.714978 -0.468016
v -1.688813 0.647791 -0.313617
v -1.736601 0.574366 -0.156199
v -1.767666 0.495409 0.002724
v -1.781706 0.411682 0.161621
v -1.778588 0.323990 0.318962
v -1.758341 0.233177 0.473230
v -1.721160 0.140119 0.622941
v -1.667404 0.045711 0.766653
v -1.597589 -0.049137 0.902981
v -1.512388 -0.143511 1.030613
v -1.412623 -0.236504 1.148320
v -1.299255 -0.327219 1.254968
v -1.173372 -0.414783 1.349530
v -1.036190 -0.498352 1.431095
v -0.889028 -0.577121 1.498878
v -0.733305 -0.650333 1.552226
v -0.570520 -0.717282 1.590625
v -0.402240 -0.777323 1.613705
v -0.230087 -0.829877 1.621245
v -0.055717 -0.874440 1.613171
v 0.119189 -0.910581 1.589561
v -0.458652 0.971649 -1.488491
v -0.619936 0.995990 -1.412003
v -0.775251 1.010739 -1.321917
v -0.923099 1.015754 -1.219099
v -1.062058 1.010987 -1.104542
v -1.190788 0.996483 -0.979347
v -1.308050 0.972383 -0.844720
v -1.412715 0.938918 -0.701958
v -1.503776 0.896411 -0.552436
v -1.580353 0.845271 -0.397593
v -1.641710 0.785990 -0.238922
v -1.687258 0.719140 -0.077950
v -1.716557 0.645364 0.083774
v -1.729324 0.565373 0.244690
v -1.725436 0.479938 0.403250
v -1.704932 0.389879 0.557926
v -1.668008 0.296067 0.707229
v -1.615021 0.199402 0.849721
v -1.546480 0.100818 0.984030
v -1.463045 0.001263 1.108862
v -1.365521 -0.098305 1.223016
v -1.254847 -0.196926 1.325390
v -1.132087 -0.293650 1.415001
v -0.998424 -0.387547 1.490984
v -0.855146 -0.477710 1.552608
v -0.703633 -0.563274 1.599280
v -0.545343 -0.643413 1.630550
v -0.381802 -0.717355 1.646117
v -0.214583 -0.784389 1.645831
v -0.045297 -0.843869 1.629694
v 0.124424 -0.895222 1.597863
v -0.292950 0.937951 -1.550644
v -0.451702 0.986617 -1.480750
v -0.606103 1.025781 -1.396596
v -0.754668 1.055066 -1.298992
v -0.895965 1.074191 -1.188878
v -1.028634 1.082970 -1.067315
v -1.151396 1.081320 -0.935473
v -1.263069 1.069256 -0.794621
v -1.362578 1.046895 -0.646117
v -1.448966 1.014451 -0.491390
v -1.521399 0.972238 -0.331931
v -1.579179 0.920661 -0.169276
v -1.621751 0.860218 -0.004990
v -1.648706 0.791491 0.159344
v -1.659782 0.715141 0.322143
v -1.654873 0.631904 0.481840
v -1.634028 0.542581 0.636897
v -1.597446 0.448033 0.785820
v -1.545480 0.349170 0.927175
v -1.478629 0.246944 1.059601
v -1.397539 0.142341 1.181822
v -1.302989 0.036366 1.292662
v -1.195893 -0.069959 1.391052
v -1.077277 -0.175610 1.476046
v -0.948287 -0.279570 1.546825
v -0.810165 -0.380837 1.602707
v -0.664241 -0.478437 1.643154
v -0.511920 -0.571429 1.667777
v -0.354668 -0.658919 1.676338
v -0.194001 -0.740062 1.668755
v -0.031465 -0.814078 1.645101
v 0.131374 -0.880254 1.605604
v -0.443108 1.001039 -1.473650
v -0.589000 1.054486 -1.382465
v -0.729219 1.097777 -1.277966
v -0.862415 1.130497 -1.161158
v -0.987306 1.152329 -1.033169
v -1.102688 1.163063 -0.895229
v -1.207451 1.162597 -0.748669
v -1.300586 1.150934 -0.594897
v -1.381196 1.128188 -0.435397
v -1.448503 1.094576 -0.271703
v -1.501860 1.050422 -0.105394
v -1.540753 0.996153 0.061932
v -1.564810 0.932290 0.228660
v -1.573796 0.859448 0.393187
v -1.567625 0.778330 0.553927
v -1.546357 0.689715 0.709332
v -1.510197 0.594459 0.857907
v -1.459493 0.493477 0.998219
v -1.394733 0.387743 1.128917
v -1.316541 0.278275 1.248743
v -1.225670 0.166127 1.356544
v -1.122997 0.052379 1.451280
v -1.009506 -0.061874 1.532040
v -0.886295 -0.175530 1.598045
v -0.754547 -0.287496 1.648660
v -0.615533 -0.396694 1.683397
v -0.470592 -0.502071 1.701923
v -0.321117 -0.602613 1.704058
v -0.168551 -0.697351 1.689782
v -0.014361 -0.785374 1.659232
v 0.139967 -0.865832 1.612703
v -0.432960 1.014767 -1.467264
v -0.568800 1.081809 -1.369753
v -0.699163 1.138434 -1.259051
v -0.822792 1.184094 -1.136224
v -0.938498 1.218351 -1.002454
v -1.045165 1.240875 -0.859030
v -1.141767 1.251448 -0.707334
v -1.227373 1.249970 -0.548825
v -1.301159 1.236453 -0.385030
v -1.362413 1.211029 -0.217527
v -1.410547 1.173941 -0.047930
v -1.445096 1.125548 0.122129
v -1.465730 1.066315 0.291012
v -1.472246 0.996814 0.457092
v -1.464584 0.917712 0.618770
v -1.442818 0.829772 0.774489
v -1.407157 0.733841 0.922750
v -1.357944 0.630843 1.062123
v -1.295653 0.521769 1.191268
v -1.220883 0.407670 1.308940
v -1.134357 0.289646 1.414007
v -1.036907 0.168832 1.505456
v -0.929470 0.046392 1.582407
v -0.813082 -0.076495 1.644117
v -0.688863 -0.198645 1.689995
v -0.558010 -0.318883 1.719597
v -0.421784 -0.436049 1.732638
v -0.281495 -0.549015 1.728992
v -0.138495 -0.656695 1.708696
v 0.005839 -0.758050 1.671944
v 0.150115 -0.852104 1.619090
v -0.421360 1.027660 -1.461656
v -0.545712 1.107472 -1.358592
v -0.664809 1.176618 -1.242444
v -0.777504 1.234433 -1.114331
v -0.882711 1.280360 -0.975486
v -0.979417 1.313956 -0.827246
v -1.066690 1.334898 -0.671040
v -1.143690 1.342984 -0.508371
v -1.209678 1.338137 -0.340806
v -1.264014 1.320402 -0.169959
v -1.306176 1.289951 0.002524
v -1.335760 1.247077 0.174983
v -1.352481 1.192194 0.345758
v -1.356176 1.125828 0.513202
v -1.346810 1.048621 0.675704
v -1.324474 0.961314 0.831699
v -1.289382 0.864750 0.979684
v -1.241874 0.759857 1.118234
v -1.182405 0.647647 1.246014
v -1.111548 0.529199 1.361795
v -1.029987 0.405656 1.464461
v -0.938508 0.278205 1.553024
v -0.837989 0.148075 1.626630
v -0.729400 0.016519 1.684571
v -0.613786 -0.115196 1.726288
v -0.492262 -0.245802 1.751380
v -0.365997 -0.374040 1.759606
v -0.236207 -0.498676 1.750885
v -0.104142 -0.618510 1.725303
v 0.028926 -0.732387 1.683105
v 0.161715 -0.839211 1.624697
v -0.408428 1.039587 -1.456885
v -0.519973 1.131210 -1.349096
v -0.626510 1.211940 -1.228315
v -0.727015 1.280998 -1.095703
v -0.820517 1.337719 -0.952540
v -0.906117 1.381557 -0.800204
v -0.982991 1.412089 -0.640161
v -1.050398 1.429023 -0.473953
v -1.107690 1.432195 -0.303180
v -1.154314 1.421574 -0.129488
v -1.189820 1.397261 0.045451
v -1.213868 1.359493 0.219953
v -1.226228 1.308632 0.392337
v -1.226776 1.245168 0.560942
v -1.215510 1.169713 0.724145
v -1.192539 1.082992 0.880374
v -1.158082 0.985842 1.028124
v -1.112474 0.879197 1.165974
v -1.056151 0.764085 1.292593
v -0.989656 0.641615 1.406765
v -0.913631 0.512966 1.507389
v -0.828808 0.379377 1.593496
v -0.736002 0.242133 1.664257
v -0.636108 0.102558 1.718989
v -0.530087 -0.038004 1.757167
v -0.418963 -0.178201 1.778423
v -0.303803 -0.316681 1.782551
v -0.185717 -0.452112 1.769513
v -0.065843 -0.583189 1.739433
v 0.054666 -0.708649 1.692601
v 0.174647 -0.827285 1.629468
v -0.394296 1.050424 -1.453000
v -0.491846 1.152780 -1.341362
v -0.584659 1.244035 -1.216807
v -0.671842 1.323309 -1.080534
v -0.752555 1.389838 -0.933854
v -0.826020 1.442983 -0.778180
v -0.891530 1.482231 -0.615013
v -0.948453 1.507204 -0.445922
v -0.996244 1.517663 -0.272537
v -1.034439 1.513505 -0.096527
v -1.062672 1.494770 0.080412
v -1.080671 1.461641 0.256577
v -1.088263 1.414436 0.430271
v -1.085374 1.353608 0.599822
v -1.072032 1.279745 0.763595
v -1.048367 1.193557 0.920015
v -1.014605 1.095874 1.067575
v -0.971072 0.987638 1.204853
v -0.918187 0.869889 1.330528
v -0.856458 0.743764 1.443389
v -0.786482 0.610475 1.542349
v -0.708933 0.471308 1.626457
v -0.624555 0.327601 1.694900
v -0.534163 0.180739 1.747020
v -0.438626 0.032137 1.782316
v -0.338865 -0.116775 1.800446
v -0.235841 -0.264562 1.801238
v -0.130545 -0.409801 1.784683
v -0.023992 -0.551094 1.750940
v 0.082792 -0.687079 1.700334
v 0.188778 -0.816447 1.633354
v -0.379111 1.060061 -1.450040
v -0.461621 1.171961 -1.335471
v -0.539686 1.272575 -1.208041
v -0.612553 1.360933 -1.068976
v -0.679521 1.436185 -0.919617
v -0.739945 1.497605 -0.761402
v -0.793243 1.544603 -0.595854
v -0.838901 1.576725 -0.424567
v -0.876481 1.593663 -0.249191
v -0.905620 1.595253 -0.071416
v -0.926036 1.581478 0.107047
v -0.937534 1.552474 0.284479
v -0.940005 1.508520 0.459172
v -0.933422 1.450037 0.629442
v -0.917849 1.377589 0.793651
v -0.893438 1.291874 0.950216
v -0.860421 1.193718 1.097630
v -0.819119 1.084066 1.234474
v -0.769928 0.963973 1.359428
v -0.713322 0.834597 1.471291
v -0.649846 0.697183 1.568984
v -0.580114 0.553056 1.651568
v -0.504793 0.403602 1.718245
v -0.424611 0.250260 1.768375
v -0.340339 0.094509 1.801475
v -0.252790 -0.062153 1.817225
v -0.162807 -0.218215 1.815475
v -0.071256 -0.372177 1.796240
v 0.020982 -0.522554 1.759707
v 0.113017 -0.667898 1.706226
v 0.203964 -0.806811 1.636314
v -0.363026 1.068399 -1.448035
v -0.429607 1.188556 -1.331481
v -0.492051 1.297267 -1.202104
v -0.549755 1.393485 -1.061150
v -0.602166 1.476283 -0.909977
v -0.648777 1.544863 -0.750040
v -0.689141 1.598565 -0.582880
v -0.722867 1.636872 -0.410106
v -0.749632 1.659416 -0.233383
v -0.769177 1.665978 -0.054412
v -0.781315 1.656496 0.125082
v -0.785928 1.631060 0.303372
v -0.782973 1.589918 0.478741
v -0.772477 1.533463 0.649499
v -0.754541 1.462240 0.814002
v -0.729340 1.376935 0.970666
v -0.697114 1.278369 1.117982
v -0.658175 1.167492 1.254531
v -0.612896 1.045371 1.378998
v -0.561715 0.913183 1.490184
v -0.505125 0.772200 1.587020
v -0.443671 0.623782 1.668571
v -0.377944 0.469355 1.734054
v -0.308576 0.310407 1.782836
v -0.236237 0.148471 1.814448
v -0.161623 -0.014895 1.828587
v -0.085452 -0.178118 1.825115
v -0.008458 -0.339625 1.804066
v 0.068617 -0.497862 1.765643
v 0.145031 -0.651304 1.710216
v 0.220049 -0.798473 1.638319
v -0.346208 1.075351 -1.447007
v -0.396133 1.202394 -1.329435
v -0.442243 1.317858 -1.199059
v -0.484094 1.420629 -1.057136
v -0.521283 1.509719 -0.905032
v -0.553452 1.584270 -0.744212
v -0.580290 1.643564 -0.576225
v -0.601540 1.687029 -0.402689
v -0.616998 1.714247 -0.225274
v -0.626512 1.724956 -0.045690
v -0.629993 1.719052 0.134333
v -0.627407 1.696593 0.313064
v -0.618780 1.657795 0.488780
v -0.604192 1.603032 0.659788
v -0.583786 1.532830 0.824442
v -0.557758 1.447867 0.981156
v -0.526358 1.348960 1.128421
v -0.489890 1.237061 1.264819
v -0.448703 1.113249 1.389036
v -0.403195 0.978715 1.499876
v -0.353804 0.834757 1.596271
v -0.301006 0.682759 1.677294
v -0.245309 0.524186 1.742162
v -0.187250 0.360564 1.790253
v -0.127387 0.193470 1.821103
v -0.066297 0.024512 1.834414
v -0.004569 -0.144681 1.830060
v 0.057203 -0.312481 1.808080
v 0.118424 -0.477271 1.768688
v 0.178505 -0.637466 1.712262
v 0.236867 -0.791521 1.639347
v -0.328829 1.080848 -1.446965
v -0.361542 1.213334 -1.329352
v -0.390774 1.334135 -1.198937
v -0.416242 1.442088 -1.056974
v -0.437702 1.536153 -0.904833
v -0.454946 1.615424 -0.743978
v -0.467809 1.679137 -0.575958
v -0.476166 1.726680 -0.402391
v -0.479939 1.757593 -0.224948
v -0.479089 1.771580 -0.045339
v -0.473624 1.768505 0.134705
v -0.463599 1.748399 0.313453
v -0.449109 1.711456 0.489183
v -0.430294 1.658029 0.660202
v -0.407335 1.588635 0.824862
v -0.380453 1.503941 0.981578
v -0.349907 1.404764 1.128841
v -0.315992 1.292058 1.265233
v -0.279033 1.166909 1.389440
v -0.239386 1.030521 1.500265
v -0.197435 0.884210 1.596643
v -0.153583 0.729384 1.677644
v -0.108251 0.567532 1.742489
v -0.061876 0.400214 1.790551
v -0.014905 0.229043 1.821371
v 0.032208 0.055666 1.834649
v 0.079012 -0.118247 1.830258
v 0.125055 -0.291022 1.808242
v 0.169893 -0.460994 1.768811
v 0.213096 -0.626526 1.712345
v 0.254245 -0.786024 1.639388
v -0.311067 1.084831 -1.447911
v -0.326190 1.221263 -1.331235
v -0.338172 1.345933 -1.201738
v -0.346896 1.457641 -1.060668
v -0.352280 1.555312 -0.909382
v -0.354272 1.638003 -0.749339
v -0.352851 1.704920 -0.582080
v -0.348032 1.755418 -0.409215
v -0.339862 1.789010 -0.232408
v -0.328419 1.805373 -0.053363
v -0.313812 1.804348 0.126195
v -0.296183 1.785947 0.304538
v -0.275703 1.750348 0.479948
v -0.252567 1.697890 0.650737
v -0.226998 1.629081 0.815258
v -0.199244 1.544583 0.971927
v -0.169570 1.445211 1.119237
v -0.138265 1.331919 1.255768
v -0.105627 1.205801 1.380205
v -0.071971 1.068070 1.491349
v -0.037623 0.920053 1.588132
v -0.002913 0.763176 1.669620
v 0.031826 0.598949 1.735029
v 0.066258 0.428953 1.783728
v 0.100052 0.254826 1.815248
v 0.132883 0.078245 1.829287
v 0.164433 -0.099089 1.825709
v 0.194400 -0.275469 1.804549
v 0.222495 -0.449196 1.766009
v 0.248448 -0.618597 1.710462
v 0.272007 -0.782041 1.638442
v -0.293105 1.087261 -1.449835
v -0.290439 1.226099 -1.335063
v -0.284976 1.353130 -1.207434
v -0.276768 1.467129 -1.068177
v -0.265895 1.566999 -0.918633
v -0.252461 1.651777 -0.760242
v -0.236596 1.720648 -0.594529
v -0.218452 1.772949 -0.423091
v -0.198205 1.808175 -0.247577
v -0.176049 1.825988 -0.069680
v -0.152197 1.826213 0.108888
v -0.126879 1.808852 0.286407
v -0.100340 1.774073 0.461170
v -0.072835 1.722206 0.631490
v -0.044627 1.653754 0.795728
v -0.015991 1.569376 0.952304
v 0.012801 1.469884 1.099708
v 0.041468 1.356236 1.236521
v 0.069736 1.229526 1.361426
v 0.097333 1.090975 1.473220
v 0.123992 0.941918 1.570825
v 0.149457 0.783791 1.653304
v 0.173483 0.618114 1.719859
v 0.195838 0.446484 1.769851
v 0.216307 0.270554 1.802799
v 0.234693 0.092019 1.818385
v 0.250819 -0.087402 1.816459
v 0.264529 -0.265981 1.797039
v 0.275691 -0.441999 1.760313
v 0.284199 -0.613760 1.706634
v 0.289969 -0.779611 1.636519
v -0.275127 1.088113 -1.452716
v -0.254656 1.227795 -1.340798
v -0.231732 1.355652 -1.215968
v -0.206577 1.470454 -1.079426
v -0.179432 1.571095 -0.932490
v -0.150560 1.656604 -0.776573
v -0.120237 1.726160 -0.613177
v -0.088757 1.779093 -0.443877
v -0.056421 1.814892 -0.270300
v -0.023542 1.833212 -0.094122
v 0.009563 1.833876 0.082963
v 0.042576 1.816880 0.259249
v 0.075179 1.782387 0.433040
v 0.107059 1.730728 0.602659
v 0.137907 1.662401 0.766474
v 0.167427 1.578065 0.922908
v 0.195335 1.478530 1.070454
v 0.221361 1.364758 1.207690
v 0.245256 1.237840 1.333296
v 0.266789 1.099002 1.446061
v 0.285752 0.949581 1.544901
v 0.301963 0.791015 1.628862
v 0.315267 0.624830 1.697136
v 0.325534 0.452628 1.749066
v 0.332666 0.276066 1.784151
v 0.336594 0.096846 1.802053
v 0.337281 -0.083306 1.802602
v 0.334719 -0.262656 1.785790
v 0.328934 -0.439477 1.751780
v 0.319982 -0.612065 1.700899
v 0.307947 -0.778759 1.633638
v -0.257317 1.087377 -1.456526
v -0.219208 1.226331 -1.348381
v -0.178988 1.353474 -1.227250
v -0.137044 1.467582 -1.094300
v -0.093780 1.567557 -0.950811
v -0.049613 1.652435 -0.798166
v -0.004968 1.721400 -0.637834
v 0.039724 1.773786 -0.471359
v 0.084034 1.809091 -0.300344
v 0.127535 1.826972 -0.126437
v 0.169807 1.827258 0.048687
v 0.210445 1.809946 0.223342
v 0.249055 1.775206 0.395847
v 0.285267 1.723368 0.564540
v 0.318732 1.654933 0.727795
v 0.349127 1.570560 0.884042
v 0.376160 1.471062 1.031775
v 0.399569 1.357397 1.169571
v 0.419131 1.230659 1.296104
v 0.434657 1.092069 1.410154
v 0.445997 0.942962 1.510624
v 0.453041 0.784775 1.596546
v 0.455722 0.619029 1.667092
v 0.454015 0.447321 1.721583
v 0.447935 0.271306 1.759494
v 0.437541 0.092677 1.780461
v 0.422934 -0.086843 1.784280
v 0.404253 -0.265528 1.770916
v 0.381679 -0.441655 1.740497
v 0.355429 -0.613529 1.693316
v 0.325757 -0.779495 1.629828
v -0.239858 1.085062 -1.461224
v -0.184459 1.221722 -1.357733
v -0.127283 1.346617 -1.241165
v -0.068881 1.458543 -1.112645
v -0.009816 1.556422 -0.973409
v 0.049344 1.639312 -0.824799
v 0.108028 1.706415 -0.668245
v 0.165672 1.757084 -0.505256
v 0.221721 1.790832 -0.337400
v 0.275634 1.807332 -0.166296
v 0.326893 1.806426 0.006409
v 0.375004 1.788124 0.179054
v 0.419502 1.752603 0.349974
v 0.459962 1.700201 0.517524
v 0.495991 1.631426 0.680089
v 0.527244 1.546940 0.836105
v 0.553419 1.447555 0.984068
v 0.574264 1.334231 1.122555
v 0.589579 1.208056 1.250231
v 0.599216 1.070246 1.365866
v 0.603082 0.922131 1.468347
v 0.601140 0.765136 1.556688
v 0.593409 0.600770 1.630036
v 0.579962 0.430619 1.687686
v 0.560931 0.256321 1.729083
v 0.536498 0.079554 1.753828
v 0.506897 -0.097978 1.761683
v 0.472415 -0.274567 1.752572
v 0.433384 -0.448512 1.726582
v 0.390178 -0.618138 1.683964
v 0.343215 -0.781810 1.625129
v -0.222930 1.081191 -1.466764
v -0.150765 1.214017 -1.368759
v -0.077149 1.335152 -1.257571
v -0.002789 1.443429 -1.134273
v 0.071598 1.537805 -1.000051
v 0.145294 1.617370 -0.856198
v 0.217592 1.681360 -0.704099
v 0.287795 1.729157 -0.545219
v 0.355225 1.760303 -0.381088
v 0.419235 1.774494 -0.213288
v 0.479206 1.771595 -0.043434
v 0.534564 1.751636 0.126839
v 0.584773 1.714809 0.295891
v 0.629350 1.661466 0.462093
v 0.667866 1.592122 0.623844
v 0.699950 1.507446 0.779588
v 0.725294 1.408251 0.927823
v 0.743652 1.295495 1.067124
v 0.754849 1.170262 1.196147
v 0.758776 1.033759 1.313651
v 0.755396 0.887300 1.418503
v 0.744741 0.732297 1.509696
v 0.726913 0.570241 1.586348
v 0.702085 0.402692 1.647723
v 0.670495 0.231266 1.693229
v 0.632448 0.057612 1.722429
v 0.588311 -0.116595 1.735041
v 0.538507 -0.289681 1.730943
v 0.483518 -0.459976 1.710176
v 0.423872 -0.625843 1.672938
v 0.360144 -0.785681 1.619590
v -0.206706 1.075804 -1.473088
v -0.118473 1.203295 -1.381345
v 0.322600 1.646492 -0.745028
v 0.865475 1.452483 0.715071
v 0.854865 0.527754 1.536476
v 0.819128 0.363828 1.602103
v 0.601851 -0.310714 1.706254
vt 0.883484 0.278306
vt 0.889081 0.259514
vt 0.870081 0.245778
vt 0.864741 0.267436
vt 0.637377 0.339301
vt 0.627164 0.315190
vt 0.613604 0.335744
vt 0.623545 0.358026
vt 0.901160 0.291294
vt 0.906585 0.275420
vt 0.652049 0.321669
vt 0.641811 0.295804
vt 0.917760 0.306115
vt 0.922676 0.293133
vt 0.667668 0.305357
vt 0.657710 0.277859
vt 0.506223 0.570035
vt 0.505099 0.567756
vt 0.494222 0.590946
vt 0.933330 0.322497
vt 0.937493 0.312330
vt 0.684319 0.290618
vt 0.675005 0.261673
vt 0.517858 0.548715
vt 0.515619 0.544240
vt 0.947959 0.340187
vt 0.951199 0.332731
vt 0.702048 0.277727
vt 0.693788 0.247602
vt 0.529236 0.527111
vt 0.525905 0.520510
vt 0.961753 0.358960
vt 0.963964 0.354101
vt 0.720841 0.266967
vt 0.714061 0.236030
vt 0.540461 0.505342
vt 0.536072 0.496672
vt 0.974831 0.378615
vt 0.975951 0.376239
vt 0.740605 0.258615
vt 0.735690 0.227339
vt 0.551638 0.483519
vt 0.546230 0.472828
vt 0.987312 0.398975
vt 0.761156 0.252915
vt 0.758377 0.221863
vt 0.562869 0.461755
vt 0.556493 0.449076
vt 0.782220 0.250052
vt 0.781665 0.219838
vt 0.574257 0.440162
vt 0.566972 0.425523
vt 0.803456 0.250124
vt 0.804994 0.221356
vt 0.585907 0.418859
vt 0.577790 0.402279
vt 0.824502 0.253128
vt 0.827798 0.226349
vt 0.597928 0.397972
vt 0.589073 0.379469
vt 0.845020 0.258961
vt 0.849601 0.234597
vt 0.610435 0.377642
vt 0.600960 0.357235
vt 0.549545 0.437623
vt 0.540355 0.463200
vt 0.781949 0.189616
vt 0.755673 0.190750
vt 0.558999 0.412244
vt 0.808000 0.192767
vt 0.568849 0.387164
vt 0.832941 0.200010
vt 0.579241 0.362499
vt 0.856133 0.210939
vt 0.590340 0.338387
vt 0.877253 0.225034
vt 0.602335 0.314994
vt 0.896259 0.241753
vt 0.615442 0.292527
vt 0.913286 0.260598
vt 0.629903 0.271241
vt 0.928565 0.281138
vt 0.645977 0.251454
vt 0.503868 0.565711
vt 0.942354 0.303018
vt 0.663914 0.233556
vt 0.513182 0.540226
vt 0.954907 0.325951
vt 0.683911 0.218011
vt 0.522289 0.514587
vt 0.966453 0.349706
vt 0.706031 0.205345
vt 0.531309 0.488884
vt 0.977195 0.374098
vt 0.730109 0.196098
vt 0.559096 0.373705
vt 0.550365 0.400481
vt 0.840587 0.174374
vt 0.813094 0.164510
vt 0.568414 0.347293
vt 0.865149 0.188317
vt 0.578507 0.321370
vt 0.886613 0.205546
vt 0.589605 0.296092
vt 0.905209 0.225336
vt 0.601982 0.271663
vt 0.921337 0.247086
vt 0.615976 0.248351
vt 0.935433 0.270326
vt 0.631980 0.226506
vt 0.502545 0.563920
vt 0.947892 0.294700
vt 0.650426 0.206592
vt 0.510569 0.536712
vt 0.959053 0.319936
vt 0.671721 0.189202
vt 0.518418 0.509400
vt 0.969196 0.345828
vt 0.696109 0.175054
vt 0.526208 0.482051
vt 0.978552 0.372217
vt 0.723453 0.164941
vt 0.534051 0.454735
vt 0.753016 0.159586
vt 0.542063 0.427520
vt 0.783442 0.159438
vt 0.565434 0.306487
vt 0.556602 0.334098
vt 0.898552 0.187759
vt 0.877352 0.167198
vt 0.575315 0.279401
vt 0.916099 0.210632
vt 0.586578 0.253026
vt 0.930779 0.235166
vt 0.599661 0.227614
vt 0.943259 0.260901
vt 0.615130 0.203525
vt 0.501141 0.562400
vt 0.954064 0.287514
vt 0.633693 0.181271
vt 0.507805 0.533732
vt 0.963597 0.314775
vt 0.656154 0.161573
vt 0.514326 0.504997
vt 0.972166 0.342517
vt 0.683210 0.145405
vt 0.520812 0.476244
vt 0.980008 0.370615
vt 0.714981 0.133953
vt 0.527365 0.447523
vt 0.750367 0.128381
vt 0.534093 0.418886
vt 0.786837 0.129388
vt 0.541113 0.390390
vt 0.821340 0.136840
vt 0.548562 0.362100
vt 0.851735 0.149847
vt 0.569095 0.237116
vt 0.559439 0.265327
vt 0.941583 0.225136
vt 0.929021 0.198062
vt 0.580632 0.209637
vt 0.951977 0.253061
vt 0.594787 0.183208
vt 0.499672 0.561167
vt 0.960806 0.281587
vt 0.612618 0.158330
vt 0.504915 0.531314
vt 0.968488 0.310544
vt 0.635579 0.135799
vt 0.510049 0.501421
vt 0.975327 0.339814
vt 0.665388 0.116860
vt 0.515165 0.471522
vt 0.981545 0.369312
vt 0.703202 0.103299
vt 0.520349 0.441647
vt 0.747666 0.097143
vt 0.525697 0.411832
vt 0.793571 0.099625
vt 0.531311 0.382114
vt 0.834654 0.110218
vt 0.537316 0.352537
vt 0.867872 0.127081
vt 0.543863 0.323160
vt 0.893583 0.148245
vt 0.551149 0.294056
vt 0.913430 0.172228
vt 0.570433 0.166467
vt 0.558734 0.195140
vt 0.498150 0.560232
vt 0.968025 0.277034
vt 0.961473 0.246994
vt 0.585982 0.138862
vt 0.501926 0.529480
vt 0.973664 0.307310
vt 0.607623 0.113039
vt 0.505626 0.498709
vt 0.978644 0.337755
vt 0.638985 0.090361
vt 0.509317 0.467936
vt 0.983148 0.368322
vt 0.684619 0.073371
vt 0.513068 0.437178
vt 0.744773 0.065882
vt 0.516951 0.406453
vt 0.807067 0.070518
vt 0.521048 0.375783
vt 0.856604 0.085567
vt 0.525459 0.345192
vt 0.891042 0.107151
vt 0.530308 0.314714
vt 0.914657 0.132368
vt 0.535766 0.284391
vt 0.931438 0.159622
vt 0.542066 0.254286
vt 0.943925 0.188080
vt 0.549550 0.224489
vt 0.953631 0.217290
vt 0.569574 0.095234
vt 0.552988 0.124363
vt 0.501096 0.496888
vt 0.498865 0.528250
vt 0.982074 0.336368
vt 0.979050 0.305126
vt 0.597372 0.067983
vt 0.503323 0.465526
vt 0.984799 0.367656
vt 0.649281 0.045349
vt 0.505591 0.434169
vt 0.741213 0.034605
vt 0.507944 0.402826
vt 0.837229 0.043176
vt 0.510436 0.371504
vt 0.893477 0.064862
vt 0.513131 0.340212
vt 0.923336 0.091752
vt 0.516112 0.308963
vt 0.940902 0.120722
vt 0.519495 0.277774
vt 0.952387 0.150664
vt 0.523442 0.246671
vt 0.960537 0.181126
vt 0.528203 0.215690
vt 0.966693 0.211894
vt 0.534171 0.184894
vt 0.971576 0.242855
vt 0.542020 0.154386
vt 0.496590 0.559604
vt 0.975608 0.273946
vt 0.565534 0.024015
vt 0.532980 0.054060
vt 0.497994 0.432660
vt 0.497240 0.464317
vt 0.986478 0.367322
vt 0.732755 0.003331
vt 0.498776 0.401004
vt 0.916623 0.022189
vt 0.499606 0.369351
vt 0.951986 0.052086
vt 0.500506 0.337701
vt 0.964795 0.083143
vt 0.501505 0.306056
vt 0.971412 0.114511
vt 0.502643 0.274418
vt 0.975502 0.146003
vt 0.503978 0.242789
vt 0.978323 0.177558
vt 0.505603 0.211175
vt 0.980420 0.209149
vt 0.507664 0.179583
vt 0.982067 0.240762
vt 0.510426 0.148025
vt 0.495007 0.559290
vt 0.983418 0.272390
vt 0.514409 0.116527
vt 0.495762 0.527633
vt 0.984566 0.304028
vt 0.520797 0.085148
vt 0.496501 0.495975
vt 0.985573 0.335672
vt 1.059533 0.022361
vt 1.241614 0.003721
vt 0.488703 0.369365
vt 0.489554 0.401016
vt 1.023495 0.052174
vt 0.487780 0.337717
vt 1.010387 0.083200
vt 0.486757 0.306074
vt 1.003609 0.114550
vt 0.485590 0.274439
vt 0.999417 0.146033
vt 0.484221 0.242814
vt 0.996526 0.177581
vt 0.482556 0.211204
vt 0.994377 0.209166
vt 0.480443 0.179616
vt 0.992689 0.240775
vt 0.477613 0.148065
vt 0.493418 0.559292
vt 0.991304 0.272400
vt 0.473532 0.116578
vt 0.492644 0.527637
vt 0.990126 0.304034
vt 0.466989 0.085215
vt 0.491886 0.495981
vt 0.989095 0.335677
vt 0.454524 0.054156
vt 0.491128 0.464325
vt 0.988166 0.367324
vt 0.421346 0.024188
vt 0.490356 0.432670
vt 0.255436 0.003721
vt 0.024208 0.083200
vt 0.065573 0.091907
vt 0.095553 0.065082
vt 0.037317 0.052174
vt 0.472153 0.309017
vt 0.475158 0.340259
vt 0.017430 0.114550
vt 0.047900 0.120836
vt 0.468743 0.277837
vt 0.013239 0.146033
vt 0.036334 0.150751
vt 0.464764 0.246743
vt 0.010348 0.177581
vt 0.028124 0.181192
vt 0.459967 0.215775
vt 0.008199 0.209166
vt 0.021920 0.211945
vt 0.453954 0.184993
vt 0.006511 0.240775
vt 0.016998 0.242894
vt 0.446048 0.154503
vt 0.491835 0.559610
vt 0.005126 0.272400
vt 0.012933 0.273975
vt 0.435007 0.124506
vt 0.489541 0.528261
vt 0.003948 0.304034
vt 0.009463 0.305146
vt 0.418327 0.095415
vt 0.487292 0.496905
vt 0.002916 0.335677
vt 0.006415 0.336381
vt 0.390424 0.068222
vt 0.485046 0.465548
vt 0.001988 0.367324
vt 0.003667 0.367662
vt 0.338530 0.045675
vt 0.482760 0.434198
vt 0.001134 0.398975
vt 0.247178 0.034995
vt 0.480387 0.402860
vt 0.073355 0.022361
vt 0.151787 0.043495
vt 0.477875 0.371544
vt 0.057250 0.159759
vt 0.074083 0.132543
vt 0.446154 0.254403
vt 0.452481 0.284493
vt 0.044717 0.188187
vt 0.438639 0.224624
vt 0.034971 0.217373
vt 0.429420 0.195296
vt 0.027094 0.247058
vt 0.417683 0.166649
vt 0.490276 0.560242
vt 0.020512 0.277082
vt 0.402093 0.139077
vt 0.486481 0.529500
vt 0.014848 0.307344
vt 0.380417 0.113297
vt 0.482763 0.498738
vt 0.009843 0.337776
vt 0.349055 0.090672
vt 0.479054 0.467974
vt 0.005317 0.368332
vt 0.303524 0.073737
vt 0.475285 0.437225
vt 0.243633 0.066272
vt 0.471383 0.406510
vt 0.181616 0.070874
vt 0.467266 0.375849
vt 0.132191 0.085856
vt 0.462835 0.345270
vt 0.097744 0.107376
vt 0.457963 0.314803
vt 0.047005 0.225248
vt 0.059597 0.198204
vt 0.407558 0.209841
vt 0.419119 0.237296
vt 0.036582 0.253149
vt 0.393381 0.183441
vt 0.488754 0.561181
vt 0.027727 0.281653
vt 0.375533 0.158598
vt 0.483493 0.531341
vt 0.020020 0.310590
vt 0.352570 0.136105
vt 0.478341 0.501461
vt 0.013158 0.339843
vt 0.322792 0.117206
vt 0.473209 0.471574
vt 0.006920 0.369326
vt 0.285065 0.103678
vt 0.468006 0.441712
vt 0.240745 0.097533
vt 0.462641 0.411910
vt 0.194989 0.099993
vt 0.457008 0.382205
vt 0.154001 0.110541
vt 0.450985 0.352643
vt 0.120812 0.127351
vt 0.444418 0.323281
vt 0.095092 0.148464
vt 0.437111 0.294194
vt 0.075220 0.172405
vt 0.428799 0.265484
vt 0.034462 0.287596
vt 0.045290 0.261009
vt 0.354519 0.181574
vt 0.373085 0.203797
vt 0.480605 0.533766
vt 0.487285 0.562418
vt 0.024907 0.314833
vt 0.332070 0.161908
vt 0.474066 0.505046
vt 0.016318 0.342554
vt 0.305050 0.145769
vt 0.467564 0.476310
vt 0.008456 0.370633
vt 0.273343 0.134338
vt 0.460995 0.447605
vt 0.238045 0.128770
vt 0.454250 0.418984
vt 0.201667 0.129761
vt 0.447213 0.390505
vt 0.167234 0.137180
vt 0.439747 0.362232
vt 0.136876 0.150143
vt 0.431690 0.334249
vt 0.111268 0.167450
vt 0.422841 0.306658
vt 0.090059 0.187968
vt 0.412942 0.279594
vt 0.072495 0.210803
vt 0.401662 0.253242
vt 0.057793 0.235303
vt 0.388564 0.227857
vt 0.019285 0.345873
vt 0.029447 0.320006
vt 0.292197 0.175429
vt 0.316554 0.189555
vt 0.462171 0.482130
vt 0.469977 0.509460
vt 0.009910 0.372238
vt 0.264900 0.165329
vt 0.454312 0.454832
vt 0.235397 0.159975
vt 0.446286 0.427637
vt 0.205032 0.159813
vt 0.437968 0.400618
vt 0.175431 0.164860
vt 0.429223 0.373862
vt 0.147972 0.174688
vt 0.419890 0.347471
vt 0.123426 0.188591
vt 0.409782 0.321569
vt 0.101963 0.205780
vt 0.398672 0.296315
vt 0.083359 0.225531
vt 0.386283 0.271911
vt 0.067217 0.247245
vt 0.372281 0.248624
vt 0.053104 0.270453
vt 0.356274 0.226806
vt 0.485883 0.563940
vt 0.040627 0.294797
vt 0.337833 0.206920
vt 0.477842 0.536753
vt 0.011266 0.374123
vt 0.232739 0.191138
vt 0.258260 0.196487
vt 0.438810 0.437757
vt 0.448013 0.463313
vt 0.206506 0.189992
vt 0.429342 0.412400
vt 0.180494 0.193122
vt 0.419479 0.387342
vt 0.155582 0.200335
vt 0.409075 0.362700
vt 0.132408 0.211228
vt 0.397965 0.338611
vt 0.111294 0.225285
vt 0.385961 0.315242
vt 0.092287 0.241967
vt 0.372847 0.292799
vt 0.075251 0.260775
vt 0.358382 0.271538
vt 0.059960 0.281280
vt 0.342309 0.251775
vt 0.484561 0.565735
vt 0.046156 0.303128
vt 0.324379 0.233900
vt 0.475231 0.540273
vt 0.033587 0.326031
vt 0.304398 0.218376
vt 0.466109 0.514657
vt 0.022025 0.349758
vt 0.282304 0.205725
vt 0.457075 0.488975
vt 0.183478 0.221714
vt 0.206778 0.220215
vt 0.410549 0.402477
vt 0.421378 0.425697
vt 0.160698 0.226680
vt 0.399256 0.379690
vt 0.138912 0.234897
vt 0.387359 0.357481
vt 0.118442 0.246043
vt 0.374709 0.336013
vt 0.099444 0.259743
vt 0.361144 0.315482
vt 0.081935 0.275612
vt 0.346496 0.296119
vt 0.065836 0.293289
vt 0.330601 0.278196
vt 0.483332 0.567783
vt 0.051008 0.312451
vt 0.313314 0.262029
vt 0.472796 0.544292
vt 0.037289 0.332820
vt 0.294545 0.247974
vt 0.462496 0.520588
vt 0.024511 0.354159
vt 0.274292 0.236415
vt 0.452316 0.496775
vt 0.012509 0.376267
vt 0.252690 0.227729
vt 0.442144 0.472955
vt 0.230034 0.222251
vt 0.431869 0.449227
vt 0.143471 0.259268
vt 0.163975 0.253463
vt 0.377898 0.377905
vt 0.390412 0.398211
vt 0.123760 0.267711
vt 0.364784 0.358312
vt 0.105022 0.278546
vt 0.350949 0.339609
vt 0.087345 0.291498
vt 0.336277 0.321998
vt 0.070741 0.306282
vt 0.320662 0.305705
vt 0.482208 0.570065
vt 0.055162 0.322628
vt 0.304019 0.290984
vt 0.470560 0.548774
vt 0.040524 0.340284
vt 0.286302 0.278105
vt 0.459169 0.527197
vt 0.026718 0.359023
vt 0.267526 0.267354
vt 0.447931 0.505455
vt 0.013627 0.378645
vt 0.247781 0.259005
vt 0.436742 0.483659
vt 0.227253 0.253302
vt 0.425500 0.461921
vt 0.206214 0.250428
vt 0.414102 0.440353
vt 0.185001 0.250483
vt 0.402442 0.419074
vt 0.109205 0.298115
vt 0.127545 0.290021
vt 0.342044 0.364901
vt 0.356041 0.381874
vt 0.091572 0.308202
vt 0.327425 0.348895
vt 0.074704 0.320074
vt 0.312111 0.334042
vt 0.481201 0.572559
vt 0.058612 0.333518
vt 0.296047 0.320543
vt 0.468543 0.553674
vt 0.043271 0.348325
vt 0.279208 0.308609
vt 0.456157 0.534423
vt 0.028627 0.364292
vt 0.261602 0.298454
vt 0.443953 0.514933
vt 0.014609 0.381233
vt 0.243287 0.290282
vt 0.431839 0.495323
vt 0.224372 0.284280
vt 0.419728 0.475710
vt 0.205020 0.280595
vt 0.407528 0.456213
vt 0.185434 0.279326
vt 0.395150 0.436952
vt 0.165844 0.280505
vt 0.382504 0.418050
vt 0.146479 0.284102
vt 0.369498 0.399643
vt 0.077766 0.334490
vt 0.094712 0.325521
vt 0.304649 0.363016
vt 0.319690 0.376596
vt 0.480321 0.575241
vt 0.061364 0.344986
vt 0.289073 0.350556
vt 0.466765 0.558948
vt 0.045521 0.356846
vt 0.272941 0.339380
vt 0.453485 0.542199
vt 0.030225 0.369905
vt 0.256255 0.329653
vt 0.440409 0.525122
vt 0.015445 0.384001
vt 0.239042 0.321535
vt 0.427462 0.507840
vt 0.221364 0.315171
vt 0.414570 0.490470
vt 0.203314 0.310684
vt 0.401660 0.473130
vt 0.185010 0.308168
vt 0.388655 0.455939
vt 0.166595 0.307675
vt 0.375482 0.439016
vt 0.148219 0.309218
vt 0.362069 0.422487
vt 0.130030 0.312762
vt 0.348343 0.406480
vt 0.112159 0.318233
vt 0.334237 0.391135
vt 0.465245 0.564546
vt 0.479578 0.578084
vt 0.047270 0.365750
vt 0.063432 0.356898
vt 0.267273 0.370342
vt 0.282854 0.380912
vt 0.451178 0.550455
vt 0.031502 0.375800
vt 0.251295 0.360910
vt 0.437325 0.535935
vt 0.016128 0.386919
vt 0.234930 0.352743
vt 0.423633 0.521102
vt 0.218203 0.345959
vt 0.410042 0.506073
vt 0.201163 0.340665
vt 0.396495 0.490961
vt 0.183875 0.336949
vt 0.382933 0.475879
vt 0.166422 0.334873
vt 0.369296 0.460940
vt 0.148896 0.334476
vt 0.355526 0.446258
vt 0.131397 0.335764
vt 0.341566 0.431950
vt 0.114020 0.338714
vt 0.327365 0.418136
vt 0.096854 0.343275
vt 0.312872 0.404940
vt 0.079973 0.349369
vt 0.298047 0.392488
vt 0.434726 0.547277
vt 0.449256 0.559117
vt 0.016653 0.389958
vt 0.032451 0.381913
vt 0.230858 0.383884
vt 0.246585 0.392189
vt 0.420372 0.535001
vt 0.214858 0.376626
vt 0.406155 0.522398
vt 0.198602 0.370509
vt 0.392033 0.509572
vt 0.182119 0.365615
vt 0.377962 0.496628
vt 0.165453 0.362013
vt 0.363897 0.483671
vt 0.148653 0.359758
vt 0.349793 0.470805
vt 0.131782 0.358882
vt 0.335604 0.458135
vt 0.114901 0.359400
vt 0.321290 0.445765
vt 0.098078 0.361303
vt 0.306808 0.433802
vt 0.081371 0.364562
vt 0.292124 0.422354
vt 0.478979 0.581061
vt 0.064837 0.369130
vt 0.277207 0.411531
vt 0.463997 0.570415
vt 0.048519 0.374940
vt 0.262033 0.401439
vt 0.402921 0.539324
vt 0.417699 0.549428
vt 0.195640 0.400183
vt 0.211295 0.407151
vt 0.388272 0.528835
vt 0.179794 0.394115
vt 0.373724 0.518055
vt 0.163769 0.389020
vt 0.359247 0.507079
vt 0.147590 0.384962
vt 0.344806 0.496000
vt 0.131285 0.381992
vt 0.330368 0.484913
vt 0.114892 0.380149
vt 0.315900 0.473910
vt 0.098451 0.379460
vt 0.301368 0.463086
vt 0.082006 0.379932
vt 0.286740 0.452536
vt 0.478531 0.584141
vt 0.065600 0.381560
vt 0.271988 0.442353
vt 0.463037 0.576500
vt 0.049276 0.384321
vt 0.257086 0.432630
vt 0.447740 0.568108
vt 0.033070 0.388179
vt 0.242012 0.423462
vt 0.432632 0.559054
vt 0.017015 0.393084
vt 0.226752 0.414939
vt 0.370209 0.540039
vt 0.385217 0.548629
vt 0.161420 0.415822
vt 0.176921 0.422398
vt 0.355315 0.531045
vt 0.145771 0.409994
vt 0.340516 0.521732
vt 0.129979 0.404979
vt 0.325788 0.512183
vt 0.114059 0.400836
vt 0.311107 0.502483
vt 0.098029 0.397612
vt 0.296447 0.492717
vt 0.081915 0.395348
vt 0.281780 0.482971
vt 0.478240 0.587294
vt 0.065744 0.394072
vt 0.267081 0.473330
vt 0.462377 0.582744
vt 0.049549 0.393799
vt 0.252323 0.463879
vt 0.446649 0.577348
vt 0.033361 0.394534
vt 0.237483 0.454702
vt 0.431067 0.571168
vt 0.017212 0.396266
vt 0.222539 0.445883
vt 0.415637 0.564272
vt 0.207473 0.437506
vt 0.400355 0.556734
vt 0.192270 0.429651
vt 0.336887 0.547904
vt 0.352086 0.555464
vt 0.127910 0.427737
vt 0.143234 0.434764
vt 0.321809 0.539860
vt 0.112452 0.421338
vt 0.306839 0.531411
vt 0.096858 0.415635
vt 0.291958 0.522635
vt 0.081136 0.410689
vt 0.277148 0.513613
vt 0.478111 0.590490
vt 0.065294 0.406556
vt 0.262386 0.504426
vt 0.462027 0.589087
vt 0.049351 0.403285
vt 0.247649 0.495155
vt 0.446000 0.586754
vt 0.033326 0.400914
vt 0.232912 0.485883
vt 0.430052 0.583520
vt 0.017245 0.399471
vt 0.218152 0.476691
vt 0.414206 0.579422
vt 0.203344 0.467660
vt 0.398478 0.574510
vt 0.188467 0.458872
vt 0.382879 0.568836
vt 0.173501 0.450408
vt 0.367415 0.562465
vt 0.158428 0.442345
vt 0.303041 0.560635
vt 0.318396 0.567874
vt 0.094973 0.433407
vt 0.110105 0.441541
vt 0.287834 0.552792
vt 0.079697 0.425836
vt 0.272763 0.544423
vt 0.478145 0.593694
vt 0.064272 0.418905
vt 0.257816 0.535608
vt 0.461997 0.595466
vt 0.048696 0.412689
vt 0.242974 0.526432
vt 0.445807 0.596240
vt 0.032973 0.407255
vt 0.228215 0.516978
vt 0.429609 0.596005
vt 0.017113 0.402666
vt 0.213516 0.507330
vt 0.413435 0.594764
vt 0.198851 0.497575
vt 0.397316 0.592534
vt 0.184193 0.487796
vt 0.381282 0.589342
vt 0.169515 0.478081
vt 0.365356 0.585227
vt 0.154791 0.468513
vt 0.349558 0.580237
vt 0.139996 0.459177
vt 0.333902 0.574431
vt 0.125108 0.450159
vt 0.268552 0.575369
vt 0.284015 0.583149
vt 0.478345 0.596876
vt 0.062700 0.431016
vt 0.077627 0.440675
vt 0.253287 0.566849
vt 0.462291 0.601821
vt 0.047599 0.421926
vt 0.238210 0.557680
vt 0.446087 0.605718
vt 0.032309 0.413498
vt 0.223305 0.547953
vt 0.429762 0.608517
vt 0.016820 0.405819
vt 0.208551 0.537763
vt 0.413354 0.610181
vt 0.193923 0.527202
vt 0.396905 0.610688
vt 0.179392 0.516364
vt 0.380459 0.610030
vt 0.164926 0.505345
vt 0.364059 0.608217
vt 0.150492 0.494238
vt 0.347748 0.605272
vt 0.136056 0.483137
vt 0.331561 0.601236
vt 0.121583 0.472136
vt 0.315530 0.596159
vt 0.107041 0.461329
vt 0.299676 0.590106
vt 0.092399 0.450811
vt 0.159682 0.532116
vt 0.173995 0.544504
vt 0.363573 0.631327
vt 0.380460 0.630780
vt 0.145497 0.519426
vt 0.346694 0.630478
vt 0.131396 0.506537
vt 0.329887 0.628245
vt 0.117336 0.493555
vt 0.313211 0.624662
vt 0.103271 0.480585
vt 0.296719 0.619783
vt 0.089156 0.467730
vt 0.280455 0.613676
vt 0.074947 0.455096
vt 0.264447 0.606424
vt 0.478709 0.600002
vt 0.060601 0.442788
vt 0.248713 0.598122
vt 0.462915 0.608085
vt 0.046078 0.430914
vt 0.233260 0.588870
vt 0.446849 0.615097
vt 0.031345 0.419581
vt 0.218081 0.578773
vt 0.430532 0.620945
vt 0.016371 0.408898
vt 0.203161 0.567941
vt 0.413997 0.625549
vt 0.188476 0.556481
vt 0.397288 0.628844
vt 0.125988 0.529260
vt 0.139754 0.543964
vt 0.328927 0.655387
vt 0.346462 0.655760
vt 0.112356 0.514296
vt 0.311462 0.653330
vt 0.098800 0.499187
vt 0.294163 0.649628
vt 0.085261 0.484047
vt 0.277112 0.644345
vt 0.071679 0.468988
vt 0.260375 0.637567
vt 0.479235 0.603039
vt 0.057995 0.454125
vt 0.244000 0.629401
vt 0.463868 0.614196
vt 0.044152 0.439571
vt 0.228015 0.619966
vt 0.448105 0.624284
vt 0.030094 0.425447
vt 0.212428 0.609389
vt 0.431945 0.633173
vt 0.015770 0.411873
vt 0.197232 0.597802
vt 0.415405 0.640740
vt 0.182404 0.585338
vt 0.398523 0.646870
vt 0.167911 0.572125
vt 0.381353 0.651464
vt 0.153710 0.558293
vt 0.363970 0.654445
vt 0.093628 0.517007
vt 0.106625 0.534225
vt 0.292018 0.679611
vt 0.310336 0.682112
vt 0.080725 0.499641
vt 0.273953 0.675134
vt 0.067843 0.482242
vt 0.256262 0.668775
vt 0.479920 0.605956
vt 0.054906 0.464930
vt 0.239037 0.660657
vt 0.465149 0.620088
vt 0.041839 0.447822
vt 0.222341 0.650926
vt 0.449860 0.633184
vt 0.028570 0.431041
vt 0.206201 0.639741
vt 0.434022 0.645081
vt 0.015025 0.414714
vt 0.190620 0.627269
vt 0.417623 0.655614
vt 0.175575 0.613674
vt 0.400677 0.664619
vt 0.161027 0.599118
vt 0.383227 0.671941
vt 0.146923 0.583753
vt 0.365350 0.677444
vt 0.133200 0.567725
vt 0.347151 0.681017
vt 0.119791 0.551172
vt 0.328764 0.682584
vt 0.063459 0.494749
vt 0.075560 0.514388
vt 0.252015 0.700029
vt 0.270947 0.706027
vt 0.480758 0.608722
vt 0.051356 0.475111
vt 0.233684 0.691856
vt 0.466750 0.625697
vt 0.039163 0.455591
vt 0.216065 0.681693
vt 0.452116 0.641700
vt 0.026789 0.436310
vt 0.199216 0.669749
vt 0.436782 0.656542
vt 0.014143 0.417394
vt 0.183146 0.656236
vt 0.420696 0.670023
vt 0.167828 0.641367
vt 0.403829 0.681932
vt 0.153208 0.625341
vt 0.386195 0.692053
vt 0.139213 0.608347
vt 0.367850 0.700181
vt 0.125759 0.590556
vt 0.348906 0.706131
vt 0.112759 0.572125
vt 0.329528 0.709754
vt 0.100119 0.553199
vt 0.309922 0.710955
vt 0.087750 0.533912
vt 0.290318 0.709701
vt 0.468664 0.630962
vt 0.481742 0.611307
vt 0.036147 0.462810
vt 0.047373 0.484579
vt 0.208959 0.712194
vt 0.227752 0.722954
vt 0.454869 0.649734
vt 0.024769 0.441206
vt 0.191230 0.699302
vt 0.440241 0.667424
vt 0.013135 0.419885
vt 0.174579 0.684564
vt 0.424670 0.683806
vt 0.158960 0.668252
vt 0.408071 0.698627
vt 0.144288 0.650620
vt 0.390395 0.711614
vt 0.130456 0.631895
vt 0.371652 0.722485
vt 0.117346 0.612279
vt 0.351931 0.730960
vt 0.104839 0.591949
vt 0.331412 0.736793
vt 0.092818 0.571062
vt 0.310367 0.739797
vt 0.081168 0.549758
vt 0.289130 0.739869
vt 0.069780 0.528165
vt 0.268067 0.737005
vt 0.058550 0.506401
vt 0.247516 0.731306
vt 0.444404 0.677591
vt 0.458110 0.657190
vt 0.012010 0.422165
vt 0.022530 0.445681
vt 0.164621 0.712061
vt 0.181916 0.728248
vt 0.429587 0.696788
vt 0.148722 0.694117
vt 0.413496 0.714501
vt 0.134075 0.674731
vt 0.395991 0.730407
vt 0.120515 0.654177
vt 0.376991 0.744143
vt 0.107871 0.632685
vt 0.356512 0.755324
vt 0.095984 0.610452
vt 0.334709 0.763572
vt 0.084701 0.587642
vt 0.311905 0.768564
vt 0.073883 0.564398
vt 0.288575 0.770083
vt 0.063404 0.540844
vt 0.265288 0.768057
vt 0.053142 0.517093
vt 0.242601 0.762581
vt 0.482861 0.613682
vt 0.042983 0.493248
vt 0.220972 0.753890
vt 0.470874 0.635820
vt 0.032816 0.469411
vt 0.200699 0.742319
vt 0.420196 0.729323
vt 0.435475 0.708783
vt 0.122353 0.697393
vt 0.136814 0.718679
vt 0.403169 0.748168
vt 0.109246 0.674926
vt 0.384164 0.764887
vt 0.097251 0.651534
vt 0.363043 0.778982
vt 0.086152 0.627422
vt 0.339851 0.789911
vt 0.075760 0.602757
vt 0.314911 0.797153
vt 0.065910 0.577677
vt 0.288860 0.800305
vt 0.056456 0.552298
vt 0.262584 0.799171
vt 0.047266 0.526721
vt 0.237020 0.793822
vt 0.484106 0.615823
vt 0.038220 0.501037
vt 0.212942 0.784576
vt 0.473363 0.640215
vt 0.029200 0.475333
vt 0.190822 0.771910
vt 0.461817 0.663971
vt 0.020093 0.449695
vt 0.170825 0.756365
vt 0.449265 0.686904
vt 0.010779 0.424210
vt 0.152888 0.738467
vt 0.393524 0.784375
vt 0.412119 0.764585
vt 0.085419 0.668551
vt 0.096516 0.693829
vt 0.372060 0.801604
vt 0.075325 0.642627
vt 0.347498 0.815547
vt 0.066007 0.616215
vt 0.320004 0.825410
vt 0.057276 0.589440
vt 0.290353 0.830483
vt 0.048974 0.562401
vt 0.259926 0.830335
vt 0.040963 0.535186
vt 0.230363 0.824979
vt 0.485463 0.617705
vt 0.033119 0.507870
vt 0.203020 0.814866
vt 0.476107 0.644093
vt 0.025329 0.480521
vt 0.178632 0.800719
vt 0.465963 0.669985
vt 0.017480 0.453208
vt 0.157337 0.783328
vt 0.454802 0.695221
vt 0.009456 0.426001
vt 0.138891 0.763414
vt 0.442343 0.719595
vt 0.122887 0.741570
vt 0.428248 0.742835
vt 0.108893 0.718257
vt 0.358646 0.840074
vt 0.384263 0.822722
vt 0.055474 0.627821
vt 0.063513 0.655823
vt 0.328250 0.853081
vt 0.048024 0.599531
vt 0.293747 0.860533
vt 0.041004 0.571035
vt 0.257278 0.861540
vt 0.034276 0.542398
vt 0.221892 0.855967
vt 0.486918 0.619306
vt 0.027723 0.513677
vt 0.190120 0.844515
vt 0.479076 0.647405
vt 0.021237 0.484924
vt 0.163065 0.828347
vt 0.470508 0.675146
vt 0.014716 0.456188
vt 0.140604 0.808649
vt 0.460975 0.702407
vt 0.008053 0.427521
vt 0.122041 0.786395
vt 0.450169 0.729020
vt 0.106572 0.762307
vt 0.437689 0.754755
vt 0.093489 0.736895
vt 0.423009 0.779289
vt 0.082226 0.710519
vt 0.405463 0.802162
vt 0.072345 0.683434
vt 0.300481 0.890296
vt 0.341564 0.879703
vt 0.032608 0.578089
vt 0.038222 0.607807
vt 0.254577 0.892777
vt 0.027261 0.548273
vt 0.210113 0.886621
vt 0.488456 0.620609
vt 0.022076 0.518399
vt 0.172299 0.873061
vt 0.482238 0.650108
vt 0.016960 0.488500
vt 0.142490 0.854121
vt 0.475399 0.679377
vt 0.011826 0.458607
vt 0.119529 0.831590
vt 0.467716 0.708334
vt 0.006583 0.428754
vt 0.101698 0.806713
vt 0.458888 0.736860
vt 0.087543 0.780284
vt 0.448493 0.764785
vt 0.076006 0.752804
vt 0.435932 0.791859
vt 0.066350 0.724594
vt 0.420340 0.817693
vt 0.058060 0.695865
vt 0.400494 0.841676
vt 0.050774 0.666761
vt 0.374783 0.862839
vt 0.044227 0.637384
vt 0.191530 0.916549
vt 0.251684 0.924039
vt 0.490059 0.621600
vt 0.016228 0.521985
vt 0.019979 0.552743
vt 0.145896 0.899559
vt 0.485555 0.652166
vt 0.012537 0.491212
vt 0.114534 0.876881
vt 0.480574 0.682611
vt 0.008837 0.460440
vt 0.092893 0.851059
vt 0.474936 0.712888
vt 0.005061 0.429689
vt 0.077344 0.823454
vt 0.468384 0.742928
vt 0.065646 0.794781
vt 0.460542 0.772631
vt 0.056462 0.765432
vt 0.450835 0.801841
vt 0.048977 0.735635
vt 0.438349 0.830298
vt 0.042677 0.705530
vt 0.421567 0.857553
vt 0.037219 0.675207
vt 0.397952 0.882770
vt 0.032370 0.644728
vt 0.363514 0.904353
vt 0.027959 0.614138
vt 0.313977 0.919403
vt 0.023862 0.583468
vt 0.076485 0.894687
vt 0.104283 0.921937
vt 0.485961 0.684796
vt 0.488984 0.653553
vt 0.005776 0.461671
vt 0.008007 0.493033
vt 0.059899 0.865558
vt 0.482519 0.715976
vt 0.003501 0.430316
vt 0.048932 0.835534
vt 0.478487 0.747066
vt 0.041082 0.805027
vt 0.473603 0.778028
vt 0.035114 0.774230
vt 0.467448 0.808795
vt 0.030353 0.743250
vt 0.459298 0.839257
vt 0.026406 0.712147
vt 0.447813 0.869199
vt 0.023023 0.680958
vt 0.430246 0.898169
vt 0.020042 0.649709
vt 0.400386 0.925058
vt 0.017347 0.618417
vt 0.344139 0.946745
vt 0.014855 0.587095
vt 0.248123 0.955316
vt 0.012502 0.555752
vt 0.156192 0.944571
vt 0.491709 0.622266
vt 0.010234 0.524395
vt 0.017337 0.841896
vt 0.021320 0.873394
vt 0.488977 0.749159
vt 0.490328 0.717532
vt 0.001919 0.430631
vt 0.014575 0.810338
vt 0.487330 0.780772
vt 0.012514 0.778745
vt 0.485234 0.812363
vt 0.010890 0.747131
vt 0.482413 0.843918
vt 0.009554 0.715503
vt 0.478323 0.875411
vt 0.008416 0.683865
vt 0.471706 0.906778
vt 0.007417 0.652220
vt 0.458895 0.937835
vt 0.006517 0.620570
vt 0.423533 0.967732
vt 0.005687 0.588916
vt 0.239664 0.986589
vt 0.004905 0.557261
vt 0.072446 0.965905
vt 0.493389 0.622599
vt 0.004152 0.525604
vt 0.039892 0.935861
vt 0.492483 0.654249
vt 0.003413 0.493946
vt 0.027708 0.904772
vt 0.491477 0.685894
vt 0.002673 0.462288
vt 0.998692 0.778745
vt 0.975645 0.778717
vt 0.973533 0.810304
vt 1.000754 0.810338
vt 0.503437 0.812340
vt 0.501288 0.780755
vt 0.997068 0.747131
vt 0.977310 0.747107
vt 0.506328 0.843889
vt 0.995732 0.715503
vt 0.978679 0.715482
vt 0.510519 0.875371
vt 0.994594 0.683865
vt 0.979846 0.683846
vt 0.517297 0.906721
vt 0.993595 0.652220
vt 0.980870 0.652204
vt 0.530406 0.937747
vt 0.992695 0.620570
vt 0.981792 0.620556
vt 0.566443 0.967560
vt 0.991865 0.588916
vt 0.982643 0.588905
vt 1.225842 0.986589
vt 0.748528 0.986200
vt 0.991083 0.557261
vt 0.983445 0.557251
vt 1.058624 0.965905
vt 0.914437 0.965733
vt 0.495077 0.622597
vt 0.990330 0.525604
vt 0.984217 0.525596
vt 1.026070 0.935861
vt 0.947614 0.935764
vt 0.496005 0.654245
vt 0.989591 0.493946
vt 0.984975 0.493940
vt 1.013886 0.904772
vt 0.960079 0.904706
vt 0.497037 0.685887
vt 0.988851 0.462288
vt 0.985733 0.462284
vt 1.007498 0.873394
vt 0.966621 0.873343
vt 0.498214 0.717522
vt 0.988097 0.430631
vt 0.986507 0.430629
vt 1.003515 0.841896
vt 0.970702 0.841855
vt 0.499600 0.749146
vt 0.961832 0.712084
vt 0.957854 0.743178
vt 0.540989 0.869085
vt 0.529423 0.839171
vt 0.965242 0.680904
vt 0.558661 0.898014
vt 0.968248 0.649662
vt 0.588642 0.924839
vt 0.970964 0.618377
vt 0.644876 0.946426
vt 0.973476 0.587061
vt 0.740268 0.954926
vt 0.975849 0.555723
vt 0.831620 0.944246
vt 0.496756 0.622259
vt 0.978135 0.524373
vt 0.883514 0.921699
vt 0.499504 0.653540
vt 0.980381 0.493016
vt 0.911417 0.894506
vt 0.502552 0.684775
vt 0.982630 0.461660
vt 0.928097 0.865415
vt 0.506022 0.715946
vt 0.984925 0.430310
vt 0.939137 0.835417
vt 0.510087 0.747027
vt 0.947043 0.804928
vt 0.515009 0.777976
vt 0.953056 0.774146
vt 0.521213 0.808729
vt 0.955925 0.644651
vt 0.951053 0.675118
vt 0.625280 0.904065
vt 0.590833 0.882545
vt 0.960356 0.614071
vt 0.674705 0.919048
vt 0.964472 0.583411
vt 0.736723 0.923649
vt 0.968374 0.552696
vt 0.796613 0.916184
vt 0.498406 0.621589
vt 0.972143 0.521947
vt 0.842144 0.899249
vt 0.502932 0.652145
vt 0.975853 0.491183
vt 0.873506 0.876623
vt 0.507936 0.682577
vt 0.979570 0.460421
vt 0.895182 0.850843
vt 0.513601 0.712840
vt 0.983365 0.429679
vt 0.910772 0.823272
vt 0.520183 0.742864
vt 0.922510 0.794625
vt 0.528060 0.772548
vt 0.931728 0.765297
vt 0.537806 0.801734
vt 0.939243 0.735518
vt 0.550339 0.830163
vt 0.945571 0.705428
vt 0.567172 0.857378
vt 0.955730 0.578011
vt 0.950098 0.607716
vt 0.733834 0.892388
vt 0.688079 0.889928
vt 0.961096 0.548209
vt 0.778155 0.886243
vt 0.500009 0.620595
vt 0.966298 0.518347
vt 0.815882 0.872715
vt 0.506247 0.650078
vt 0.971431 0.488460
vt 0.845660 0.853815
vt 0.513109 0.679331
vt 0.976582 0.458580
vt 0.868622 0.831323
vt 0.520816 0.708269
vt 0.981844 0.428740
vt 0.886470 0.806480
vt 0.529671 0.736773
vt 0.900648 0.780080
vt 0.540094 0.764673
vt 0.912208 0.752625
vt 0.552686 0.791717
vt 0.921888 0.724437
vt 0.568309 0.817516
vt 0.930200 0.695727
vt 0.588181 0.841457
vt 0.937507 0.666640
vt 0.613902 0.862571
vt 0.944074 0.637278
vt 0.647090 0.879381
vt 0.501545 0.619288
vt 0.960653 0.513611
vt 0.954084 0.542316
vt 0.798139 0.844151
vt 0.766432 0.855583
vt 0.509407 0.647367
vt 0.967156 0.484874
vt 0.825160 0.828013
vt 0.517996 0.675088
vt 0.973694 0.456155
vt 0.847609 0.808347
vt 0.527551 0.702325
vt 0.980375 0.427503
vt 0.866174 0.786124
vt 0.538379 0.728912
vt 0.881654 0.762064
vt 0.550882 0.754618
vt 0.894751 0.736679
vt 0.565584 0.779118
vt 0.906031 0.710327
vt 0.583148 0.801953
vt 0.915930 0.683263
vt 0.604357 0.822471
vt 0.924779 0.655672
vt 0.629965 0.839778
vt 0.932836 0.627689
vt 0.660323 0.852741
vt 0.940302 0.599416
vt 0.694756 0.860160
vt 0.947339 0.570937
vt 0.731134 0.861151
vt 0.522536 0.669915
vt 0.512374 0.644048
vt 0.970932 0.453168
vt 0.963066 0.480461
vt 0.830922 0.783001
vt 0.809644 0.800367
vt 0.533715 0.695124
vt 0.978972 0.425980
vt 0.849364 0.763115
vt 0.546193 0.719468
vt 0.865370 0.741297
vt 0.560306 0.742676
vt 0.879372 0.718010
vt 0.576449 0.764390
vt 0.891761 0.693606
vt 0.595052 0.784142
vt 0.902872 0.668352
vt 0.616515 0.801331
vt 0.912979 0.642450
vt 0.641061 0.815233
vt 0.922312 0.616059
vt 0.668520 0.825062
vt 0.931058 0.589303
vt 0.698121 0.830108
vt 0.939375 0.562284
vt 0.728486 0.829946
vt 0.947402 0.535088
vt 0.757990 0.824592
vt 0.502999 0.617683
vt 0.955260 0.507791
vt 0.785286 0.814492
vt 0.553049 0.708641
vt 0.539245 0.686794
vt 0.977650 0.424186
vt 0.851471 0.718383
vt 0.835398 0.738146
vt 0.568340 0.729146
vt 0.865936 0.697122
vt 0.585376 0.747954
vt 0.879050 0.674679
vt 0.604383 0.764636
vt 0.891055 0.651310
vt 0.625497 0.778693
vt 0.902164 0.627221
vt 0.648671 0.789587
vt 0.912568 0.602579
vt 0.673583 0.796799
vt 0.922431 0.577521
vt 0.699595 0.799929
vt 0.931899 0.552163
vt 0.725828 0.798783
vt 0.941103 0.526608
vt 0.751350 0.793434
vt 0.504355 0.615798
vt 0.950164 0.500946
vt 0.775393 0.784196
vt 0.515114 0.640163
vt 0.959198 0.475264
vt 0.797488 0.771545
vt 0.526676 0.663891
vt 0.968321 0.449648
vt 0.817469 0.756021
vt 0.592533 0.730178
vt 0.575024 0.714309
vt 0.867799 0.653908
vt 0.854234 0.674439
vt 0.611531 0.743878
vt 0.880449 0.632440
vt 0.632001 0.755024
vt 0.892345 0.610231
vt 0.653787 0.763241
vt 0.903638 0.587444
vt 0.676568 0.768207
vt 0.914467 0.564224
vt 0.699867 0.769706
vt 0.924958 0.540694
vt 0.723123 0.767671
vt 0.935233 0.516966
vt 0.745779 0.762192
vt 0.505598 0.613654
vt 0.945405 0.493146
vt 0.767382 0.753506
vt 0.517600 0.635762
vt 0.955585 0.469333
vt 0.787634 0.741947
vt 0.530378 0.657101
vt 0.965886 0.445628
vt 0.806403 0.727892
vt 0.544097 0.677470
vt 0.976421 0.422138
vt 0.823690 0.711725
vt 0.558925 0.696632
vt 0.839586 0.693802
vt 0.636561 0.730653
vt 0.616849 0.722211
vt 0.883501 0.591710
vt 0.870988 0.612016
vt 0.657064 0.736458
vt 0.895532 0.570847
vt 0.678090 0.739438
vt 0.907191 0.549568
vt 0.699303 0.739493
vt 0.918589 0.528000
vt 0.720343 0.736619
vt 0.929831 0.506262
vt 0.740871 0.730916
vt 0.506716 0.611276
vt 0.941020 0.484466
vt 0.760615 0.722567
vt 0.519807 0.630898
vt 0.952259 0.462724
vt 0.779391 0.711816
vt 0.533613 0.649638
vt 0.963649 0.441147
vt 0.797108 0.698937
vt 0.548251 0.667293
vt 0.975297 0.419856
vt 0.813752 0.684216
vt 0.563830 0.683639
vt 0.829367 0.667923
vt 0.580434 0.698424
vt 0.844038 0.650312
vt 0.598111 0.711375
vt 0.857873 0.631609
vt 0.678523 0.710595
vt 0.658933 0.709416
vt 0.900617 0.533707
vt 0.888240 0.552969
vt 0.698109 0.709326
vt 0.912817 0.514210
vt 0.717461 0.705641
vt 0.924928 0.494598
vt 0.736376 0.699639
vt 0.507698 0.608688
vt 0.937042 0.474988
vt 0.754691 0.691468
vt 0.521716 0.625629
vt 0.949247 0.455498
vt 0.772297 0.681312
vt 0.536360 0.641596
vt 0.961632 0.436247
vt 0.789137 0.669378
vt 0.551701 0.656403
vt 0.974290 0.417361
vt 0.805200 0.655879
vt 0.567793 0.669847
vt 0.820514 0.641026
vt 0.584661 0.681720
vt 0.835133 0.625020
vt 0.602295 0.691806
vt 0.849130 0.608047
vt 0.620634 0.699900
vt 0.862587 0.590278
vt 0.639568 0.705819
vt 0.875593 0.571871
vt 0.714454 0.674750
vt 0.696403 0.679237
vt 0.920551 0.482081
vt 0.907660 0.499451
vt 0.732131 0.668386
vt 0.508534 0.605921
vt 0.933498 0.464799
vt 0.749344 0.660268
vt 0.523314 0.620016
vt 0.946575 0.447722
vt 0.766030 0.650541
vt 0.538610 0.633075
vt 0.959855 0.430973
vt 0.782162 0.639365
vt 0.554453 0.644935
vt 0.973410 0.414680
vt 0.797738 0.626905
vt 0.570855 0.655432
vt 0.812779 0.613325
vt 0.587801 0.664401
vt 0.827327 0.598786
vt 0.605248 0.671688
vt 0.841432 0.583440
vt 0.623119 0.677159
vt 0.855158 0.567434
vt 0.641309 0.680703
vt 0.868572 0.550905
vt 0.659684 0.682246
vt 0.881744 0.533982
vt 0.678099 0.681753
vt 0.894749 0.516791
vt 0.744385 0.629011
vt 0.728019 0.637178
vt 0.524591 0.614121
vt 0.509217 0.603002
vt 0.944267 0.439466
vt 0.930415 0.453986
vt 0.760362 0.619579
vt 0.540359 0.624171
vt 0.958334 0.425375
vt 0.775944 0.609009
vt 0.556521 0.633023
vt 0.972667 0.411837
vt 0.791136 0.597433
vt 0.573062 0.640552
vt 0.805961 0.584981
vt 0.589943 0.646646
vt 0.820454 0.571785
vt 0.607109 0.651207
vt 0.834656 0.557971
vt 0.624486 0.654157
vt 0.848615 0.543663
vt 0.641986 0.655445
vt 0.862385 0.528981
vt 0.659511 0.655048
vt 0.876022 0.514042
vt 0.676965 0.652973
vt 0.889585 0.498960
vt 0.694252 0.649256
vt 0.903131 0.483848
vt 0.711292 0.643962
vt 0.916722 0.468819
vt 0.624871 0.631039
vt 0.607991 0.630522
vt 0.842882 0.519116
vt 0.828694 0.531786
vt 0.641743 0.630164
vt 0.856986 0.506249
vt 0.658542 0.627908
vt 0.871051 0.493293
vt 0.675209 0.624306
vt 0.885122 0.480349
vt 0.691691 0.619412
vt 0.899244 0.467523
vt 0.707947 0.613295
vt 0.913461 0.454920
vt 0.723948 0.606037
vt 0.509742 0.599963
vt 0.927815 0.442644
vt 0.739674 0.597732
vt 0.525540 0.608008
vt 0.942345 0.430804
vt 0.755122 0.588482
vt 0.541608 0.614981
vt 0.957087 0.419506
vt 0.770296 0.578390
vt 0.557926 0.620791
vt 0.972068 0.408860
vt 0.785214 0.567566
vt 0.574460 0.625359
vt 0.799897 0.556119
vt 0.591167 0.628618
vt 0.814379 0.544156
vt 0.656859 0.600901
vt 0.640679 0.604959
vt 0.866814 0.471866
vt 0.852336 0.482842
vt 0.672883 0.595806
vt 0.881361 0.461086
vt 0.688729 0.589738
vt 0.896010 0.450597
vt 0.704384 0.582770
vt 0.910789 0.440493
vt 0.719841 0.574982
vt 0.510104 0.596837
vt 0.925722 0.430867
vt 0.735101 0.566459
vt 0.526159 0.601742
vt 0.940830 0.421813
vt 0.750175 0.557291
vt 0.542365 0.605600
vt 0.956126 0.413421
vt 0.765077 0.547568
vt 0.558689 0.608361
vt 0.971620 0.405780
vt 0.779830 0.537385
vt 0.575095 0.609989
vt 0.794457 0.526834
vt 0.591540 0.610461
vt 0.808989 0.516011
vt 0.607981 0.609772
vt 0.823458 0.505008
vt 0.624374 0.607929
vt 0.837895 0.493921
vt 0.685359 0.560270
vt 0.670010 0.567523
vt 0.893445 0.433187
vt 0.878306 0.441292
vt 0.700562 0.552415
vt 0.908726 0.425649
vt 0.715628 0.544038
vt 0.510301 0.593655
vt 0.924157 0.418753
vt 0.730572 0.535219
vt 0.526450 0.595387
vt 0.939738 0.412573
vt 0.745412 0.526042
vt 0.542638 0.596122
vt 0.955466 0.407177
vt 0.760170 0.516591
vt 0.558834 0.595849
vt 0.971330 0.402627
vt 0.774869 0.506950
vt 0.575004 0.594573
vt 0.789536 0.497204
vt 0.591119 0.592309
vt 0.804196 0.487438
vt 0.607148 0.589085
vt 0.818877 0.477738
vt 0.623068 0.584942
vt 0.833605 0.468189
vt 0.638860 0.579927
vt 0.848404 0.458876
vt 0.654510 0.574099
vt 0.863298 0.449882
vt 0.711241 0.513230
vt 0.696433 0.522261
vt 0.510333 0.590450
vt 0.923142 0.406401
vt 0.907296 0.410499
vt 0.726001 0.504038
vt 0.526415 0.589007
vt 0.939089 0.403167
vt 0.740738 0.494766
vt 0.542440 0.586636
vt 0.955117 0.400834
vt 0.755475 0.485495
vt 0.558383 0.583365
vt 0.971200 0.399431
vt 0.770237 0.476308
vt 0.574225 0.579232
vt 0.785047 0.467286
vt 0.589947 0.574286
vt 0.799928 0.458510
vt 0.605541 0.568583
vt 0.814898 0.450060
vt 0.621000 0.562184
vt 0.829976 0.442017
vt 0.636323 0.555157
vt 0.845175 0.434457
vt 0.651517 0.547575
vt 0.860504 0.427456
vt 0.666590 0.539513
vt 0.875969 0.421084
vt 0.681556 0.531049
vt 0.891568 0.415411
vt 0.736063 0.463489
vt 0.721305 0.472943
vt 0.541785 0.577232
vt 0.526062 0.582666
vt 0.955086 0.394455
vt 0.938897 0.393681
vt 0.750905 0.454313
vt 0.557361 0.571016
vt 0.971234 0.396227
vt 0.765852 0.445498
vt 0.572786 0.564085
vt 0.780923 0.437129
vt 0.588062 0.556514
vt 0.796130 0.429285
vt 0.603194 0.548380
vt 0.811485 0.422047
vt 0.618197 0.539762
vt 0.826991 0.415490
vt 0.633085 0.530744
vt 0.842647 0.409684
vt 0.647880 0.521408
vt 0.858445 0.404694
vt 0.662604 0.511840
vt 0.874371 0.400579
vt 0.677282 0.502124
vt 0.890406 0.397387
vt 0.691940 0.492346
vt 0.906524 0.395156
vt 0.706605 0.482591
vt 0.510202 0.587255
vt 0.922699 0.393916
vt 0.761642 0.414552
vt 0.746376 0.423072
vt 0.570716 0.549246
vt 0.555789 0.558905
vt 0.971434 0.393045
vt 0.777104 0.406771
vt 0.585488 0.539110
vt 0.792765 0.399814
vt 0.600130 0.528592
vt 0.808619 0.393761
vt 0.614672 0.517785
vt 0.824650 0.388685
vt 0.629145 0.506784
vt 0.840837 0.384649
vt 0.643581 0.495683
vt 0.857148 0.381704
vt 0.658015 0.484576
vt 0.873548 0.379891
vt 0.672481 0.473556
vt 0.889994 0.379233
vt 0.687013 0.462719
vt 0.906443 0.379740
vt 0.701640 0.452158
vt 0.509909 0.584102
vt 0.922851 0.381404
vt 0.716394 0.441967
vt 0.525398 0.576423
vt 0.939176 0.384203
vt 0.731299 0.432241
vt 0.540688 0.567995
vt 0.955381 0.388100
vt 0.789809 0.370138
vt 0.773544 0.376245
vt 0.596361 0.509336
vt 0.582246 0.522190
vt 0.806300 0.365258
vt 0.610425 0.496365
vt 0.822976 0.361676
vt 0.624485 0.483384
vt 0.839783 0.359443
vt 0.638586 0.470495
vt 0.856663 0.358594
vt 0.652771 0.457804
vt 0.873549 0.359141
vt 0.667084 0.445417
vt 0.890377 0.361077
vt 0.681565 0.433440
vt 0.907086 0.364371
vt 0.696250 0.421980
vt 0.509460 0.581023
vt 0.923622 0.368976
vt 0.711170 0.411148
vt 0.524434 0.570340
vt 0.939939 0.374824
vt 0.726349 0.401051
vt 0.539167 0.559007
vt 0.956004 0.381836
vt 0.741802 0.391799
vt 0.553690 0.547132
vt 0.971798 0.389919
vt 0.757536 0.383497
vt 0.568036 0.534825
vt 0.822016 0.334534
vt 0.804551 0.336590
vt 0.619077 0.460661
vt 0.605445 0.475625
vt 0.839551 0.334160
vt 0.632843 0.445956
vt 0.857059 0.335476
vt 0.646799 0.431628
vt 0.874442 0.338457
vt 0.661000 0.417795
vt 0.891612 0.343051
vt 0.675493 0.404583
vt 0.908495 0.349181
vt 0.690321 0.392118
vt 0.508859 0.578048
vt 0.925034 0.356748
vt 0.705517 0.380531
vt 0.523183 0.564474
vt 0.941194 0.365637
vt 0.721104 0.369955
vt 0.537241 0.550349
vt 0.956957 0.375725
vt 0.737089 0.360520
vt 0.551084 0.535796
vt 0.972324 0.386882
vt 0.753464 0.352354
vt 0.564768 0.520932
vt 0.770201 0.345576
vt 0.578350 0.505874
vt 0.787252 0.340292
vt 0.591889 0.490734
vt 0.858439 0.312477
vt 0.840240 0.308904
vt 0.640012 0.406168
vt 0.626289 0.422196
vt 0.876316 0.317979
vt 0.654116 0.390803
vt 0.893766 0.325302
vt 0.668664 0.376246
vt 0.910712 0.334307
vt 0.683709 0.362652
vt 0.508114 0.575207
vt 0.927111 0.344840
vt 0.699290 0.350179
vt 0.521659 0.558880
vt 0.942949 0.356737
vt 0.715430 0.338995
vt 0.534928 0.542099
vt 0.958238 0.369833
vt 0.732126 0.329264
vt 0.547995 0.524991
vt 0.973009 0.383965
vt 0.749351 0.321146
vt 0.560932 0.507679
vt 0.767042 0.314786
vt 0.573814 0.490280
vt 0.785107 0.310310
vt 0.586717 0.472913
vt 0.803425 0.307808
vt 0.599714 0.455696
vt 0.821853 0.307336
vt 0.612880 0.438749
vt 0.896919 0.307989
vt 0.879284 0.297867
vt 0.660917 0.348554
vt 0.646297 0.364579
vt 0.913785 0.319898
vt 0.676235 0.333685
vt 0.507232 0.572527
vt 0.929872 0.333379
vt 0.692305 0.320172
vt 0.519878 0.553610
vt 0.945205 0.348221
vt 0.709154 0.308227
vt 0.532252 0.534329
vt 0.959840 0.364224
vt 0.726773 0.298065
vt 0.544445 0.514810
vt 0.973848 0.381199
vt 0.745104 0.289892
vt 0.556548 0.495172
vt 0.764036 0.283894
vt 0.568649 0.475532
vt 0.783407 0.280220
vt 0.580839 0.456009
vt 0.803011 0.278966
vt 0.593209 0.436721
vt 0.822617 0.280167
vt 0.605848 0.417796
vt 0.841995 0.283790
vt 0.618849 0.399365
vt 0.860939 0.289739
vt 0.632302 0.381574
vn 0.4227 0.1081 0.8997
vn 0.4769 0.0839 0.8749
vn 0.5069 0.1722 0.8446
vn 0.4464 0.1992 0.8723
vn 0.3747 0.9264 0.0372
vn 0.4535 0.8912 0.0010
vn 0.4161 0.9050 -0.0885
vn 0.3408 0.9386 -0.0540
vn 0.3950 0.0160 0.9185
vn 0.4425 -0.0052 0.8967
vn 0.4050 0.9053 0.1280
vn 0.4866 0.8689 0.0905
vn 0.3634 -0.0763 0.9285
vn 0.4038 -0.0943 0.9100
vn 0.4313 0.8755 0.2175
vn 0.5150 0.8382 0.1791
vn -0.1118 0.5872 -0.8017
vn -0.1033 0.5834 -0.8056
vn -0.1596 0.5109 -0.8447
vn 0.3284 -0.1679 0.9295
vn 0.3612 -0.1825 0.9145
vn 0.4536 0.8374 0.3050
vn 0.5385 0.7995 0.2660
vn -0.0638 0.6565 -0.7516
vn -0.0470 0.6490 -0.7593
vn 0.2902 -0.2579 0.9216
vn 0.3150 -0.2690 0.9101
vn 0.4714 0.7912 0.3895
vn 0.5568 0.7531 0.3504
vn -0.0151 0.7195 -0.6943
vn 0.0098 0.7084 -0.7057
vn 0.2492 -0.3454 0.9048
vn 0.2659 -0.3529 0.8971
vn 0.4848 0.7374 0.4703
vn 0.5697 0.6995 0.4313
vn 0.0337 0.7756 -0.6303
vn 0.0665 0.7610 -0.6453
vn 0.2057 -0.4296 0.8793
vn 0.2142 -0.4334 0.8754
vn 0.4935 0.6765 0.5466
vn 0.5772 0.6392 0.5082
vn 0.0822 0.8242 -0.5603
vn 0.1225 0.8062 -0.5788
vn 0.1596 -0.5109 0.8447
vn 0.4975 0.6091 0.6176
vn 0.5791 0.5727 0.5802
vn 0.1299 0.8649 -0.4849
vn 0.1773 0.8437 -0.5066
vn 0.4966 0.5359 0.6827
vn 0.5755 0.5007 0.6465
vn 0.1763 0.8972 -0.4048
vn 0.2305 0.8730 -0.4297
vn 0.4910 0.4575 0.7413
vn 0.5663 0.4240 0.7067
vn 0.2210 0.9210 -0.3209
vn 0.2814 0.8940 -0.3486
vn 0.4808 0.3747 0.7927
vn 0.5517 0.3431 0.7602
vn 0.2636 0.9358 -0.2338
vn 0.3296 0.9064 -0.2641
vn 0.4658 0.2884 0.8365
vn 0.5318 0.2589 0.8063
vn 0.3037 0.9417 -0.1446
vn 0.3746 0.9101 -0.1772
vn 0.2217 0.8182 -0.5304
vn 0.1601 0.7846 -0.5990
vn 0.6491 0.4584 0.6070
vn 0.6553 0.5289 0.5393
vn 0.2811 0.8440 -0.4568
vn 0.6366 0.3836 0.6690
vn 0.3378 0.8616 -0.3788
vn 0.6180 0.3050 0.7246
vn 0.3912 0.8710 -0.2972
vn 0.5934 0.2235 0.7732
vn 0.4409 0.8720 -0.2127
vn 0.5632 0.1398 0.8144
vn 0.4863 0.8646 -0.1262
vn 0.5275 0.0548 0.8477
vn 0.5271 0.8489 -0.0385
vn 0.4868 -0.0307 0.8730
vn 0.5628 0.8251 0.0496
vn 0.4414 -0.1159 0.8898
vn 0.5931 0.7933 0.1372
vn -0.0954 0.5788 -0.8098
vn 0.3917 -0.2001 0.8980
vn 0.6177 0.7540 0.2235
vn -0.0313 0.6400 -0.7677
vn 0.3383 -0.2823 0.8977
vn 0.6364 0.7074 0.3076
vn 0.0330 0.6951 -0.7182
vn 0.2816 -0.3619 0.8887
vn 0.6489 0.6540 0.3888
vn 0.0970 0.7434 -0.6618
vn 0.2221 -0.4379 0.8711
vn 0.6553 0.5943 0.4663
vn 0.3895 0.8241 -0.4113
vn 0.3275 0.8103 -0.4860
vn 0.6788 0.2609 0.6864
vn 0.7010 0.3367 0.6285
vn 0.4478 0.8299 -0.3327
vn 0.6500 0.1825 0.7377
vn 0.5017 0.8278 -0.2509
vn 0.6149 0.1023 0.7819
vn 0.5508 0.8178 -0.1667
vn 0.5740 0.0211 0.8186
vn 0.5947 0.7999 -0.0809
vn 0.5275 -0.0602 0.8474
vn 0.6327 0.7743 0.0057
vn 0.4759 -0.1410 0.8681
vn 0.6648 0.7413 0.0922
vn -0.0881 0.5735 -0.8144
vn 0.4198 -0.2205 0.8804
vn 0.6905 0.7012 0.1778
vn -0.0170 0.6296 -0.7767
vn 0.3596 -0.2978 0.8843
vn 0.7095 0.6543 0.2617
vn 0.0543 0.6796 -0.7316
vn 0.2959 -0.3723 0.8796
vn 0.7217 0.6012 0.3432
vn 0.1251 0.7230 -0.6794
vn 0.2294 -0.4432 0.8665
vn 0.7270 0.5423 0.4212
vn 0.1947 0.7595 -0.6207
vn 0.7253 0.4781 0.4953
vn 0.2624 0.7887 -0.5560
vn 0.7166 0.4094 0.5647
vn 0.5564 0.7781 -0.2913
vn 0.4987 0.7837 -0.3703
vn 0.6615 0.0600 0.7475
vn 0.7009 0.1362 0.7001
vn 0.6089 0.7651 -0.2095
vn 0.6158 -0.0168 0.7877
vn 0.6554 0.7447 -0.1258
vn 0.5641 -0.0935 0.8204
vn 0.6957 0.7171 -0.0408
vn 0.5070 -0.1693 0.8451
vn 0.7293 0.6827 0.0445
vn -0.0816 0.5676 -0.8192
vn 0.4451 -0.2434 0.8618
vn 0.7559 0.6417 0.1295
vn -0.0040 0.6178 -0.7863
vn 0.3788 -0.3152 0.8701
vn 0.7753 0.5945 0.2131
vn 0.0735 0.6621 -0.7457
vn 0.3089 -0.3840 0.8701
vn 0.7872 0.5417 0.2948
vn 0.1504 0.7001 -0.6980
vn 0.2360 -0.4492 0.8617
vn 0.7915 0.4836 0.3736
vn 0.2258 0.7313 -0.6436
vn 0.7882 0.4209 0.4488
vn 0.2990 0.7554 -0.5830
vn 0.7774 0.3542 0.5198
vn 0.3693 0.7723 -0.5168
vn 0.7591 0.2840 0.5857
vn 0.4361 0.7818 -0.4457
vn 0.7335 0.2112 0.6460
vn 0.7089 0.6838 -0.1727
vn 0.6599 0.7070 -0.2543
vn 0.5963 -0.1301 0.7921
vn 0.6525 -0.0587 0.7555
vn 0.7511 0.6541 -0.0894
vn 0.5344 -0.2004 0.8211
vn 0.7861 0.6181 -0.0052
vn -0.0758 0.5610 -0.8243
vn 0.4673 -0.2687 0.8422
vn 0.8135 0.5762 0.0790
vn 0.0073 0.6049 -0.7963
vn 0.3957 -0.3345 0.8553
vn 0.8331 0.5287 0.1624
vn 0.0904 0.6429 -0.7606
vn 0.3203 -0.3970 0.8601
vn 0.8447 0.4761 0.2443
vn 0.1726 0.6748 -0.7175
vn 0.2417 -0.4557 0.8567
vn 0.8482 0.4190 0.3238
vn 0.2531 0.7001 -0.6676
vn 0.8436 0.3579 0.4003
vn 0.3312 0.7187 -0.6113
vn 0.8309 0.2933 0.4728
vn 0.4061 0.7304 -0.5491
vn 0.8101 0.2259 0.5409
vn 0.4770 0.7351 -0.4816
vn 0.7816 0.1563 0.6037
vn 0.5434 0.7327 -0.4096
vn 0.7456 0.0853 0.6608
vn 0.6046 0.7233 -0.3335
vn 0.7025 0.0134 0.7116
vn 0.8344 0.5481 -0.0566
vn 0.7983 0.5859 -0.1396
vn -0.0709 0.5539 -0.8295
vn 0.4862 -0.2961 0.8221
vn 0.5577 -0.2341 0.7964
vn 0.8626 0.5052 0.0268
vn 0.0170 0.5909 -0.8065
vn 0.4100 -0.3552 0.8400
vn 0.8824 0.4574 0.1100
vn 0.1048 0.6221 -0.7758
vn 0.3299 -0.4110 0.8498
vn 0.8938 0.4052 0.1921
vn 0.1915 0.6474 -0.7377
vn 0.2467 -0.4628 0.8514
vn 0.8966 0.3491 0.2724
vn 0.2764 0.6664 -0.6924
vn 0.8908 0.2897 0.3500
vn 0.3586 0.6791 -0.6405
vn 0.8764 0.2275 0.4244
vn 0.4374 0.6851 -0.5824
vn 0.8536 0.1630 0.4946
vn 0.5119 0.6847 -0.5188
vn 0.8227 0.0970 0.5601
vn 0.5816 0.6776 -0.4501
vn 0.7838 0.0301 0.6203
vn 0.6456 0.6640 -0.3771
vn 0.7374 -0.0370 0.6745
vn 0.7034 0.6441 -0.3006
vn 0.6839 -0.1039 0.7222
vn 0.7545 0.6179 -0.2211
vn 0.6238 -0.1698 0.7629
vn 0.9227 0.3814 0.0564
vn 0.9026 0.4296 -0.0265
vn 0.1165 0.6000 -0.7915
vn 0.0249 0.5759 -0.8171
vn 0.3379 -0.4259 0.8393
vn 0.4218 -0.3774 0.8244
vn 0.9338 0.3296 0.1388
vn 0.2070 0.6182 -0.7582
vn 0.2506 -0.4704 0.8461
vn 0.9361 0.2746 0.2199
vn 0.2954 0.6305 -0.7177
vn 0.9293 0.2170 0.2988
vn 0.3810 0.6368 -0.6703
vn 0.9136 0.1572 0.3749
vn 0.4630 0.6369 -0.6164
vn 0.8892 0.0960 0.4474
vn 0.5404 0.6309 -0.5567
vn 0.8561 0.0338 0.5156
vn 0.6127 0.6188 -0.4916
vn 0.8149 -0.0286 0.5788
vn 0.6791 0.6008 -0.4217
vn 0.7659 -0.0909 0.6365
vn 0.7389 0.5770 -0.3478
vn 0.7094 -0.1522 0.6881
vn 0.7917 0.5477 -0.2706
vn 0.6462 -0.2121 0.7331
vn 0.8368 0.5131 -0.1908
vn 0.5767 -0.2700 0.7710
vn 0.8739 0.4736 -0.1092
vn -0.0669 0.5464 -0.8348
vn 0.5017 -0.3253 0.8016
vn 0.9662 0.1962 0.1668
vn 0.9645 0.2501 0.0849
vn 0.3100 0.5928 -0.7433
vn 0.2188 0.5875 -0.7790
vn 0.2537 -0.4783 0.8407
vn 0.9588 0.1405 0.2470
vn 0.3982 0.5923 -0.7004
vn 0.9420 0.0834 0.3249
vn 0.4825 0.5861 -0.6508
vn 0.9163 0.0255 0.3996
vn 0.5622 0.5743 -0.5950
vn 0.8817 -0.0326 0.4705
vn 0.6365 0.5570 -0.5334
vn 0.8387 -0.0904 0.5369
vn 0.7047 0.5343 -0.4668
vn 0.7877 -0.1474 0.5982
vn 0.7661 0.5065 -0.3956
vn 0.7290 -0.2030 0.6537
vn 0.8201 0.4739 -0.3207
vn 0.6633 -0.2566 0.7030
vn 0.8663 0.4367 -0.2427
vn 0.5912 -0.3077 0.7454
vn 0.9041 0.3953 -0.1623
vn -0.0638 0.5384 -0.8402
vn 0.5135 -0.3559 0.7808
vn 0.9333 0.3501 -0.0804
vn 0.0310 0.5602 -0.8277
vn 0.4308 -0.4007 0.8086
vn 0.9534 0.3015 0.0023
vn 0.1255 0.5766 -0.8072
vn 0.3439 -0.4417 0.8286
vn 0.9615 0.0067 0.2748
vn 0.9789 0.0611 0.1951
vn 0.4959 0.5334 -0.6853
vn 0.4099 0.5461 -0.7306
vn 0.9348 -0.0477 0.3518
vn 0.5771 0.5156 -0.6333
vn 0.8992 -0.1017 0.4255
vn 0.6528 0.4928 -0.5753
vn 0.8550 -0.1546 0.4950
vn 0.7221 0.4653 -0.5118
vn 0.8025 -0.2062 0.5599
vn 0.7846 0.4333 -0.4434
vn 0.7423 -0.2557 0.6193
vn 0.8395 0.3972 -0.3707
vn 0.6750 -0.3028 0.6728
vn 0.8863 0.3572 -0.2945
vn 0.6012 -0.3470 0.7198
vn 0.9247 0.3139 -0.2154
vn -0.0617 0.5301 -0.8456
vn 0.5215 -0.3878 0.7600
vn 0.9541 0.2675 -0.1343
vn 0.0351 0.5439 -0.8384
vn 0.4369 -0.4249 0.7928
vn 0.9744 0.2185 -0.0519
vn 0.1316 0.5524 -0.8231
vn 0.3480 -0.4580 0.8180
vn 0.9854 0.1675 0.0310
vn 0.2269 0.5557 -0.7998
vn 0.2558 -0.4866 0.8353
vn 0.9868 0.1148 0.1136
vn 0.3199 0.5535 -0.7689
vn 0.9084 -0.1726 0.3808
vn 0.9445 -0.1229 0.3045
vn 0.6612 0.4269 -0.6168
vn 0.5849 0.4552 -0.6713
vn 0.8635 -0.2206 0.4536
vn 0.7313 0.3944 -0.5564
vn 0.8103 -0.2665 0.5219
vn 0.7943 0.3581 -0.4907
vn 0.7493 -0.3098 0.5852
vn 0.8497 0.3184 -0.4203
vn 0.6811 -0.3502 0.6430
vn 0.8969 0.2757 -0.3458
vn 0.6064 -0.3872 0.6945
vn 0.9355 0.2303 -0.2680
vn -0.0606 0.5217 -0.8510
vn 0.5258 -0.4205 0.7394
vn 0.9651 0.1827 -0.1877
vn 0.0373 0.5271 -0.8489
vn 0.4401 -0.4498 0.7771
vn 0.9854 0.1333 -0.1055
vn 0.1348 0.5276 -0.8387
vn 0.3502 -0.4747 0.8074
vn 0.9963 0.0827 -0.0223
vn 0.2311 0.5229 -0.8204
vn 0.2569 -0.4951 0.8300
vn 0.9976 0.0312 0.0610
vn 0.3251 0.5133 -0.7942
vn 0.9894 -0.0205 0.1438
vn 0.4160 0.4986 -0.7604
vn 0.9716 -0.0720 0.2252
vn 0.5029 0.4792 -0.7193
vn 0.8109 -0.3278 0.4847
vn 0.8642 -0.2876 0.4129
vn 0.7951 0.2817 -0.5371
vn 0.7320 0.3223 -0.6001
vn 0.7499 -0.3648 0.5518
vn 0.8505 0.2384 -0.4688
vn 0.6816 -0.3984 0.6137
vn 0.8977 0.1928 -0.3961
vn 0.6068 -0.4282 0.6697
vn 0.9363 0.1453 -0.3196
vn -0.0605 0.5130 -0.8562
vn 0.5261 -0.4538 0.7192
vn 0.9659 0.0965 -0.2400
vn 0.0374 0.5101 -0.8592
vn 0.4404 -0.4751 0.7618
vn 0.9863 0.0467 -0.1581
vn 0.1351 0.5023 -0.8540
vn 0.3504 -0.4917 0.7971
vn 0.9972 -0.0035 -0.0746
vn 0.2314 0.4897 -0.8406
vn 0.2570 -0.5037 0.8247
vn 0.9985 -0.0537 0.0095
vn 0.3255 0.4723 -0.8191
vn 0.9902 -0.1034 0.0935
vn 0.4165 0.4505 -0.7897
vn 0.9724 -0.1520 0.1767
vn 0.5034 0.4242 -0.7527
vn 0.9453 -0.1993 0.2582
vn 0.5855 0.3939 -0.7085
vn 0.9091 -0.2446 0.3371
vn 0.6619 0.3599 -0.6575
vn 0.6764 -0.4469 0.5853
vn 0.7440 -0.4202 0.5195
vn 0.8889 0.1094 -0.4448
vn 0.8419 0.1579 -0.5159
vn 0.6024 -0.4693 0.6456
vn 0.9273 0.0599 -0.3695
vn -0.0615 0.5043 -0.8613
vn 0.5226 -0.4872 0.6996
vn 0.9568 0.0098 -0.2907
vn 0.0356 0.4930 -0.8693
vn 0.4377 -0.5005 0.7469
vn 0.9771 -0.0403 -0.2090
vn 0.1324 0.4769 -0.8689
vn 0.3486 -0.5089 0.7871
vn 0.9880 -0.0902 -0.1253
vn 0.2279 0.4563 -0.8602
vn 0.2561 -0.5124 0.8197
vn 0.9894 -0.1391 -0.0404
vn 0.3211 0.4312 -0.8431
vn 0.9814 -0.1867 0.0448
vn 0.4113 0.4020 -0.8180
vn 0.9639 -0.2325 0.1296
vn 0.4975 0.3689 -0.7851
vn 0.9372 -0.2761 0.2132
vn 0.5789 0.3323 -0.7446
vn 0.9014 -0.3171 0.2948
vn 0.6548 0.2925 -0.6969
vn 0.8570 -0.3549 0.3735
vn 0.7243 0.2499 -0.6425
vn 0.8044 -0.3894 0.4487
vn 0.7869 0.2049 -0.5820
vn 0.5152 -0.5205 0.6809
vn 0.5933 -0.5103 0.6225
vn 0.9376 -0.0764 -0.3392
vn 0.9084 -0.0251 -0.4174
vn 0.0318 0.4760 -0.8789
vn -0.0634 0.4957 -0.8661
vn 0.4321 -0.5257 0.7327
vn 0.9578 -0.1270 -0.2578
vn 0.1268 0.4516 -0.8831
vn 0.3448 -0.5259 0.7775
vn 0.9688 -0.1764 -0.1739
vn 0.2205 0.4230 -0.8789
vn 0.2542 -0.5210 0.8148
vn 0.9705 -0.2241 -0.0883
vn 0.3121 0.3902 -0.8662
vn 0.9630 -0.2696 -0.0019
vn 0.4006 0.3537 -0.8452
vn 0.9461 -0.3126 0.0845
vn 0.4853 0.3139 -0.8161
vn 0.9202 -0.3525 0.1702
vn 0.5653 0.2709 -0.7791
vn 0.8854 -0.3891 0.2542
vn 0.6399 0.2254 -0.7346
vn 0.8421 -0.4220 0.3358
vn 0.7083 0.1778 -0.6831
vn 0.7907 -0.4508 0.4141
vn 0.7699 0.1284 -0.6250
vn 0.7317 -0.4752 0.4885
vn 0.8241 0.0779 -0.5610
vn 0.6657 -0.4951 0.5582
vn 0.8704 0.0265 -0.4915
vn 0.3390 -0.5427 0.7684
vn 0.4236 -0.5506 0.7193
vn 0.9399 -0.2614 -0.2198
vn 0.9287 -0.2124 -0.3039
vn 0.2093 0.3902 -0.8966
vn 0.1183 0.4267 -0.8966
vn 0.2513 -0.5295 0.8102
vn 0.9420 -0.3078 -0.1335
vn 0.2983 0.3499 -0.8880
vn 0.9351 -0.3513 -0.0460
vn 0.3844 0.3062 -0.8709
vn 0.9192 -0.3915 0.0419
vn 0.4668 0.2596 -0.8454
vn 0.8945 -0.4279 0.1295
vn 0.5447 0.2105 -0.8117
vn 0.8612 -0.4602 0.2158
vn 0.6174 0.1594 -0.7703
vn 0.8196 -0.4880 0.3001
vn 0.6841 0.1068 -0.7215
vn 0.7701 -0.5112 0.3815
vn 0.7443 0.0531 -0.6658
vn 0.7133 -0.5295 0.4592
vn 0.7972 -0.0010 -0.6036
vn 0.6495 -0.5426 0.5325
vn 0.8426 -0.0551 -0.5357
vn 0.5795 -0.5506 0.6007
vn 0.8798 -0.1088 -0.4626
vn -0.0663 0.4872 -0.8707
vn 0.5040 -0.5533 0.6632
vn 0.9086 -0.1614 -0.3851
vn 0.0261 0.4592 -0.8879
vn 0.2474 -0.5378 0.8059
vn 0.8981 -0.4310 -0.0872
vn 0.9041 -0.3894 -0.1758
vn 0.3629 0.2599 -0.8948
vn 0.2800 0.3106 -0.9084
vn 0.8835 -0.4684 0.0022
vn 0.4423 0.2068 -0.8727
vn 0.8604 -0.5013 0.0915
vn 0.5174 0.1516 -0.8422
vn 0.8290 -0.5294 0.1800
vn 0.5875 0.0951 -0.8036
vn 0.7897 -0.5524 0.2668
vn 0.6520 0.0376 -0.7573
vn 0.7428 -0.5701 0.3510
vn 0.7102 -0.0202 -0.7037
vn 0.6887 -0.5823 0.4319
vn 0.7616 -0.0779 -0.6434
vn 0.6280 -0.5889 0.5086
vn 0.8056 -0.1348 -0.5769
vn 0.5613 -0.5899 0.5804
vn 0.8419 -0.1904 -0.5048
vn -0.0701 0.4790 -0.8750
vn 0.4892 -0.5853 0.6467
vn 0.8702 -0.2441 -0.4279
vn 0.0185 0.4428 -0.8964
vn 0.4123 -0.5749 0.7067
vn 0.8901 -0.2955 -0.3469
vn 0.1070 0.4025 -0.9091
vn 0.3315 -0.5590 0.7600
vn 0.9014 -0.3441 -0.2626
vn 0.1945 0.3582 -0.9131
vn 0.8183 -0.5720 0.0567
vn 0.8394 -0.5424 -0.0343
vn 0.4836 0.0949 -0.8701
vn 0.4119 0.1558 -0.8978
vn 0.7893 -0.5961 0.1472
vn 0.5506 0.0331 -0.8341
vn 0.7528 -0.6144 0.2363
vn 0.6122 -0.0291 -0.7901
vn 0.7090 -0.6268 0.3231
vn 0.6681 -0.0909 -0.7385
vn 0.6584 -0.6332 0.4068
vn 0.7174 -0.1520 -0.6798
vn 0.6015 -0.6336 0.4866
vn 0.7599 -0.2115 -0.6146
vn 0.5387 -0.6278 0.5618
vn 0.7951 -0.2690 -0.5435
vn -0.0749 0.4710 -0.8789
vn 0.4708 -0.6160 0.6315
vn 0.8227 -0.3239 -0.4672
vn 0.0091 0.4271 -0.9041
vn 0.3984 -0.5983 0.6952
vn 0.8423 -0.3757 -0.3864
vn 0.0931 0.3791 -0.9207
vn 0.3221 -0.5748 0.7522
vn 0.8539 -0.4239 -0.3019
vn 0.1761 0.3275 -0.9283
vn 0.2427 -0.5458 0.8020
vn 0.8573 -0.4680 -0.2145
vn 0.2575 0.2727 -0.9270
vn 0.8524 -0.5076 -0.1250
vn 0.3363 0.2153 -0.9168
vn 0.7091 -0.6734 0.2088
vn 0.7424 -0.6595 0.1176
vn 0.5653 -0.0925 -0.8196
vn 0.5069 -0.0259 -0.8616
vn 0.6691 -0.6808 0.2980
vn 0.6183 -0.1583 -0.7698
vn 0.6225 -0.6817 0.3842
vn 0.6653 -0.2224 -0.7126
vn 0.5701 -0.6760 0.4668
vn 0.7059 -0.2845 -0.6486
vn 0.5121 -0.6639 0.5450
vn 0.7398 -0.3438 -0.5783
vn -0.0805 0.4634 -0.8825
vn 0.4491 -0.6453 0.6179
vn 0.7665 -0.3998 -0.5025
vn -0.0019 0.4121 -0.9111
vn 0.3819 -0.6206 0.6848
vn 0.7859 -0.4520 -0.4219
vn 0.0766 0.3568 -0.9310
vn 0.3110 -0.5898 0.7452
vn 0.7978 -0.4998 -0.3372
vn 0.1545 0.2982 -0.9419
vn 0.2370 -0.5534 0.7985
vn 0.8020 -0.5429 -0.2492
vn 0.2308 0.2366 -0.9438
vn 0.7985 -0.5807 -0.1589
vn 0.3049 0.1728 -0.9366
vn 0.7873 -0.6129 -0.0671
vn 0.3761 0.1074 -0.9203
vn 0.7685 -0.6393 0.0254
vn 0.4436 0.0409 -0.8953
vn 0.5816 -0.7272 0.3645
vn 0.6234 -0.7316 0.2759
vn 0.6057 -0.2887 -0.7414
vn 0.5614 -0.2215 -0.7973
vn 0.5342 -0.7159 0.4495
vn 0.6442 -0.3531 -0.6784
vn 0.4816 -0.6977 0.5303
vn 0.6766 -0.4141 -0.6089
vn -0.0869 0.4562 -0.8856
vn 0.4244 -0.6728 0.6059
vn 0.7024 -0.4711 -0.5335
vn -0.0146 0.3980 -0.9173
vn 0.3631 -0.6415 0.6757
vn 0.7215 -0.5236 -0.4530
vn 0.0578 0.3359 -0.9401
vn 0.2983 -0.6039 0.7391
vn 0.7336 -0.5711 -0.3682
vn 0.1297 0.2706 -0.9539
vn 0.2306 -0.5605 0.7953
vn 0.7387 -0.6131 -0.2798
vn 0.2004 0.2028 -0.9585
vn 0.7367 -0.6493 -0.1888
vn 0.2691 0.1329 -0.9539
vn 0.7277 -0.6791 -0.0959
vn 0.3351 0.0618 -0.9401
vn 0.7116 -0.7025 -0.0021
vn 0.3980 -0.0098 -0.9173
vn 0.6888 -0.7191 0.0917
vn 0.4570 -0.0814 -0.8857
vn 0.6593 -0.7288 0.1847
vn 0.5117 -0.1522 -0.8456
vn 0.4476 -0.7291 0.5177
vn 0.4942 -0.7528 0.4347
vn 0.6061 -0.4791 -0.6349
vn 0.5755 -0.4165 -0.7038
vn -0.0941 0.4496 -0.8882
vn 0.3968 -0.6983 0.5957
vn 0.6308 -0.5371 -0.5599
vn -0.0287 0.3850 -0.9225
vn 0.3421 -0.6608 0.6680
vn 0.6496 -0.5899 -0.4795
vn 0.0369 0.3166 -0.9478
vn 0.2842 -0.6169 0.7339
vn 0.6621 -0.6371 -0.3946
vn 0.1021 0.2452 -0.9640
vn 0.2235 -0.5671 0.7927
vn 0.6682 -0.6782 -0.3058
vn 0.1664 0.1714 -0.9710
vn 0.6680 -0.7127 -0.2141
vn 0.2290 0.0960 -0.9687
vn 0.6613 -0.7404 -0.1204
vn 0.2895 0.0197 -0.9570
vn 0.6482 -0.7610 -0.0255
vn 0.3471 -0.0567 -0.9361
vn 0.6290 -0.7743 0.0697
vn 0.4014 -0.1327 -0.9062
vn 0.6037 -0.7801 0.1642
vn 0.4519 -0.2073 -0.8676
vn 0.5726 -0.7785 0.2571
vn 0.4980 -0.2799 -0.8207
vn 0.5359 -0.7693 0.3476
vn 0.5393 -0.3499 -0.7659
vn -0.0442 0.3731 -0.9267
vn -0.1019 0.4436 -0.8904
vn 0.3192 -0.6784 0.6617
vn 0.3666 -0.7214 0.5874
vn 0.5711 -0.6501 -0.5011
vn 0.5527 -0.5970 -0.5814
vn 0.0139 0.2990 -0.9541
vn 0.2687 -0.6288 0.7296
vn 0.5839 -0.6970 -0.4161
vn 0.0720 0.2221 -0.9724
vn 0.2156 -0.5731 0.7906
vn 0.5912 -0.7372 -0.3270
vn 0.1292 0.1429 -0.9812
vn 0.5928 -0.7703 -0.2348
vn 0.1853 0.0625 -0.9807
vn 0.5887 -0.7960 -0.1403
vn 0.2396 -0.0185 -0.9707
vn 0.5789 -0.8141 -0.0445
vn 0.2915 -0.0994 -0.9514
vn 0.5636 -0.8244 0.0517
vn 0.3407 -0.1792 -0.9229
vn 0.5429 -0.8267 0.1475
vn 0.3865 -0.2574 -0.8856
vn 0.5170 -0.8211 0.2418
vn 0.4287 -0.3331 -0.8398
vn 0.4860 -0.8076 0.3339
vn 0.4668 -0.4056 -0.7859
vn 0.4505 -0.7864 0.4227
vn 0.5003 -0.4741 -0.7244
vn 0.4105 -0.7575 0.5075
vn 0.5290 -0.5382 -0.6561
vn 0.0396 0.2015 -0.9787
vn -0.0107 0.2834 -0.9589
vn 0.2072 -0.5784 0.7889
vn 0.2521 -0.6393 0.7264
vn 0.5084 -0.7898 -0.3432
vn 0.5000 -0.7503 -0.4324
vn 0.0894 0.1176 -0.9890
vn 0.5120 -0.8216 -0.2506
vn 0.1383 0.0327 -0.9898
vn 0.5107 -0.8455 -0.1556
vn 0.1859 -0.0525 -0.9811
vn 0.5045 -0.8614 -0.0590
vn 0.2318 -0.1373 -0.9630
vn 0.4934 -0.8689 0.0380
vn 0.2754 -0.2207 -0.9356
vn 0.4776 -0.8682 0.1347
vn 0.3164 -0.3020 -0.8993
vn 0.4572 -0.8590 0.2302
vn 0.3543 -0.3804 -0.8543
vn 0.4324 -0.8416 0.3234
vn 0.3887 -0.4551 -0.8011
vn 0.4035 -0.8162 0.4136
vn 0.4195 -0.5254 -0.7402
vn 0.3706 -0.7828 0.4997
vn 0.4463 -0.5907 -0.6722
vn -0.1103 0.4383 -0.8920
vn 0.3342 -0.7420 0.5811
vn 0.4687 -0.6503 -0.5978
vn -0.0608 0.3626 -0.9300
vn 0.2946 -0.6940 0.6569
vn 0.4867 -0.7037 -0.5176
vn 0.0886 0.0069 -0.9960
vn 0.0471 0.0958 -0.9943
vn 0.4281 -0.8884 -0.1658
vn 0.4265 -0.8659 -0.2612
vn 0.1292 -0.0820 -0.9882
vn 0.4256 -0.9022 -0.0688
vn 0.1685 -0.1701 -0.9709
vn 0.4190 -0.9075 0.0287
vn 0.2062 -0.2565 -0.9442
vn 0.4085 -0.9040 0.1261
vn 0.2420 -0.3405 -0.9085
vn 0.3939 -0.8918 0.2223
vn 0.2754 -0.4212 -0.8641
vn 0.3756 -0.8711 0.3164
vn 0.3062 -0.4979 -0.8114
vn 0.3537 -0.8420 0.4074
vn 0.3340 -0.5698 -0.7509
vn 0.3284 -0.8047 0.4945
vn 0.3586 -0.6362 -0.6831
vn -0.1192 0.4337 -0.8931
vn 0.2999 -0.7598 0.5768
vn 0.3797 -0.6964 -0.6089
vn -0.0783 0.3535 -0.9321
vn 0.2685 -0.7075 0.6537
vn 0.3973 -0.7501 -0.5287
vn -0.0367 0.2699 -0.9622
vn 0.2346 -0.6484 0.7242
vn 0.4110 -0.7964 -0.4435
vn 0.0052 0.1837 -0.9829
vn 0.1983 -0.5831 0.7878
vn 0.4208 -0.8352 -0.3541
vn 0.1024 -0.1974 -0.9749
vn 0.0698 -0.1065 -0.9919
vn 0.3413 -0.9396 0.0240
vn 0.3432 -0.9363 -0.0739
vn 0.1339 -0.2864 -0.9487
vn 0.3362 -0.9339 0.1217
vn 0.1642 -0.3727 -0.9133
vn 0.3278 -0.9192 0.2183
vn 0.1929 -0.4553 -0.8691
vn 0.3162 -0.8956 0.3127
vn 0.2198 -0.5336 -0.8167
vn 0.3017 -0.8635 0.4042
vn 0.2445 -0.6067 -0.7563
vn 0.2842 -0.8230 0.4918
vn 0.2669 -0.6741 -0.6887
vn -0.1285 0.4298 -0.8937
vn 0.2640 -0.7746 0.5746
vn 0.2867 -0.7349 -0.6146
vn -0.0967 0.3459 -0.9333
vn 0.2412 -0.7188 0.6520
vn 0.3038 -0.7887 -0.5344
vn -0.0640 0.2586 -0.9638
vn 0.2162 -0.6560 0.7231
vn 0.3180 -0.8349 -0.4492
vn -0.0306 0.1689 -0.9851
vn 0.1890 -0.5869 0.7873
vn 0.3291 -0.8731 -0.3597
vn 0.0030 0.0775 -0.9970
vn 0.3370 -0.9029 -0.2667
vn 0.0366 -0.0146 -0.9992
vn 0.3417 -0.9241 -0.1711
vn 0.0839 -0.3981 -0.9135
vn 0.0592 -0.3100 -0.9489
vn 0.2594 -0.9408 0.2181
vn 0.2614 -0.9575 0.1215
vn 0.1077 -0.4823 -0.8694
vn 0.2549 -0.9150 0.3126
vn 0.1305 -0.5618 -0.8169
vn 0.2479 -0.8805 0.4041
vn 0.1521 -0.6360 -0.7566
vn 0.2386 -0.8374 0.4917
vn 0.1722 -0.7040 -0.6890
vn -0.1381 0.4268 -0.8937
vn 0.2269 -0.7863 0.5745
vn 0.1906 -0.7653 -0.6148
vn -0.1157 0.3399 -0.9333
vn 0.2131 -0.7277 0.6519
vn 0.2072 -0.8192 -0.5347
vn -0.0922 0.2497 -0.9639
vn 0.1972 -0.6620 0.7230
vn 0.2218 -0.8653 -0.4494
vn -0.0678 0.1571 -0.9852
vn 0.1794 -0.5900 0.7872
vn 0.2344 -0.9030 -0.3599
vn -0.0427 0.0631 -0.9971
vn 0.2446 -0.9322 -0.2669
vn -0.0172 -0.0316 -0.9993
vn 0.2525 -0.9523 -0.1713
vn 0.0084 -0.1259 -0.9920
vn 0.2579 -0.9633 -0.0741
vn 0.0340 -0.2190 -0.9751
vn 0.2609 -0.9651 0.0238
vn 0.0393 -0.5823 -0.8120
vn 0.0206 -0.5018 -0.8647
vn 0.1930 -0.8928 0.4070
vn 0.1922 -0.9291 0.3159
vn 0.0576 -0.6572 -0.7515
vn 0.1919 -0.8479 0.4942
vn 0.0754 -0.7257 -0.6838
vn -0.1480 0.4246 -0.8932
vn 0.1890 -0.7949 0.5766
vn 0.0924 -0.7873 -0.6095
vn -0.1351 0.3355 -0.9323
vn 0.1843 -0.7342 0.6535
vn 0.1085 -0.8414 -0.5294
vn -0.1209 0.2432 -0.9624
vn 0.1778 -0.6664 0.7241
vn 0.1236 -0.8873 -0.4442
vn -0.1057 0.1486 -0.9832
vn 0.1696 -0.5922 0.7877
vn 0.1375 -0.9248 -0.3547
vn -0.0893 0.0526 -0.9946
vn 0.1501 -0.9533 -0.2619
vn -0.0721 -0.0439 -0.9964
vn 0.1613 -0.9727 -0.1665
vn -0.0543 -0.1400 -0.9886
vn 0.1709 -0.9828 -0.0695
vn -0.0359 -0.2347 -0.9714
vn 0.1788 -0.9835 0.0282
vn -0.0171 -0.3272 -0.9448
vn 0.1851 -0.9746 0.1256
vn 0.0017 -0.4165 -0.9091
vn 0.1895 -0.9565 0.2218
vn -0.0225 -0.7390 -0.6733
vn -0.0379 -0.6701 -0.7413
vn -0.1579 0.4232 -0.8921
vn 0.1507 -0.8000 0.5807
vn 0.1447 -0.8543 0.4992
vn -0.0069 -0.8008 -0.5989
vn -0.1547 0.3329 -0.9302
vn 0.1552 -0.7381 0.6566
vn 0.0087 -0.8549 -0.5187
vn -0.1501 0.2393 -0.9593
vn 0.1581 -0.6690 0.7262
vn 0.0243 -0.9008 -0.4336
vn -0.1440 0.1434 -0.9791
vn 0.1596 -0.5935 0.7888
vn 0.0396 -0.9380 -0.3442
vn -0.1365 0.0462 -0.9895
vn 0.0546 -0.9663 -0.2516
vn -0.1277 -0.0514 -0.9904
vn 0.0690 -0.9852 -0.1566
vn -0.1177 -0.1486 -0.9818
vn 0.0828 -0.9948 -0.0600
vn -0.1065 -0.2443 -0.9638
vn 0.0958 -0.9947 0.0371
vn -0.0944 -0.3376 -0.9365
vn 0.1078 -0.9851 0.1339
vn -0.0813 -0.4277 -0.9002
vn 0.1189 -0.9660 0.2294
vn -0.0674 -0.5137 -0.8553
vn 0.1288 -0.9377 0.3227
vn -0.0529 -0.5947 -0.8021
vn 0.1374 -0.9003 0.4129
vn -0.0053 -0.9989 -0.0459
vn -0.0233 -0.9896 -0.1418
vn -0.1773 -0.2476 -0.9525
vn -0.1812 -0.1516 -0.9717
vn 0.0126 -0.9986 0.0504
vn -0.1717 -0.3413 -0.9241
vn 0.0305 -0.9888 0.1462
vn -0.1644 -0.4317 -0.8869
vn 0.0481 -0.9694 0.2407
vn -0.1556 -0.5179 -0.8412
vn 0.0653 -0.9407 0.3329
vn -0.1452 -0.5991 -0.7873
vn 0.0818 -0.9030 0.4218
vn -0.1335 -0.6746 -0.7260
vn 0.0975 -0.8565 0.5068
vn -0.1205 -0.7436 -0.6576
vn -0.1679 0.4228 -0.8905
vn 0.1123 -0.8018 0.5868
vn -0.1064 -0.8055 -0.5830
vn -0.1744 0.3319 -0.9270
vn 0.1260 -0.7395 0.6612
vn -0.0912 -0.8596 -0.5027
vn -0.1792 0.2379 -0.9546
vn 0.1385 -0.6699 0.7293
vn -0.0751 -0.9055 -0.4176
vn -0.1823 0.1416 -0.9730
vn 0.1497 -0.5940 0.7904
vn -0.0584 -0.9427 -0.3286
vn -0.1837 0.0440 -0.9820
vn -0.0410 -0.9708 -0.2363
vn -0.1833 -0.0540 -0.9815
vn -0.0460 -0.9856 0.1626
vn -0.0697 -0.9952 0.0680
vn -0.2467 -0.4283 -0.8693
vn -0.2482 -0.3381 -0.9077
vn -0.0219 -0.9665 0.2557
vn -0.2429 -0.5143 -0.8225
vn 0.0024 -0.9381 0.3463
vn -0.2367 -0.5954 -0.7678
vn 0.0267 -0.9007 0.4336
vn -0.2282 -0.6707 -0.7057
vn 0.0507 -0.8546 0.5168
vn -0.2176 -0.7396 -0.6369
vn -0.1777 0.4232 -0.8884
vn 0.0743 -0.8003 0.5950
vn -0.2049 -0.8014 -0.5619
vn -0.1938 0.3327 -0.9228
vn 0.0971 -0.7383 0.6674
vn -0.1902 -0.8555 -0.4816
vn -0.2081 0.2391 -0.9484
vn 0.1191 -0.6691 0.7335
vn -0.1736 -0.9014 -0.3966
vn -0.2204 0.1432 -0.9648
vn 0.1398 -0.5936 0.7925
vn -0.1554 -0.9387 -0.3078
vn -0.2305 0.0459 -0.9720
vn -0.1357 -0.9669 -0.2160
vn -0.2384 -0.0518 -0.9698
vn -0.1147 -0.9858 -0.1222
vn -0.2441 -0.1490 -0.9582
vn -0.0927 -0.9953 -0.0272
vn -0.2473 -0.2447 -0.9375
vn -0.0592 -0.9299 0.3629
vn -0.0906 -0.9574 0.2742
vn -0.3264 -0.5835 -0.7436
vn -0.3285 -0.5029 -0.7994
vn -0.0273 -0.8935 0.4482
vn -0.3211 -0.6584 -0.6807
vn 0.0049 -0.8485 0.5291
vn -0.3128 -0.7270 -0.6113
vn -0.1874 0.4245 -0.8858
vn 0.0370 -0.7953 0.6050
vn -0.3014 -0.7886 -0.5359
vn -0.2129 0.3353 -0.9177
vn 0.0688 -0.7345 0.6750
vn -0.2872 -0.8426 -0.4554
vn -0.2364 0.2429 -0.9408
vn 0.1000 -0.6666 0.7386
vn -0.2702 -0.8886 -0.3706
vn -0.2576 0.1481 -0.9548
vn 0.1302 -0.5923 0.7951
vn -0.2506 -0.9260 -0.2822
vn -0.2763 0.0520 -0.9596
vn -0.2286 -0.9546 -0.1910
vn -0.2924 -0.0446 -0.9552
vn -0.2044 -0.9739 -0.0981
vn -0.3057 -0.1408 -0.9416
vn -0.1783 -0.9839 -0.0042
vn -0.3160 -0.2356 -0.9190
vn -0.1504 -0.9845 0.0897
vn -0.3233 -0.3282 -0.8875
vn -0.1211 -0.9756 0.1828
vn -0.3275 -0.4176 -0.8476
vn -0.0396 -0.8383 0.5437
vn -0.0797 -0.8815 0.4653
vn -0.4050 -0.7059 -0.5810
vn -0.4111 -0.6378 -0.6512
vn -0.1968 0.4266 -0.8827
vn 0.0009 -0.7871 0.6168
vn -0.3951 -0.7672 -0.5053
vn -0.2314 0.3395 -0.9117
vn 0.0414 -0.7282 0.6840
vn -0.3813 -0.8211 -0.4246
vn -0.2639 0.2491 -0.9318
vn 0.0815 -0.6624 0.7447
vn -0.3638 -0.8672 -0.3399
vn -0.2937 0.1564 -0.9430
vn 0.1208 -0.5901 0.7982
vn -0.3429 -0.9049 -0.2520
vn -0.3208 0.0622 -0.9451
vn -0.3186 -0.9340 -0.1616
vn -0.3448 -0.0326 -0.9381
vn -0.2914 -0.9541 -0.0696
vn -0.3655 -0.1271 -0.9221
vn -0.2613 -0.9650 0.0229
vn -0.3826 -0.2204 -0.8972
vn -0.2286 -0.9666 0.1154
vn -0.3961 -0.3115 -0.8637
vn -0.1939 -0.9590 0.2066
vn -0.4057 -0.3997 -0.8220
vn -0.1572 -0.9421 0.2960
vn -0.4115 -0.4839 -0.7723
vn -0.1190 -0.9163 0.3825
vn -0.4133 -0.5636 -0.7152
vn -0.2492 0.3454 -0.9048
vn -0.2057 0.4296 -0.8793
vn 0.0151 -0.7195 0.6943
vn -0.0337 -0.7756 0.6303
vn -0.4714 -0.7912 -0.3895
vn -0.4848 -0.7374 -0.4703
vn -0.2902 0.2579 -0.9216
vn 0.0638 -0.6565 0.7516
vn -0.4536 -0.8374 -0.3050
vn -0.3284 0.1679 -0.9295
vn 0.1118 -0.5872 0.8017
vn -0.4313 -0.8756 -0.2175
vn -0.3634 0.0763 -0.9285
vn -0.4050 -0.9053 -0.1280
vn -0.3950 -0.0160 -0.9185
vn -0.3747 -0.9264 -0.0372
vn -0.4227 -0.1081 -0.8997
vn -0.3408 -0.9386 0.0540
vn -0.4464 -0.1992 -0.8723
vn -0.3037 -0.9417 0.1446
vn -0.4658 -0.2884 -0.8365
vn -0.2636 -0.9358 0.2338
vn -0.4808 -0.3748 -0.7927
vn -0.2210 -0.9210 0.3209
vn -0.4910 -0.4575 -0.7413
vn -0.1763 -0.8972 0.4048
vn -0.4966 -0.5359 -0.6827
vn -0.1299 -0.8649 0.4849
vn -0.4975 -0.6091 -0.6176
vn -0.0822 -0.8242 0.5603
vn -0.4935 -0.6765 -0.5466
vn -0.3612 0.1825 -0.9145
vn -0.3150 0.2690 -0.9102
vn 0.1033 -0.5834 0.8056
vn 0.0470 -0.6490 0.7593
vn -0.5150 -0.8382 -0.1791
vn -0.5385 -0.7995 -0.2660
vn -0.4038 0.0943 -0.9100
vn -0.4866 -0.8689 -0.0905
vn -0.4425 0.0052 -0.8967
vn -0.4535 -0.8912 -0.0010
vn -0.4769 -0.0839 -0.8749
vn -0.4161 -0.9050 0.0885
vn -0.5069 -0.1722 -0.8446
vn -0.3746 -0.9101 0.1772
vn -0.5318 -0.2589 -0.8063
vn -0.3296 -0.9064 0.2641
vn -0.5517 -0.3431 -0.7602
vn -0.2814 -0.8940 0.3486
vn -0.5663 -0.4240 -0.7067
vn -0.2305 -0.8730 0.4297
vn -0.5755 -0.5007 -0.6465
vn -0.1773 -0.8437 0.5066
vn -0.5791 -0.5727 -0.5802
vn -0.1225 -0.8062 0.5788
vn -0.5772 -0.6392 -0.5082
vn -0.2142 0.4334 -0.8754
vn -0.0665 -0.7610 0.6453
vn -0.5697 -0.6995 -0.4313
vn -0.2659 0.3529 -0.8971
vn -0.0098 -0.7084 0.7057
vn -0.5567 -0.7531 -0.3504
vn -0.4868 0.0307 -0.8730
vn -0.4414 0.1159 -0.8898
vn -0.5271 -0.8489 0.0385
vn -0.5628 -0.8251 -0.0496
vn -0.5275 -0.0548 -0.8477
vn -0.4863 -0.8646 0.1262
vn -0.5632 -0.1398 -0.8144
vn -0.4409 -0.8720 0.2127
vn -0.5934 -0.2235 -0.7732
vn -0.3912 -0.8710 0.2972
vn -0.6180 -0.3050 -0.7246
vn -0.3378 -0.8616 0.3788
vn -0.6366 -0.3836 -0.6690
vn -0.2811 -0.8440 0.4568
vn -0.6491 -0.4584 -0.6070
vn -0.2217 -0.8182 0.5304
vn -0.6553 -0.5289 -0.5393
vn -0.1601 -0.7846 0.5990
vn -0.6553 -0.5943 -0.4663
vn -0.2221 0.4379 -0.8711
vn -0.0970 -0.7434 0.6618
vn -0.6489 -0.6540 -0.3888
vn -0.2816 0.3619 -0.8887
vn -0.0330 -0.6951 0.7182
vn -0.6364 -0.7074 -0.3076
vn -0.3383 0.2823 -0.8977
vn 0.0313 -0.6400 0.7677
vn -0.6177 -0.7540 -0.2235
vn -0.3917 0.2001 -0.8980
vn 0.0954 -0.5788 0.8098
vn -0.5931 -0.7933 -0.1372
vn -0.6149 -0.1023 -0.7819
vn -0.5740 -0.0211 -0.8186
vn -0.5017 -0.8278 0.2509
vn -0.5508 -0.8178 0.1667
vn -0.6500 -0.1825 -0.7377
vn -0.4478 -0.8299 0.3327
vn -0.6788 -0.2609 -0.6864
vn -0.3895 -0.8241 0.4113
vn -0.7010 -0.3368 -0.6285
vn -0.3275 -0.8103 0.4860
vn -0.7166 -0.4094 -0.5647
vn -0.2624 -0.7887 0.5560
vn -0.7253 -0.4781 -0.4953
vn -0.1947 -0.7595 0.6207
vn -0.7270 -0.5423 -0.4212
vn -0.2294 0.4432 -0.8665
vn -0.1251 -0.7230 0.6794
vn -0.7217 -0.6012 -0.3432
vn -0.2959 0.3723 -0.8796
vn -0.0543 -0.6796 0.7316
vn -0.7095 -0.6543 -0.2617
vn -0.3596 0.2978 -0.8843
vn 0.0170 -0.6296 0.7767
vn -0.6905 -0.7012 -0.1778
vn -0.4198 0.2205 -0.8804
vn 0.0881 -0.5735 0.8144
vn -0.6648 -0.7413 -0.0922
vn -0.4759 0.1410 -0.8681
vn -0.6327 -0.7743 -0.0057
vn -0.5275 0.0602 -0.8474
vn -0.5947 -0.7999 0.0809
vn -0.7335 -0.2112 -0.6460
vn -0.7009 -0.1362 -0.7001
vn -0.4361 -0.7818 0.4457
vn -0.4987 -0.7837 0.3703
vn -0.7591 -0.2840 -0.5857
vn -0.3693 -0.7723 0.5168
vn -0.7774 -0.3542 -0.5198
vn -0.2990 -0.7554 0.5830
vn -0.7882 -0.4209 -0.4488
vn -0.2258 -0.7313 0.6436
vn -0.7915 -0.4836 -0.3736
vn -0.2360 0.4492 -0.8617
vn -0.1504 -0.7001 0.6980
vn -0.7872 -0.5417 -0.2948
vn -0.3089 0.3840 -0.8701
vn -0.0735 -0.6621 0.7457
vn -0.7753 -0.5945 -0.2131
vn -0.3788 0.3152 -0.8701
vn 0.0040 -0.6178 0.7863
vn -0.7559 -0.6417 -0.1295
vn -0.4451 0.2434 -0.8618
vn 0.0816 -0.5676 0.8192
vn -0.7293 -0.6827 -0.0445
vn -0.5070 0.1693 -0.8451
vn -0.6957 -0.7171 0.0408
vn -0.5641 0.0935 -0.8204
vn -0.6554 -0.7447 0.1258
vn -0.6158 0.0168 -0.7877
vn -0.6089 -0.7651 0.2095
vn -0.6615 -0.0600 -0.7475
vn -0.5564 -0.7781 0.2913
vn -0.8309 -0.2933 -0.4728
vn -0.8101 -0.2259 -0.5409
vn -0.3312 -0.7187 0.6113
vn -0.4061 -0.7304 0.5491
vn -0.8436 -0.3579 -0.4003
vn -0.2531 -0.7001 0.6676
vn -0.8482 -0.4190 -0.3238
vn -0.2417 0.4557 -0.8567
vn -0.1726 -0.6748 0.7175
vn -0.8447 -0.4761 -0.2443
vn -0.3203 0.3970 -0.8601
vn -0.0904 -0.6429 0.7606
vn -0.8331 -0.5287 -0.1624
vn -0.3957 0.3345 -0.8553
vn -0.0073 -0.6049 0.7963
vn -0.8135 -0.5762 -0.0790
vn -0.4673 0.2687 -0.8422
vn 0.0758 -0.5610 0.8243
vn -0.7861 -0.6181 0.0052
vn -0.5344 0.2004 -0.8211
vn -0.7511 -0.6541 0.0894
vn -0.5963 0.1301 -0.7921
vn -0.7089 -0.6838 0.1727
vn -0.6525 0.0586 -0.7555
vn -0.6599 -0.7070 0.2543
vn -0.7025 -0.0134 -0.7116
vn -0.6046 -0.7233 0.3335
vn -0.7456 -0.0853 -0.6608
vn -0.5434 -0.7327 0.4096
vn -0.7816 -0.1563 -0.6037
vn -0.4770 -0.7351 0.4816
vn -0.8966 -0.3491 -0.2724
vn -0.8908 -0.2897 -0.3501
vn -0.2467 0.4628 -0.8514
vn -0.1915 -0.6474 0.7377
vn -0.2764 -0.6664 0.6924
vn -0.8938 -0.4052 -0.1921
vn -0.3299 0.4110 -0.8498
vn -0.1048 -0.6221 0.7758
vn -0.8824 -0.4574 -0.1100
vn -0.4100 0.3552 -0.8400
vn -0.0170 -0.5909 0.8065
vn -0.8626 -0.5052 -0.0268
vn -0.4862 0.2961 -0.8221
vn 0.0709 -0.5539 0.8295
vn -0.8344 -0.5482 0.0566
vn -0.5577 0.2341 -0.7964
vn -0.7983 -0.5859 0.1396
vn -0.6238 0.1698 -0.7629
vn -0.7545 -0.6179 0.2211
vn -0.6839 0.1039 -0.7222
vn -0.7034 -0.6441 0.3006
vn -0.7374 0.0370 -0.6745
vn -0.6456 -0.6640 0.3771
vn -0.7838 -0.0301 -0.6203
vn -0.5816 -0.6776 0.4501
vn -0.8227 -0.0970 -0.5601
vn -0.5119 -0.6847 0.5188
vn -0.8536 -0.1630 -0.4946
vn -0.4374 -0.6851 0.5824
vn -0.8764 -0.2275 -0.4244
vn -0.3586 -0.6791 0.6405
vn -0.9227 -0.3814 -0.0564
vn -0.9338 -0.3296 -0.1388
vn -0.4218 0.3774 -0.8244
vn -0.3379 0.4259 -0.8393
vn -0.0249 -0.5759 0.8171
vn -0.1165 -0.6000 0.7915
vn -0.9026 -0.4296 0.0265
vn -0.5017 0.3253 -0.8016
vn 0.0669 -0.5464 0.8349
vn -0.8739 -0.4736 0.1092
vn -0.5767 0.2700 -0.7710
vn -0.8368 -0.5131 0.1908
vn -0.6462 0.2121 -0.7331
vn -0.7917 -0.5477 0.2706
vn -0.7094 0.1522 -0.6881
vn -0.7389 -0.5770 0.3478
vn -0.7659 0.0909 -0.6365
vn -0.6791 -0.6008 0.4217
vn -0.8149 0.0286 -0.5788
vn -0.6127 -0.6188 0.4916
vn -0.8561 -0.0338 -0.5156
vn -0.5404 -0.6309 0.5567
vn -0.8892 -0.0960 -0.4474
vn -0.4630 -0.6369 0.6164
vn -0.9136 -0.1572 -0.3749
vn -0.3810 -0.6368 0.6703
vn -0.9293 -0.2170 -0.2988
vn -0.2954 -0.6305 0.7177
vn -0.9361 -0.2746 -0.2199
vn -0.2506 0.4704 -0.8461
vn -0.2070 -0.6182 0.7582
vn -0.9041 -0.3953 0.1623
vn -0.9333 -0.3501 0.0804
vn -0.5912 0.3077 -0.7454
vn -0.5135 0.3559 -0.7808
vn 0.0638 -0.5384 0.8402
vn -0.8663 -0.4367 0.2427
vn -0.6633 0.2566 -0.7030
vn -0.8201 -0.4739 0.3207
vn -0.7290 0.2030 -0.6537
vn -0.7661 -0.5065 0.3956
vn -0.7877 0.1474 -0.5982
vn -0.7047 -0.5343 0.4668
vn -0.8387 0.0904 -0.5369
vn -0.6365 -0.5570 0.5334
vn -0.8817 0.0326 -0.4705
vn -0.5622 -0.5743 0.5950
vn -0.9163 -0.0255 -0.3996
vn -0.4825 -0.5861 0.6508
vn -0.9420 -0.0834 -0.3249
vn -0.3982 -0.5923 0.7004
vn -0.9588 -0.1405 -0.2470
vn -0.3100 -0.5928 0.7433
vn -0.9662 -0.1962 -0.1668
vn -0.2537 0.4783 -0.8407
vn -0.2188 -0.5875 0.7790
vn -0.9645 -0.2501 -0.0849
vn -0.3439 0.4417 -0.8286
vn -0.1255 -0.5766 0.8072
vn -0.9534 -0.3015 -0.0023
vn -0.4308 0.4007 -0.8086
vn -0.0310 -0.5602 0.8277
vn -0.8395 -0.3972 0.3707
vn -0.8863 -0.3572 0.2945
vn -0.7423 0.2557 -0.6193
vn -0.6750 0.3028 -0.6728
vn -0.7846 -0.4333 0.4434
vn -0.8025 0.2062 -0.5599
vn -0.7221 -0.4653 0.5118
vn -0.8550 0.1546 -0.4950
vn -0.6528 -0.4928 0.5753
vn -0.8992 0.1017 -0.4255
vn -0.5771 -0.5156 0.6333
vn -0.9348 0.0477 -0.3518
vn -0.4959 -0.5334 0.6853
vn -0.9615 -0.0067 -0.2748
vn -0.4099 -0.5461 0.7306
vn -0.9789 -0.0611 -0.1951
vn -0.3199 -0.5535 0.7689
vn -0.9868 -0.1148 -0.1136
vn -0.2558 0.4866 -0.8353
vn -0.2269 -0.5557 0.7998
vn -0.9854 -0.1675 -0.0310
vn -0.3480 0.4580 -0.8180
vn -0.1316 -0.5524 0.8231
vn -0.9744 -0.2185 0.0519
vn -0.4369 0.4249 -0.7928
vn -0.0351 -0.5439 0.8384
vn -0.9541 -0.2675 0.1343
vn -0.5215 0.3878 -0.7600
vn 0.0617 -0.5301 0.8456
vn -0.9247 -0.3139 0.2154
vn -0.6012 0.3470 -0.7198
vn -0.7313 -0.3944 0.5564
vn -0.7943 -0.3581 0.4907
vn -0.8635 0.2206 -0.4536
vn -0.8103 0.2665 -0.5219
vn -0.6612 -0.4269 0.6168
vn -0.9084 0.1726 -0.3808
vn -0.5849 -0.4552 0.6713
vn -0.9445 0.1229 -0.3045
vn -0.5029 -0.4792 0.7193
vn -0.9716 0.0720 -0.2253
vn -0.4160 -0.4986 0.7604
vn -0.9894 0.0205 -0.1438
vn -0.3251 -0.5133 0.7942
vn -0.9976 -0.0312 -0.0610
vn -0.2569 0.4951 -0.8300
vn -0.2311 -0.5229 0.8204
vn -0.9963 -0.0827 0.0223
vn -0.3502 0.4747 -0.8074
vn -0.1348 -0.5276 0.8387
vn -0.9854 -0.1333 0.1055
vn -0.4401 0.4498 -0.7771
vn -0.0373 -0.5271 0.8489
vn -0.9651 -0.1827 0.1877
vn -0.5258 0.4205 -0.7394
vn 0.0606 -0.5217 0.8510
vn -0.9355 -0.2303 0.2680
vn -0.6064 0.3872 -0.6945
vn -0.8969 -0.2757 0.3458
vn -0.6811 0.3502 -0.6430
vn -0.8497 -0.3184 0.4203
vn -0.7493 0.3098 -0.5852
vn -0.5855 -0.3939 0.7085
vn -0.6619 -0.3599 0.6575
vn -0.9453 0.1993 -0.2582
vn -0.9091 0.2446 -0.3371
vn -0.5034 -0.4242 0.7527
vn -0.9724 0.1520 -0.1767
vn -0.4165 -0.4505 0.7897
vn -0.9902 0.1034 -0.0935
vn -0.3255 -0.4723 0.8191
vn -0.9985 0.0537 -0.0095
vn -0.2570 0.5037 -0.8247
vn -0.2314 -0.4897 0.8406
vn -0.9972 0.0035 0.0746
vn -0.3504 0.4917 -0.7971
vn -0.1351 -0.5023 0.8540
vn -0.9863 -0.0467 0.1581
vn -0.4404 0.4751 -0.7618
vn -0.0374 -0.5101 0.8592
vn -0.9659 -0.0965 0.2400
vn -0.5261 0.4538 -0.7192
vn 0.0605 -0.5130 0.8562
vn -0.9363 -0.1453 0.3196
vn -0.6068 0.4282 -0.6697
vn -0.8977 -0.1928 0.3961
vn -0.6816 0.3984 -0.6137
vn -0.8505 -0.2384 0.4688
vn -0.7499 0.3648 -0.5518
vn -0.7951 -0.2817 0.5371
vn -0.8109 0.3278 -0.4847
vn -0.7320 -0.3223 0.6001
vn -0.8642 0.2876 -0.4129
vn -0.4113 -0.4020 0.8180
vn -0.4975 -0.3689 0.7851
vn -0.9814 0.1867 -0.0448
vn -0.9639 0.2325 -0.1296
vn -0.3211 -0.4312 0.8432
vn -0.9894 0.1391 0.0404
vn -0.2561 0.5124 -0.8197
vn -0.2279 -0.4563 0.8602
vn -0.9880 0.0902 0.1253
vn -0.3486 0.5089 -0.7871
vn -0.1324 -0.4769 0.8689
vn -0.9771 0.0403 0.2090
vn -0.4377 0.5005 -0.7469
vn -0.0356 -0.4930 0.8693
vn -0.9568 -0.0098 0.2907
vn -0.5226 0.4872 -0.6996
vn 0.0615 -0.5043 0.8613
vn -0.9273 -0.0599 0.3695
vn -0.6024 0.4693 -0.6456
vn -0.8889 -0.1095 0.4448
vn -0.6764 0.4469 -0.5853
vn -0.8419 -0.1579 0.5159
vn -0.7440 0.4202 -0.5195
vn -0.7869 -0.2049 0.5820
vn -0.8044 0.3894 -0.4487
vn -0.7243 -0.2499 0.6425
vn -0.8570 0.3549 -0.3735
vn -0.6548 -0.2925 0.6969
vn -0.9014 0.3171 -0.2948
vn -0.5789 -0.3323 0.7446
vn -0.9372 0.2761 -0.2132
vn -0.2542 0.5210 -0.8148
vn -0.2205 -0.4230 0.8789
vn -0.3121 -0.3902 0.8662
vn -0.9688 0.1764 0.1739
vn -0.9705 0.2241 0.0883
vn -0.3448 0.5259 -0.7775
vn -0.1268 -0.4516 0.8831
vn -0.9578 0.1270 0.2578
vn -0.4321 0.5257 -0.7327
vn -0.0318 -0.4760 0.8789
vn -0.9376 0.0764 0.3392
vn -0.5152 0.5205 -0.6809
vn 0.0634 -0.4957 0.8661
vn -0.9084 0.0251 0.4174
vn -0.5933 0.5103 -0.6225
vn -0.8704 -0.0265 0.4915
vn -0.6657 0.4951 -0.5582
vn -0.8241 -0.0779 0.5610
vn -0.7317 0.4752 -0.4885
vn -0.7699 -0.1284 0.6250
vn -0.7907 0.4508 -0.4141
vn -0.7083 -0.1778 0.6831
vn -0.8421 0.4220 -0.3358
vn -0.6399 -0.2254 0.7346
vn -0.8854 0.3891 -0.2542
vn -0.5653 -0.2709 0.7791
vn -0.9202 0.3525 -0.1702
vn -0.4853 -0.3139 0.8161
vn -0.9461 0.3126 -0.0845
vn -0.4006 -0.3537 0.8452
vn -0.9630 0.2696 0.0019
vn -0.4236 0.5506 -0.7193
vn -0.3390 0.5427 -0.7684
vn -0.0261 -0.4592 0.8879
vn -0.1183 -0.4267 0.8966
vn -0.9086 0.1614 0.3851
vn -0.9287 0.2124 0.3039
vn -0.5040 0.5533 -0.6632
vn 0.0663 -0.4872 0.8707
vn -0.8798 0.1088 0.4626
vn -0.5795 0.5506 -0.6007
vn -0.8426 0.0551 0.5357
vn -0.6495 0.5426 -0.5325
vn -0.7972 0.0010 0.6036
vn -0.7133 0.5295 -0.4592
vn -0.7443 -0.0531 0.6658
vn -0.7701 0.5112 -0.3815
vn -0.6841 -0.1068 0.7215
vn -0.8196 0.4880 -0.3001
vn -0.6174 -0.1594 0.7703
vn -0.8612 0.4602 -0.2158
vn -0.5447 -0.2105 0.8117
vn -0.8945 0.4279 -0.1295
vn -0.4668 -0.2596 0.8454
vn -0.9192 0.3915 -0.0419
vn -0.3844 -0.3062 0.8709
vn -0.9351 0.3513 0.0460
vn -0.2983 -0.3499 0.8880
vn -0.9420 0.3078 0.1335
vn -0.2513 0.5295 -0.8102
vn -0.2093 -0.3902 0.8966
vn -0.9399 0.2614 0.2198
vn -0.5613 0.5899 -0.5804
vn -0.4892 0.5853 -0.6467
vn 0.0701 -0.4789 0.8750
vn -0.8056 0.1348 0.5769
vn -0.8419 0.1904 0.5048
vn -0.6280 0.5889 -0.5086
vn -0.7616 0.0779 0.6434
vn -0.6887 0.5823 -0.4319
vn -0.7102 0.0202 0.7037
vn -0.7428 0.5701 -0.3510
vn -0.6520 -0.0376 0.7573
vn -0.7897 0.5524 -0.2668
vn -0.5875 -0.0951 0.8036
vn -0.8291 0.5294 -0.1800
vn -0.5174 -0.1516 0.8422
vn -0.8604 0.5013 -0.0915
vn -0.4423 -0.2068 0.8727
vn -0.8835 0.4684 -0.0022
vn -0.3629 -0.2599 0.8948
vn -0.8981 0.4310 0.0872
vn -0.2800 -0.3106 0.9084
vn -0.9041 0.3894 0.1758
vn -0.2474 0.5378 -0.8059
vn -0.1945 -0.3582 0.9131
vn -0.9014 0.3441 0.2626
vn -0.3315 0.5590 -0.7600
vn -0.1070 -0.4025 0.9091
vn -0.8901 0.2955 0.3469
vn -0.4123 0.5749 -0.7067
vn -0.0185 -0.4428 0.8964
vn -0.8702 0.2441 0.4279
vn -0.6584 0.6332 -0.4068
vn -0.6015 0.6336 -0.4866
vn -0.6681 0.0909 0.7385
vn -0.7174 0.1520 0.6798
vn -0.7090 0.6268 -0.3231
vn -0.6122 0.0291 0.7901
vn -0.7528 0.6144 -0.2363
vn -0.5506 -0.0331 0.8341
vn -0.7893 0.5960 -0.1472
vn -0.4836 -0.0949 0.8701
vn -0.8183 0.5720 -0.0567
vn -0.4119 -0.1558 0.8978
vn -0.8394 0.5424 0.0343
vn -0.3363 -0.2153 0.9168
vn -0.8524 0.5076 0.1250
vn -0.2575 -0.2727 0.9270
vn -0.8573 0.4680 0.2145
vn -0.2427 0.5458 -0.8020
vn -0.1761 -0.3275 0.9283
vn -0.8539 0.4239 0.3019
vn -0.3221 0.5748 -0.7522
vn -0.0931 -0.3791 0.9207
vn -0.8423 0.3757 0.3864
vn -0.3984 0.5983 -0.6952
vn -0.0091 -0.4271 0.9041
vn -0.8227 0.3239 0.4672
vn -0.4708 0.6160 -0.6315
vn 0.0749 -0.4710 0.8789
vn -0.7951 0.2690 0.5435
vn -0.5387 0.6278 -0.5618
vn -0.7599 0.2115 0.6146
vn -0.7091 0.6734 -0.2088
vn -0.6691 0.6808 -0.2980
vn -0.5069 0.0259 0.8616
vn -0.5653 0.0925 0.8196
vn -0.7424 0.6595 -0.1176
vn -0.4436 -0.0409 0.8953
vn -0.7685 0.6393 -0.0254
vn -0.3761 -0.1074 0.9203
vn -0.7873 0.6129 0.0671
vn -0.3049 -0.1728 0.9366
vn -0.7985 0.5807 0.1589
vn -0.2308 -0.2366 0.9438
vn -0.8020 0.5429 0.2492
vn -0.2370 0.5534 -0.7985
vn -0.1545 -0.2982 0.9419
vn -0.7978 0.4998 0.3372
vn -0.3110 0.5898 -0.7452
vn -0.0766 -0.3568 0.9310
vn -0.7859 0.4520 0.4219
vn -0.3819 0.6206 -0.6848
vn 0.0019 -0.4121 0.9111
vn -0.7665 0.3998 0.5025
vn -0.4491 0.6453 -0.6179
vn 0.0805 -0.4634 0.8825
vn -0.7398 0.3438 0.5783
vn -0.5121 0.6639 -0.5450
vn -0.7059 0.2845 0.6486
vn -0.5701 0.6760 -0.4668
vn -0.6653 0.2224 0.7126
vn -0.6225 0.6817 -0.3842
vn -0.6183 0.1583 0.7698
vn -0.7116 0.7025 0.0021
vn -0.6888 0.7191 -0.0917
vn -0.3351 -0.0618 0.9401
vn -0.3980 0.0098 0.9173
vn -0.7277 0.6791 0.0959
vn -0.2691 -0.1329 0.9539
vn -0.7367 0.6493 0.1888
vn -0.2004 -0.2028 0.9585
vn -0.7387 0.6131 0.2798
vn -0.2306 0.5605 -0.7953
vn -0.1297 -0.2706 0.9539
vn -0.7336 0.5711 0.3682
vn -0.2983 0.6039 -0.7391
vn -0.0578 -0.3359 0.9401
vn -0.7215 0.5236 0.4530
vn -0.3631 0.6415 -0.6757
vn 0.0146 -0.3980 0.9173
vn -0.7024 0.4711 0.5335
vn -0.4244 0.6728 -0.6059
vn 0.0869 -0.4562 0.8856
vn -0.6766 0.4141 0.6089
vn -0.4816 0.6977 -0.5303
vn -0.6442 0.3531 0.6784
vn -0.5342 0.7159 -0.4495
vn -0.6057 0.2887 0.7414
vn -0.5816 0.7272 -0.3645
vn -0.5614 0.2215 0.7973
vn -0.6234 0.7316 -0.2759
vn -0.5117 0.1522 0.8456
vn -0.6593 0.7288 -0.1847
vn -0.4570 0.0814 0.8857
vn -0.6680 0.7127 0.2141
vn -0.6613 0.7404 0.1204
vn -0.1664 -0.1714 0.9710
vn -0.2290 -0.0960 0.9687
vn -0.6682 0.6782 0.3058
vn -0.2235 0.5671 -0.7927
vn -0.1021 -0.2452 0.9640
vn -0.6621 0.6371 0.3946
vn -0.2842 0.6169 -0.7339
vn -0.0369 -0.3166 0.9478
vn -0.6496 0.5899 0.4795
vn -0.3421 0.6608 -0.6680
vn 0.0287 -0.3850 0.9225
vn -0.6308 0.5371 0.5599
vn -0.3968 0.6983 -0.5957
vn 0.0941 -0.4496 0.8882
vn -0.6061 0.4791 0.6349
vn -0.4476 0.7291 -0.5177
vn -0.5755 0.4165 0.7038
vn -0.4942 0.7528 -0.4347
vn -0.5393 0.3499 0.7659
vn -0.5359 0.7693 -0.3476
vn -0.4980 0.2799 0.8207
vn -0.5726 0.7785 -0.2571
vn -0.4519 0.2073 0.8676
vn -0.6037 0.7801 -0.1642
vn -0.4014 0.1327 0.9062
vn -0.6290 0.7743 -0.0697
vn -0.3471 0.0567 0.9361
vn -0.6482 0.7610 0.0255
vn -0.2895 -0.0197 0.9570
vn -0.5839 0.6970 0.4161
vn -0.5912 0.7372 0.3270
vn -0.2687 0.6288 -0.7296
vn -0.2156 0.5731 -0.7906
vn -0.0139 -0.2990 0.9541
vn -0.0720 -0.2221 0.9724
vn -0.5711 0.6501 0.5011
vn -0.3192 0.6784 -0.6617
vn 0.0442 -0.3731 0.9267
vn -0.5527 0.5970 0.5814
vn -0.3666 0.7214 -0.5874
vn 0.1019 -0.4436 0.8904
vn -0.5290 0.5382 0.6561
vn -0.4105 0.7575 -0.5075
vn -0.5003 0.4741 0.7244
vn -0.4505 0.7864 -0.4227
vn -0.4668 0.4056 0.7859
vn -0.4860 0.8076 -0.3339
vn -0.4287 0.3331 0.8398
vn -0.5170 0.8211 -0.2418
vn -0.3865 0.2574 0.8856
vn -0.5429 0.8267 -0.1475
vn -0.3407 0.1792 0.9229
vn -0.5636 0.8244 -0.0517
vn -0.2915 0.0994 0.9514
vn -0.5789 0.8141 0.0445
vn -0.2396 0.0185 0.9707
vn -0.5887 0.7960 0.1403
vn -0.1853 -0.0625 0.9807
vn -0.5928 0.7703 0.2348
vn -0.1292 -0.1430 0.9812
vn -0.4572 0.8590 -0.2302
vn -0.4324 0.8416 -0.3234
vn -0.3164 0.3020 0.8993
vn -0.3543 0.3804 0.8543
vn -0.4776 0.8682 -0.1347
vn -0.2754 0.2207 0.9356
vn -0.4934 0.8689 -0.0380
vn -0.2318 0.1373 0.9630
vn -0.5045 0.8614 0.0590
vn -0.1859 0.0525 0.9811
vn -0.5107 0.8455 0.1555
vn -0.1383 -0.0327 0.9898
vn -0.5120 0.8216 0.2506
vn -0.0894 -0.1176 0.9890
vn -0.5084 0.7898 0.3432
vn -0.2073 0.5784 -0.7889
vn -0.0396 -0.2015 0.9787
vn -0.5000 0.7503 0.4324
vn -0.2521 0.6393 -0.7264
vn 0.0107 -0.2834 0.9589
vn -0.4867 0.7037 0.5176
vn -0.2946 0.6940 -0.6569
vn 0.0608 -0.3626 0.9300
vn -0.4687 0.6503 0.5978
vn -0.3342 0.7420 -0.5811
vn 0.1103 -0.4383 0.8920
vn -0.4463 0.5907 0.6722
vn -0.3706 0.7828 -0.4997
vn -0.4195 0.5254 0.7402
vn -0.4035 0.8162 -0.4136
vn -0.3887 0.4551 0.8011
vn -0.4190 0.9075 -0.0287
vn -0.4085 0.9040 -0.1261
vn -0.1685 0.1701 0.9709
vn -0.2062 0.2565 0.9442
vn -0.4256 0.9022 0.0688
vn -0.1292 0.0820 0.9882
vn -0.4281 0.8884 0.1658
vn -0.0886 -0.0069 0.9960
vn -0.4265 0.8659 0.2612
vn -0.0471 -0.0958 0.9943
vn -0.4208 0.8352 0.3541
vn -0.1983 0.5831 -0.7878
vn -0.0052 -0.1837 0.9829
vn -0.4110 0.7964 0.4435
vn -0.2346 0.6484 -0.7242
vn 0.0367 -0.2699 0.9622
vn -0.3973 0.7501 0.5287
vn -0.2685 0.7075 -0.6537
vn 0.0783 -0.3535 0.9321
vn -0.3797 0.6964 0.6088
vn -0.2999 0.7598 -0.5768
vn 0.1192 -0.4337 0.8931
vn -0.3586 0.6362 0.6831
vn -0.3284 0.8047 -0.4945
vn -0.3340 0.5698 0.7509
vn -0.3537 0.8420 -0.4074
vn -0.3062 0.4979 0.8114
vn -0.3756 0.8711 -0.3164
vn -0.2754 0.4212 0.8641
vn -0.3939 0.8918 -0.2223
vn -0.2420 0.3405 0.9085
vn -0.3417 0.9241 0.1711
vn -0.3432 0.9363 0.0739
vn -0.0366 0.0146 0.9992
vn -0.0698 0.1065 0.9919
vn -0.3370 0.9029 0.2667
vn -0.0030 -0.0775 0.9970
vn -0.3291 0.8731 0.3597
vn -0.1890 0.5869 -0.7873
vn 0.0306 -0.1689 0.9851
vn -0.3180 0.8349 0.4492
vn -0.2162 0.6560 -0.7231
vn 0.0640 -0.2586 0.9638
vn -0.3038 0.7887 0.5344
vn -0.2412 0.7188 -0.6520
vn 0.0967 -0.3459 0.9333
vn -0.2867 0.7349 0.6146
vn -0.2640 0.7746 -0.5746
vn 0.1285 -0.4298 0.8937
vn -0.2669 0.6741 0.6887
vn -0.2842 0.8230 -0.4918
vn -0.2445 0.6067 0.7563
vn -0.3017 0.8635 -0.4042
vn -0.2198 0.5336 0.8167
vn -0.3163 0.8956 -0.3127
vn -0.1929 0.4553 0.8691
vn -0.3278 0.9192 -0.2183
vn -0.1642 0.3727 0.9133
vn -0.3362 0.9339 -0.1217
vn -0.1339 0.2864 0.9487
vn -0.3413 0.9396 -0.0240
vn -0.1024 0.1974 0.9749
vn -0.2344 0.9030 0.3599
vn -0.2446 0.9322 0.2669
vn -0.1794 0.5900 -0.7872
vn 0.0678 -0.1571 0.9852
vn 0.0427 -0.0631 0.9971
vn -0.2218 0.8653 0.4494
vn -0.1972 0.6620 -0.7230
vn 0.0922 -0.2497 0.9639
vn -0.2072 0.8192 0.5347
vn -0.2131 0.7277 -0.6519
vn 0.1157 -0.3399 0.9333
vn -0.1906 0.7653 0.6148
vn -0.2269 0.7863 -0.5745
vn 0.1381 -0.4268 0.8937
vn -0.1722 0.7040 0.6890
vn -0.2386 0.8374 -0.4917
vn -0.1521 0.6360 0.7566
vn -0.2479 0.8805 -0.4041
vn -0.1305 0.5618 0.8169
vn -0.2549 0.9150 -0.3126
vn -0.1077 0.4823 0.8694
vn -0.2594 0.9408 -0.2181
vn -0.0839 0.3981 0.9135
vn -0.2614 0.9575 -0.1215
vn -0.0592 0.3100 0.9489
vn -0.2609 0.9651 -0.0238
vn -0.0340 0.2190 0.9751
vn -0.2579 0.9633 0.0741
vn -0.0084 0.1259 0.9920
vn -0.2525 0.9523 0.1713
vn 0.0172 0.0316 0.9993
vn -0.1085 0.8414 0.5294
vn -0.1236 0.8873 0.4442
vn -0.1843 0.7342 -0.6535
vn -0.1778 0.6664 -0.7241
vn 0.1351 -0.3355 0.9323
vn 0.1209 -0.2432 0.9624
vn -0.0924 0.7873 0.6095
vn -0.1890 0.7949 -0.5766
vn 0.1480 -0.4246 0.8932
vn -0.0754 0.7257 0.6838
vn -0.1919 0.8479 -0.4942
vn -0.0576 0.6572 0.7515
vn -0.1930 0.8928 -0.4070
vn -0.0393 0.5823 0.8120
vn -0.1922 0.9291 -0.3159
vn -0.0206 0.5018 0.8647
vn -0.1895 0.9565 -0.2218
vn -0.0017 0.4165 0.9091
vn -0.1851 0.9746 -0.1256
vn 0.0171 0.3272 0.9448
vn -0.1788 0.9835 -0.0282
vn 0.0359 0.2347 0.9714
vn -0.1709 0.9828 0.0695
vn 0.0543 0.1400 0.9886
vn -0.1613 0.9727 0.1665
vn 0.0721 0.0439 0.9964
vn -0.1501 0.9533 0.2618
vn 0.0893 -0.0526 0.9946
vn -0.1375 0.9248 0.3547
vn -0.1696 0.5922 -0.7877
vn 0.1057 -0.1486 0.9832
vn 0.0225 0.7390 0.6733
vn 0.0069 0.8008 0.5989
vn -0.1447 0.8543 -0.4992
vn -0.1507 0.8000 -0.5807
vn 0.1579 -0.4232 0.8921
vn 0.0379 0.6701 0.7413
vn -0.1374 0.9003 -0.4129
vn 0.0529 0.5947 0.8021
vn -0.1288 0.9377 -0.3227
vn 0.0674 0.5137 0.8553
vn -0.1189 0.9660 -0.2294
vn 0.0813 0.4277 0.9002
vn -0.1078 0.9851 -0.1339
vn 0.0944 0.3376 0.9365
vn -0.0958 0.9947 -0.0371
vn 0.1065 0.2443 0.9638
vn -0.0828 0.9948 0.0600
vn 0.1177 0.1486 0.9818
vn -0.0690 0.9852 0.1566
vn 0.1277 0.0514 0.9904
vn -0.0546 0.9663 0.2516
vn 0.1365 -0.0462 0.9895
vn -0.0396 0.9380 0.3442
vn -0.1596 0.5935 -0.7888
vn 0.1440 -0.1434 0.9791
vn -0.0243 0.9008 0.4336
vn -0.1581 0.6690 -0.7262
vn 0.1501 -0.2393 0.9593
vn -0.0087 0.8549 0.5187
vn -0.1552 0.7381 -0.6566
vn 0.1547 -0.3329 0.9302
vn 0.1452 0.5991 0.7873
vn 0.1335 0.6746 0.7260
vn -0.0653 0.9407 -0.3329
vn -0.0818 0.9030 -0.4218
vn 0.1556 0.5179 0.8412
vn -0.0481 0.9694 -0.2407
vn 0.1644 0.4317 0.8869
vn -0.0305 0.9888 -0.1462
vn 0.1717 0.3413 0.9241
vn -0.0126 0.9986 -0.0504
vn 0.1773 0.2476 0.9525
vn 0.0053 0.9989 0.0459
vn 0.1812 0.1516 0.9717
vn 0.0233 0.9896 0.1418
vn 0.1833 0.0540 0.9815
vn 0.0410 0.9708 0.2363
vn 0.1837 -0.0440 0.9820
vn 0.0584 0.9427 0.3286
vn -0.1497 0.5940 -0.7904
vn 0.1823 -0.1416 0.9730
vn 0.0751 0.9055 0.4176
vn -0.1385 0.6699 -0.7293
vn 0.1792 -0.2379 0.9546
vn 0.0912 0.8596 0.5027
vn -0.1260 0.7395 -0.6612
vn 0.1744 -0.3319 0.9270
vn 0.1064 0.8055 0.5830
vn -0.1123 0.8018 -0.5868
vn 0.1679 -0.4228 0.8905
vn 0.1205 0.7436 0.6576
vn -0.0975 0.8565 -0.5068
vn 0.2467 0.4283 0.8693
vn 0.2429 0.5143 0.8225
vn 0.0460 0.9856 -0.1626
vn 0.0219 0.9665 -0.2557
vn 0.2482 0.3381 0.9077
vn 0.0697 0.9952 -0.0680
vn 0.2473 0.2447 0.9375
vn 0.0927 0.9953 0.0272
vn 0.2441 0.1490 0.9582
vn 0.1147 0.9858 0.1222
vn 0.2384 0.0518 0.9698
vn 0.1357 0.9669 0.2160
vn 0.2305 -0.0459 0.9720
vn 0.1554 0.9387 0.3078
vn -0.1398 0.5936 -0.7925
vn 0.2204 -0.1432 0.9648
vn 0.1736 0.9014 0.3966
vn -0.1191 0.6691 -0.7335
vn 0.2081 -0.2391 0.9484
vn 0.1902 0.8555 0.4816
vn -0.0971 0.7383 -0.6674
vn 0.1938 -0.3327 0.9228
vn 0.2049 0.8014 0.5619
vn -0.0743 0.8003 -0.5950
vn 0.1777 -0.4232 0.8884
vn 0.2176 0.7396 0.6369
vn -0.0507 0.8546 -0.5168
vn 0.2282 0.6707 0.7057
vn -0.0267 0.9007 -0.4336
vn 0.2367 0.5954 0.7678
vn -0.0024 0.9381 -0.3463
vn 0.3160 0.2356 0.9190
vn 0.3233 0.3282 0.8875
vn 0.1783 0.9839 0.0042
vn 0.1504 0.9845 -0.0897
vn 0.3057 0.1408 0.9416
vn 0.2044 0.9739 0.0981
vn 0.2924 0.0446 0.9552
vn 0.2286 0.9546 0.1910
vn 0.2763 -0.0520 0.9596
vn 0.2506 0.9260 0.2822
vn -0.1302 0.5923 -0.7951
vn 0.2576 -0.1481 0.9548
vn 0.2702 0.8886 0.3706
vn -0.1000 0.6666 -0.7386
vn 0.2364 -0.2429 0.9408
vn 0.2872 0.8426 0.4554
vn -0.0688 0.7345 -0.6750
vn 0.2129 -0.3353 0.9177
vn 0.3014 0.7886 0.5359
vn -0.0370 0.7953 -0.6050
vn 0.1874 -0.4245 0.8858
vn 0.3128 0.7270 0.6113
vn -0.0049 0.8485 -0.5291
vn 0.3211 0.6584 0.6807
vn 0.0273 0.8935 -0.4482
vn 0.3264 0.5835 0.7436
vn 0.0592 0.9299 -0.3629
vn 0.3285 0.5029 0.7994
vn 0.0906 0.9574 -0.2742
vn 0.3275 0.4176 0.8476
vn 0.1211 0.9756 -0.1828
vn 0.3448 0.0326 0.9381
vn 0.3655 0.1271 0.9221
vn 0.3186 0.9340 0.1616
vn 0.2914 0.9540 0.0696
vn 0.3208 -0.0622 0.9451
vn 0.3429 0.9049 0.2520
vn -0.1208 0.5901 -0.7982
vn 0.2937 -0.1564 0.9430
vn 0.3638 0.8672 0.3399
vn -0.0815 0.6624 -0.7447
vn 0.2639 -0.2491 0.9318
vn 0.3813 0.8211 0.4246
vn -0.0414 0.7282 -0.6840
vn 0.2314 -0.3395 0.9117
vn 0.3951 0.7672 0.5053
vn -0.0009 0.7871 -0.6168
vn 0.1968 -0.4266 0.8827
vn 0.4050 0.7059 0.5810
vn 0.0396 0.8383 -0.5437
vn 0.4111 0.6378 0.6512
vn 0.0797 0.8815 -0.4653
vn 0.4133 0.5636 0.7152
vn 0.1190 0.9163 -0.3825
vn 0.4115 0.4839 0.7723
vn 0.1572 0.9421 -0.2960
vn 0.4057 0.3997 0.8220
vn 0.1939 0.9590 -0.2066
vn 0.3961 0.3115 0.8637
vn 0.2287 0.9666 -0.1154
vn 0.3826 0.2204 0.8972
vn 0.2613 0.9650 -0.0229
usemtl clouds
s 1
f 3867/3915/3849 3897/3916/3850 3896/3917/3851 5771/3918/3852
f 3857/3919/3853 3884/3920/3854 3883/3921/3855 3856/3922/3856
f 3868/3923/3857 3898/3924/3858 3897/3916/3850 3867/3915/3849
f 3858/3925/3859 3885/3926/3860 3884/3920/3854 3857/3919/3853
f 3869/3927/3861 3899/3928/3862 3898/3924/3858 3868/3923/3857
f 3859/3929/3863 3886/3930/3864 3885/3926/3860 3858/3925/3859
f 5766/3931/3865 3873/3932/3866 5269/3933/3867
f 5772/3934/3868 3900/3935/3869 3899/3928/3862 3869/3927/3861
f 3860/3936/3870 3887/3937/3871 3886/3930/3864 3859/3929/3863
f 5767/3938/3872 3874/3939/3873 3873/3932/3866 5766/3931/3865
f 3870/3940/3874 3901/3941/3875 3900/3935/3869 5772/3934/3868
f 5769/3942/3876 3888/3943/3877 3887/3937/3871 3860/3936/3870
f 3849/3944/3878 3875/3945/3879 3874/3939/3873 5767/3938/3872
f 3871/3946/3880 3902/3947/3881 3901/3941/3875 3870/3940/3874
f 3861/3948/3882 3889/3949/3883 3888/3943/3877 5769/3942/3876
f 3850/3950/3884 3876/3951/3885 3875/3945/3879 3849/3944/3878
f 3872/3952/3886 3903/3953/3887 3902/3947/3881 3871/3946/3880
f 3862/3954/3888 3890/3955/3889 3889/3949/3883 3861/3948/3882
f 3851/3956/3890 3877/3957/3891 3876/3951/3885 3850/3950/3884
f 5051/3958/3892 3903/3953/3887 3872/3952/3886
f 3863/3959/3893 3891/3960/3894 3890/3955/3889 3862/3954/3888
f 3852/3961/3895 3878/3962/3896 3877/3957/3891 3851/3956/3890
f 3864/3963/3897 3892/3964/3898 3891/3960/3894 3863/3959/3893
f 5768/3965/3899 3879/3966/3900 3878/3962/3896 3852/3961/3895
f 3865/3967/3901 3893/3968/3902 3892/3964/3898 3864/3963/3897
f 3853/3969/3903 3880/3970/3904 3879/3966/3900 5768/3965/3899
f 3866/3971/3905 3894/3972/3906 3893/3968/3902 3865/3967/3901
f 3854/3973/3907 3881/3974/3908 3880/3970/3904 3853/3969/3903
f 5770/3975/3909 3895/3976/3910 3894/3972/3906 3866/3971/3905
f 3855/3977/3911 3882/3978/3912 3881/3974/3908 3854/3973/3907
f 5771/3918/3852 3896/3917/3851 3895/3976/3910 5770/3975/3909
f 3856/3922/3856 3883/3921/3855 3882/3978/3912 3855/3977/3911
f 3878/3962/3896 3909/3979/3913 3908/3980/3914 3877/3957/3891
f 3892/3964/3898 3923/3981/3915 3922/3982/3916 3891/3960/3894
f 3879/3966/3900 3910/3983/3917 3909/3979/3913 3878/3962/3896
f 3893/3968/3902 3924/3984/3918 3923/3981/3915 3892/3964/3898
f 3880/3970/3904 3911/3985/3919 3910/3983/3917 3879/3966/3900
f 3894/3972/3906 3925/3986/3920 3924/3984/3918 3893/3968/3902
f 3881/3974/3908 3912/3987/3921 3911/3985/3919 3880/3970/3904
f 3895/3976/3910 3926/3988/3922 3925/3986/3920 3894/3972/3906
f 3882/3978/3912 3913/3989/3923 3912/3987/3921 3881/3974/3908
f 3896/3917/3851 3927/3990/3924 3926/3988/3922 3895/3976/3910
f 3883/3921/3855 3914/3991/3925 3913/3989/3923 3882/3978/3912
f 3897/3916/3850 3928/3992/3926 3927/3990/3924 3896/3917/3851
f 3884/3920/3854 3915/3993/3927 3914/3991/3925 3883/3921/3855
f 3898/3924/3858 3929/3994/3928 3928/3992/3926 3897/3916/3850
f 3885/3926/3860 3916/3995/3929 3915/3993/3927 3884/3920/3854
f 3899/3928/3862 3930/3996/3930 3929/3994/3928 3898/3924/3858
f 3886/3930/3864 3917/3997/3931 3916/3995/3929 3885/3926/3860
f 3873/3932/3866 3904/3998/3932 5269/3933/3867
f 3900/3935/3869 3931/3999/3933 3930/3996/3930 3899/3928/3862
f 3887/3937/3871 3918/4000/3934 3917/3997/3931 3886/3930/3864
f 3874/3939/3873 3905/4001/3935 3904/3998/3932 3873/3932/3866
f 3901/3941/3875 3932/4002/3936 3931/3999/3933 3900/3935/3869
f 3888/3943/3877 3919/4003/3937 3918/4000/3934 3887/3937/3871
f 3875/3945/3879 3906/4004/3938 3905/4001/3935 3874/3939/3873
f 3902/3947/3881 3933/4005/3939 3932/4002/3936 3901/3941/3875
f 3889/3949/3883 3920/4006/3940 3919/4003/3937 3888/3943/3877
f 3876/3951/3885 3907/4007/3941 3906/4004/3938 3875/3945/3879
f 3903/3953/3887 3934/4008/3942 3933/4005/3939 3902/3947/3881
f 3890/3955/3889 3921/4009/3943 3920/4006/3940 3889/3949/3883
f 3877/3957/3891 3908/3980/3914 3907/4007/3941 3876/3951/3885
f 5051/3958/3892 3934/4008/3942 3903/3953/3887
f 3891/3960/3894 3922/3982/3916 3921/4009/3943 3890/3955/3889
f 3911/3985/3919 3942/4010/3944 3941/4011/3945 3910/3983/3917
f 3925/3986/3920 3956/4012/3946 3955/4013/3947 3924/3984/3918
f 3912/3987/3921 3943/4014/3948 3942/4010/3944 3911/3985/3919
f 3926/3988/3922 3957/4015/3949 3956/4012/3946 3925/3986/3920
f 3913/3989/3923 3944/4016/3950 3943/4014/3948 3912/3987/3921
f 3927/3990/3924 3958/4017/3951 3957/4015/3949 3926/3988/3922
f 3914/3991/3925 3945/4018/3952 3944/4016/3950 3913/3989/3923
f 3928/3992/3926 3959/4019/3953 3958/4017/3951 3927/3990/3924
f 3915/3993/3927 3946/4020/3954 3945/4018/3952 3914/3991/3925
f 3929/3994/3928 3960/4021/3955 3959/4019/3953 3928/3992/3926
f 3916/3995/3929 3947/4022/3956 3946/4020/3954 3915/3993/3927
f 3930/3996/3930 3961/4023/3957 3960/4021/3955 3929/3994/3928
f 3917/3997/3931 3948/4024/3958 3947/4022/3956 3916/3995/3929
f 3904/3998/3932 3935/4025/3959 5269/3933/3867
f 3931/3999/3933 3962/4026/3960 3961/4023/3957 3930/3996/3930
f 3918/4000/3934 3949/4027/3961 3948/4024/3958 3917/3997/3931
f 3905/4001/3935 3936/4028/3962 3935/4025/3959 3904/3998/3932
f 3932/4002/3936 3963/4029/3963 3962/4026/3960 3931/3999/3933
f 3919/4003/3937 3950/4030/3964 3949/4027/3961 3918/4000/3934
f 3906/4004/3938 3937/4031/3965 3936/4028/3962 3905/4001/3935
f 3933/4005/3939 3964/4032/3966 3963/4029/3963 3932/4002/3936
f 3920/4006/3940 3951/4033/3967 3950/4030/3964 3919/4003/3937
f 3907/4007/3941 3938/4034/3968 3937/4031/3965 3906/4004/3938
f 3934/4008/3942 3965/4035/3969 3964/4032/3966 3933/4005/3939
f 3921/4009/3943 3952/4036/3970 3951/4033/3967 3920/4006/3940
f 3908/3980/3914 3939/4037/3971 3938/4034/3968 3907/4007/3941
f 5051/3958/3892 3965/4035/3969 3934/4008/3942
f 3922/3982/3916 3953/4038/3972 3952/4036/3970 3921/4009/3943
f 3909/3979/3913 3940/4039/3973 3939/4037/3971 3908/3980/3914
f 3923/3981/3915 3954/4040/3974 3953/4038/3972 3922/3982/3916
f 3910/3983/3917 3941/4011/3945 3940/4039/3973 3909/3979/3913
f 3924/3984/3918 3955/4013/3947 3954/4040/3974 3923/3981/3915
f 3944/4016/3950 3975/4041/3975 3974/4042/3976 3943/4014/3948
f 3958/4017/3951 3989/4043/3977 3988/4044/3978 3957/4015/3949
f 3945/4018/3952 3976/4045/3979 3975/4041/3975 3944/4016/3950
f 3959/4019/3953 3990/4046/3980 3989/4043/3977 3958/4017/3951
f 3946/4020/3954 3977/4047/3981 3976/4045/3979 3945/4018/3952
f 3960/4021/3955 3991/4048/3982 3990/4046/3980 3959/4019/3953
f 3947/4022/3956 3978/4049/3983 3977/4047/3981 3946/4020/3954
f 3961/4023/3957 3992/4050/3984 3991/4048/3982 3960/4021/3955
f 3948/4024/3958 3979/4051/3985 3978/4049/3983 3947/4022/3956
f 3935/4025/3959 3966/4052/3986 5269/3933/3867
f 3962/4026/3960 3993/4053/3987 3992/4050/3984 3961/4023/3957
f 3949/4027/3961 3980/4054/3988 3979/4051/3985 3948/4024/3958
f 3936/4028/3962 3967/4055/3989 3966/4052/3986 3935/4025/3959
f 3963/4029/3963 3994/4056/3990 3993/4053/3987 3962/4026/3960
f 3950/4030/3964 3981/4057/3991 3980/4054/3988 3949/4027/3961
f 3937/4031/3965 3968/4058/3992 3967/4055/3989 3936/4028/3962
f 3964/4032/3966 3995/4059/3993 3994/4056/3990 3963/4029/3963
f 3951/4033/3967 3982/4060/3994 3981/4057/3991 3950/4030/3964
f 3938/4034/3968 3969/4061/3995 3968/4058/3992 3937/4031/3965
f 3965/4035/3969 3996/4062/3996 3995/4059/3993 3964/4032/3966
f 3952/4036/3970 3983/4063/3997 3982/4060/3994 3951/4033/3967
f 3939/4037/3971 3970/4064/3998 3969/4061/3995 3938/4034/3968
f 5051/3958/3892 3996/4062/3996 3965/4035/3969
f 3953/4038/3972 3984/4065/3999 3983/4063/3997 3952/4036/3970
f 3940/4039/3973 3971/4066/4000 3970/4064/3998 3939/4037/3971
f 3954/4040/3974 3985/4067/4001 3984/4065/3999 3953/4038/3972
f 3941/4011/3945 3972/4068/4002 3971/4066/4000 3940/4039/3973
f 3955/4013/3947 3986/4069/4003 3985/4067/4001 3954/4040/3974
f 3942/4010/3944 3973/4070/4004 3972/4068/4002 3941/4011/3945
f 3956/4012/3946 3987/4071/4005 3986/4069/4003 3955/4013/3947
f 3943/4014/3948 3974/4042/3976 3973/4070/4004 3942/4010/3944
f 3957/4015/3949 3988/4044/3978 3987/4071/4005 3956/4012/3946
f 3977/4047/3981 4008/4072/4006 4007/4073/4007 3976/4045/3979
f 3991/4048/3982 4022/4074/4008 4021/4075/4009 3990/4046/3980
f 3978/4049/3983 4009/4076/4010 4008/4072/4006 3977/4047/3981
f 3992/4050/3984 4023/4077/4011 4022/4074/4008 3991/4048/3982
f 3979/4051/3985 4010/4078/4012 4009/4076/4010 3978/4049/3983
f 3966/4052/3986 3997/4079/4013 5269/3933/3867
f 3993/4053/3987 4024/4080/4014 4023/4077/4011 3992/4050/3984
f 3980/4054/3988 4011/4081/4015 4010/4078/4012 3979/4051/3985
f 3967/4055/3989 3998/4082/4016 3997/4079/4013 3966/4052/3986
f 3994/4056/3990 4025/4083/4017 4024/4080/4014 3993/4053/3987
f 3981/4057/3991 4012/4084/4018 4011/4081/4015 3980/4054/3988
f 3968/4058/3992 3999/4085/4019 3998/4082/4016 3967/4055/3989
f 3995/4059/3993 4026/4086/4020 4025/4083/4017 3994/4056/3990
f 3982/4060/3994 4013/4087/4021 4012/4084/4018 3981/4057/3991
f 3969/4061/3995 4000/4088/4022 3999/4085/4019 3968/4058/3992
f 3996/4062/3996 4027/4089/4023 4026/4086/4020 3995/4059/3993
f 3983/4063/3997 4014/4090/4024 4013/4087/4021 3982/4060/3994
f 3970/4064/3998 4001/4091/4025 4000/4088/4022 3969/4061/3995
f 5051/3958/3892 4027/4089/4023 3996/4062/3996
f 3984/4065/3999 4015/4092/4026 4014/4090/4024 3983/4063/3997
f 3971/4066/4000 4002/4093/4027 4001/4091/4025 3970/4064/3998
f 3985/4067/4001 4016/4094/4028 4015/4092/4026 3984/4065/3999
f 3972/4068/4002 4003/4095/4029 4002/4093/4027 3971/4066/4000
f 3986/4069/4003 4017/4096/4030 4016/4094/4028 3985/4067/4001
f 3973/4070/4004 4004/4097/4031 4003/4095/4029 3972/4068/4002
f 3987/4071/4005 4018/4098/4032 4017/4096/4030 3986/4069/4003
f 3974/4042/3976 4005/4099/4033 4004/4097/4031 3973/4070/4004
f 3988/4044/3978 4019/4100/4034 4018/4098/4032 3987/4071/4005
f 3975/4041/3975 4006/4101/4035 4005/4099/4033 3974/4042/3976
f 3989/4043/3977 4020/4102/4036 4019/4100/4034 3988/4044/3978
f 3976/4045/3979 4007/4073/4007 4006/4101/4035 3975/4041/3975
f 3990/4046/3980 4021/4075/4009 4020/4102/4036 3989/4043/3977
f 4010/4078/4012 4041/4103/4037 4040/4104/4038 4009/4076/4010
f 3997/4079/4013 4028/4105/4039 5269/3933/3867
f 4024/4080/4014 4055/4106/4040 4054/4107/4041 4023/4077/4011
f 4011/4081/4015 4042/4108/4042 4041/4103/4037 4010/4078/4012
f 3998/4082/4016 4029/4109/4043 4028/4105/4039 3997/4079/4013
f 4025/4083/4017 4056/4110/4044 4055/4106/4040 4024/4080/4014
f 4012/4084/4018 4043/4111/4045 4042/4108/4042 4011/4081/4015
f 3999/4085/4019 4030/4112/4046 4029/4109/4043 3998/4082/4016
f 4026/4086/4020 4057/4113/4047 4056/4110/4044 4025/4083/4017
f 4013/4087/4021 4044/4114/4048 4043/4111/4045 4012/4084/4018
f 4000/4088/4022 4031/4115/4049 4030/4112/4046 3999/4085/4019
f 4027/4089/4023 4058/4116/4050 4057/4113/4047 4026/4086/4020
f 4014/4090/4024 4045/4117/4051 4044/4114/4048 4013/4087/4021
f 4001/4091/4025 4032/4118/4052 4031/4115/4049 4000/4088/4022
f 5051/3958/3892 4058/4116/4050 4027/4089/4023
f 4015/4092/4026 4046/4119/4053 4045/4117/4051 4014/4090/4024
f 4002/4093/4027 4033/4120/4054 4032/4118/4052 4001/4091/4025
f 4016/4094/4028 4047/4121/4055 4046/4119/4053 4015/4092/4026
f 4003/4095/4029 4034/4122/4056 4033/4120/4054 4002/4093/4027
f 4017/4096/4030 4048/4123/4057 4047/4121/4055 4016/4094/4028
f 4004/4097/4031 4035/4124/4058 4034/4122/4056 4003/4095/4029
f 4018/4098/4032 4049/4125/4059 4048/4123/4057 4017/4096/4030
f 4005/4099/4033 4036/4126/4060 4035/4124/4058 4004/4097/4031
f 4019/4100/4034 4050/4127/4061 4049/4125/4059 4018/4098/4032
f 4006/4101/4035 4037/4128/4062 4036/4126/4060 4005/4099/4033
f 4020/4102/4036 4051/4129/4063 4050/4127/4061 4019/4100/4034
f 4007/4073/4007 4038/4130/4064 4037/4128/4062 4006/4101/4035
f 4021/4075/4009 4052/4131/4065 4051/4129/4063 4020/4102/4036
f 4008/4072/4006 4039/4132/4066 4038/4130/4064 4007/4073/4007
f 4022/4074/4008 4053/4133/4067 4052/4131/4065 4021/4075/4009
f 4009/4076/4010 4040/4104/4038 4039/4132/4066 4008/4072/4006
f 4023/4077/4011 4054/4107/4041 4053/4133/4067 4022/4074/4008
f 4043/4111/4045 4074/4134/4068 4073/4135/4069 4042/4108/4042
f 4030/4112/4046 4061/4136/4070 4060/4137/4071 4029/4109/4043
f 4057/4113/4047 4088/4138/4072 4087/4139/4073 4056/4110/4044
f 4044/4114/4048 4075/4140/4074 4074/4134/4068 4043/4111/4045
f 4031/4115/4049 4062/4141/4075 4061/4136/4070 4030/4112/4046
f 4058/4116/4050 4089/4142/4076 4088/4138/4072 4057/4113/4047
f 4045/4117/4051 4076/4143/4077 4075/4140/4074 4044/4114/4048
f 4032/4118/4052 4063/4144/4078 4062/4141/4075 4031/4115/4049
f 5051/3958/3892 4089/4142/4076 4058/4116/4050
f 4046/4119/4053 4077/4145/4079 4076/4143/4077 4045/4117/4051
f 4033/4120/4054 4064/4146/4080 4063/4144/4078 4032/4118/4052
f 4047/4121/4055 4078/4147/4081 4077/4145/4079 4046/4119/4053
f 4034/4122/4056 4065/4148/4082 4064/4146/4080 4033/4120/4054
f 4048/4123/4057 4079/4149/4083 4078/4147/4081 4047/4121/4055
f 4035/4124/4058 4066/4150/4084 4065/4148/4082 4034/4122/4056
f 4049/4125/4059 4080/4151/4085 4079/4149/4083 4048/4123/4057
f 4036/4126/4060 4067/4152/4086 4066/4150/4084 4035/4124/4058
f 4050/4127/4061 4081/4153/4087 4080/4151/4085 4049/4125/4059
f 4037/4128/4062 4068/4154/4088 4067/4152/4086 4036/4126/4060
f 4051/4129/4063 4082/4155/4089 4081/4153/4087 4050/4127/4061
f 4038/4130/4064 4069/4156/4090 4068/4154/4088 4037/4128/4062
f 4052/4131/4065 4083/4157/4091 4082/4155/4089 4051/4129/4063
f 4039/4132/4066 4070/4158/4092 4069/4156/4090 4038/4130/4064
f 4053/4133/4067 4084/4159/4093 4083/4157/4091 4052/4131/4065
f 4040/4104/4038 4071/4160/4094 4070/4158/4092 4039/4132/4066
f 4054/4107/4041 4085/4161/4095 4084/4159/4093 4053/4133/4067
f 4041/4103/4037 4072/4162/4096 4071/4160/4094 4040/4104/4038
f 4028/4105/4039 4059/4163/4097 5269/3933/3867
f 4055/4106/4040 4086/4164/4098 4085/4161/4095 4054/4107/4041
f 4042/4108/4042 4073/4135/4069 4072/4162/4096 4041/4103/4037
f 4029/4109/4043 4060/4137/4071 4059/4163/4097 4028/4105/4039
f 4056/4110/4044 4087/4139/4073 4086/4164/4098 4055/4106/4040
f 4076/4143/4077 4107/4165/4099 4106/4166/4100 4075/4140/4074
f 4063/4144/4078 4094/4167/4101 4093/4168/4102 4062/4141/4075
f 5051/3958/3892 4120/4169/4103 4089/4142/4076
f 4077/4145/4079 4108/4170/4104 4107/4165/4099 4076/4143/4077
f 4064/4146/4080 4095/4171/4105 4094/4167/4101 4063/4144/4078
f 4078/4147/4081 4109/4172/4106 4108/4170/4104 4077/4145/4079
f 4065/4148/4082 4096/4173/4107 4095/4171/4105 4064/4146/4080
f 4079/4149/4083 4110/4174/4108 4109/4172/4106 4078/4147/4081
f 4066/4150/4084 4097/4175/4109 4096/4173/4107 4065/4148/4082
f 4080/4151/4085 4111/4176/4110 4110/4174/4108 4079/4149/4083
f 4067/4152/4086 4098/4177/4111 4097/4175/4109 4066/4150/4084
f 4081/4153/4087 4112/4178/4112 4111/4176/4110 4080/4151/4085
f 4068/4154/4088 4099/4179/4113 4098/4177/4111 4067/4152/4086
f 4082/4155/4089 4113/4180/4114 4112/4178/4112 4081/4153/4087
f 4069/4156/4090 4100/4181/4115 4099/4179/4113 4068/4154/4088
f 4083/4157/4091 4114/4182/4116 4113/4180/4114 4082/4155/4089
f 4070/4158/4092 4101/4183/4117 4100/4181/4115 4069/4156/4090
f 4084/4159/4093 4115/4184/4118 4114/4182/4116 4083/4157/4091
f 4071/4160/4094 4102/4185/4119 4101/4183/4117 4070/4158/4092
f 4085/4161/4095 4116/4186/4120 4115/4184/4118 4084/4159/4093
f 4072/4162/4096 4103/4187/4121 4102/4185/4119 4071/4160/4094
f 4059/4163/4097 4090/4188/4122 5269/3933/3867
f 4086/4164/4098 4117/4189/4123 4116/4186/4120 4085/4161/4095
f 4073/4135/4069 4104/4190/4124 4103/4187/4121 4072/4162/4096
f 4060/4137/4071 4091/4191/4125 4090/4188/4122 4059/4163/4097
f 4087/4139/4073 4118/4192/4126 4117/4189/4123 4086/4164/4098
f 4074/4134/4068 4105/4193/4127 4104/4190/4124 4073/4135/4069
f 4061/4136/4070 4092/4194/4128 4091/4191/4125 4060/4137/4071
f 4088/4138/4072 4119/4195/4129 4118/4192/4126 4087/4139/4073
f 4075/4140/4074 4106/4166/4100 4105/4193/4127 4074/4134/4068
f 4062/4141/4075 4093/4168/4102 4092/4194/4128 4061/4136/4070
f 4089/4142/4076 4120/4169/4103 4119/4195/4129 4088/4138/4072
f 4109/4172/4106 4140/4196/4130 4139/4197/4131 4108/4170/4104
f 4096/4173/4107 4127/4198/4132 4126/4199/4133 4095/4171/4105
f 4110/4174/4108 4141/4200/4134 4140/4196/4130 4109/4172/4106
f 4097/4175/4109 4128/4201/4135 4127/4198/4132 4096/4173/4107
f 4111/4176/4110 4142/4202/4136 4141/4200/4134 4110/4174/4108
f 4098/4177/4111 4129/4203/4137 4128/4201/4135 4097/4175/4109
f 4112/4178/4112 4143/4204/4138 4142/4202/4136 4111/4176/4110
f 4099/4179/4113 4130/4205/4139 4129/4203/4137 4098/4177/4111
f 4113/4180/4114 4144/4206/4140 4143/4204/4138 4112/4178/4112
f 4100/4181/4115 4131/4207/4141 4130/4205/4139 4099/4179/4113
f 4114/4182/4116 4145/4208/4142 4144/4206/4140 4113/4180/4114
f 4101/4183/4117 4132/4209/4143 4131/4207/4141 4100/4181/4115
f 4115/4184/4118 4146/4210/4144 4145/4208/4142 4114/4182/4116
f 4102/4185/4119 4133/4211/4145 4132/4209/4143 4101/4183/4117
f 4116/4186/4120 4147/4212/4146 4146/4210/4144 4115/4184/4118
f 4103/4187/4121 4134/4213/4147 4133/4211/4145 4102/4185/4119
f 4090/4188/4122 4121/4214/4148 5269/3933/3867
f 4117/4189/4123 4148/4215/4149 4147/4212/4146 4116/4186/4120
f 4104/4190/4124 4135/4216/4150 4134/4213/4147 4103/4187/4121
f 4091/4191/4125 4122/4217/4151 4121/4214/4148 4090/4188/4122
f 4118/4192/4126 4149/4218/4152 4148/4215/4149 4117/4189/4123
f 4105/4193/4127 4136/4219/4153 4135/4216/4150 4104/4190/4124
f 4092/4194/4128 4123/4220/4154 4122/4217/4151 4091/4191/4125
f 4119/4195/4129 4150/4221/4155 4149/4218/4152 4118/4192/4126
f 4106/4166/4100 4137/4222/4156 4136/4219/4153 4105/4193/4127
f 4093/4168/4102 4124/4223/4157 4123/4220/4154 4092/4194/4128
f 4120/4169/4103 4151/4224/4158 4150/4221/4155 4119/4195/4129
f 4107/4165/4099 4138/4225/4159 4137/4222/4156 4106/4166/4100
f 4094/4167/4101 4125/4226/4160 4124/4223/4157 4093/4168/4102
f 5051/3958/3892 4151/4224/4158 4120/4169/4103
f 4108/4170/4104 4139/4227/4131 4138/4225/4159 4107/4165/4099
f 4095/4171/4105 4126/4199/4133 4125/4226/4160 4094/4167/4101
f 4142/4228/4136 4173/4229/4161 4172/4230/4162 4141/4231/4134
f 4129/4203/4137 4160/4232/4163 4159/4233/4164 4128/4201/4135
f 4143/4234/4138 4174/4235/4165 4173/4229/4161 4142/4228/4136
f 4130/4205/4139 4161/4236/4166 4160/4232/4163 4129/4203/4137
f 4144/4237/4140 4175/4238/4167 4174/4235/4165 4143/4234/4138
f 4131/4207/4141 4162/4239/4168 4161/4236/4166 4130/4205/4139
f 4145/4240/4142 4176/4241/4169 4175/4238/4167 4144/4237/4140
f 4132/4209/4143 4163/4242/4170 4162/4239/4168 4131/4207/4141
f 4146/4243/4144 4177/4244/4171 4176/4241/4169 4145/4240/4142
f 4133/4211/4145 4164/4245/4172 4163/4242/4170 4132/4209/4143
f 4147/4246/4146 4178/4247/4173 4177/4244/4171 4146/4243/4144
f 4134/4213/4147 4165/4248/4174 4164/4245/4172 4133/4211/4145
f 4121/4214/4148 4152/4249/4175 5269/3933/3867
f 4148/4250/4149 4179/4251/4176 4178/4247/4173 4147/4246/4146
f 4135/4216/4150 4166/4252/4177 4165/4248/4174 4134/4213/4147
f 4122/4217/4151 4153/4253/4178 4152/4249/4175 4121/4214/4148
f 4149/4254/4152 4180/4255/4179 4179/4251/4176 4148/4250/4149
f 4136/4219/4153 4167/4256/4180 4166/4252/4177 4135/4216/4150
f 4123/4220/4154 4154/4257/4181 4153/4253/4178 4122/4217/4151
f 4150/4258/4155 4181/4259/4182 4180/4255/4179 4149/4254/4152
f 4137/4222/4156 4168/4260/4183 4167/4256/4180 4136/4219/4153
f 4124/4223/4157 4155/4261/4184 4154/4257/4181 4123/4220/4154
f 4151/4262/4158 4182/4263/4185 4181/4259/4182 4150/4258/4155
f 4138/4225/4159 4169/4264/4186 4168/4260/4183 4137/4222/4156
f 4125/4226/4160 4156/4265/4187 4155/4261/4184 4124/4223/4157
f 5051/4266/3892 4182/4263/4185 4151/4262/4158
f 4139/4227/4131 4170/4267/4188 4169/4264/4186 4138/4225/4159
f 4126/4199/4133 4157/4268/4189 4156/4265/4187 4125/4226/4160
f 4140/4269/4130 4171/4270/4190 4170/4267/4188 4139/4227/4131
f 4127/4198/4132 4158/4271/4191 4157/4268/4189 4126/4199/4133
f 4141/4231/4134 4172/4230/4162 4171/4270/4190 4140/4269/4130
f 4128/4201/4135 4159/4233/4164 4158/4271/4191 4127/4198/4132
f 4175/4238/4167 4206/4272/4192 4205/4273/4193 4174/4235/4165
f 4162/4239/4168 4193/4274/4194 4192/4275/4195 4161/4236/4166
f 4176/4241/4169 4207/4276/4196 4206/4272/4192 4175/4238/4167
f 4163/4242/4170 4194/4277/4197 4193/4274/4194 4162/4239/4168
f 4177/4244/4171 4208/4278/4198 4207/4276/4196 4176/4241/4169
f 4164/4245/4172 4195/4279/4199 4194/4277/4197 4163/4242/4170
f 4178/4247/4173 4209/4280/4200 4208/4278/4198 4177/4244/4171
f 4165/4248/4174 4196/4281/4201 4195/4279/4199 4164/4245/4172
f 4152/4249/4175 4183/4282/4202 5269/3933/3867
f 4179/4251/4176 4210/4283/4203 4209/4280/4200 4178/4247/4173
f 4166/4252/4177 4197/4284/4204 4196/4281/4201 4165/4248/4174
f 4153/4253/4178 4184/4285/4205 4183/4282/4202 4152/4249/4175
f 4180/4255/4179 4211/4286/4206 4210/4283/4203 4179/4251/4176
f 4167/4256/4180 4198/4287/4207 4197/4284/4204 4166/4252/4177
f 4154/4257/4181 4185/4288/4208 4184/4285/4205 4153/4253/4178
f 4181/4259/4182 4212/4289/4209 4211/4286/4206 4180/4255/4179
f 4168/4260/4183 4199/4290/4210 4198/4287/4207 4167/4256/4180
f 4155/4261/4184 4186/4291/4211 4185/4288/4208 4154/4257/4181
f 4182/4263/4185 4213/4292/4212 4212/4289/4209 4181/4259/4182
f 4169/4264/4186 4200/4293/4213 4199/4290/4210 4168/4260/4183
f 4156/4265/4187 4187/4294/4214 4186/4291/4211 4155/4261/4184
f 5051/4266/3892 4213/4292/4212 4182/4263/4185
f 4170/4267/4188 4201/4295/4215 4200/4293/4213 4169/4264/4186
f 4157/4268/4189 4188/4296/4216 4187/4294/4214 4156/4265/4187
f 4171/4270/4190 4202/4297/4217 4201/4295/4215 4170/4267/4188
f 4158/4271/4191 4189/4298/4218 4188/4296/4216 4157/4268/4189
f 4172/4230/4162 4203/4299/4219 4202/4297/4217 4171/4270/4190
f 4159/4233/4164 4190/4300/4220 4189/4298/4218 4158/4271/4191
f 4173/4229/4161 4204/4301/4221 4203/4299/4219 4172/4230/4162
f 4160/4232/4163 4191/4302/4222 4190/4300/4220 4159/4233/4164
f 4174/4235/4165 4205/4273/4193 4204/4301/4221 4173/4229/4161
f 4161/4236/4166 4192/4275/4195 4191/4302/4222 4160/4232/4163
f 4208/4278/4198 4239/4303/4223 4238/4304/4224 4207/4276/4196
f 4195/4279/4199 4226/4305/4225 4225/4306/4226 4194/4277/4197
f 4209/4280/4200 4240/4307/4227 4239/4303/4223 4208/4278/4198
f 4196/4281/4201 4227/4308/4228 4226/4305/4225 4195/4279/4199
f 4183/4282/4202 4214/4309/4229 5269/3933/3867
f 4210/4283/4203 4241/4310/4230 4240/4307/4227 4209/4280/4200
f 4197/4284/4204 4228/4311/4231 4227/4308/4228 4196/4281/4201
f 4184/4285/4205 4215/4312/4232 4214/4309/4229 4183/4282/4202
f 4211/4286/4206 4242/4313/4233 4241/4310/4230 4210/4283/4203
f 4198/4287/4207 4229/4314/4234 4228/4311/4231 4197/4284/4204
f 4185/4288/4208 4216/4315/4235 4215/4312/4232 4184/4285/4205
f 4212/4289/4209 4243/4316/4236 4242/4313/4233 4211/4286/4206
f 4199/4290/4210 4230/4317/4237 4229/4314/4234 4198/4287/4207
f 4186/4291/4211 4217/4318/4238 4216/4315/4235 4185/4288/4208
f 4213/4292/4212 4244/4319/4239 4243/4316/4236 4212/4289/4209
f 4200/4293/4213 4231/4320/4240 4230/4317/4237 4199/4290/4210
f 4187/4294/4214 4218/4321/4241 4217/4318/4238 4186/4291/4211
f 5051/4266/3892 4244/4319/4239 4213/4292/4212
f 4201/4295/4215 4232/4322/4242 4231/4320/4240 4200/4293/4213
f 4188/4296/4216 4219/4323/4243 4218/4321/4241 4187/4294/4214
f 4202/4297/4217 4233/4324/4244 4232/4322/4242 4201/4295/4215
f 4189/4298/4218 4220/4325/4245 4219/4323/4243 4188/4296/4216
f 4203/4299/4219 4234/4326/4246 4233/4324/4244 4202/4297/4217
f 4190/4300/4220 4221/4327/4247 4220/4325/4245 4189/4298/4218
f 4204/4301/4221 4235/4328/4248 4234/4326/4246 4203/4299/4219
f 4191/4302/4222 4222/4329/4249 4221/4327/4247 4190/4300/4220
f 4205/4273/4193 4236/4330/4250 4235/4328/4248 4204/4301/4221
f 4192/4275/4195 4223/4331/4251 4222/4329/4249 4191/4302/4222
f 4206/4272/4192 4237/4332/4252 4236/4330/4250 4205/4273/4193
f 4193/4274/4194 4224/4333/4253 4223/4331/4251 4192/4275/4195
f 4207/4276/4196 4238/4304/4224 4237/4332/4252 4206/4272/4192
f 4194/4277/4197 4225/4306/4226 4224/4333/4253 4193/4274/4194
f 4241/4310/4230 4272/4334/4254 4271/4335/4255 4240/4307/4227
f 4228/4311/4231 4259/4336/4256 4258/4337/4257 4227/4308/4228
f 4215/4312/4232 4246/4338/4258 4245/4339/4259 4214/4309/4229
f 4242/4313/4233 4273/4340/4260 4272/4334/4254 4241/4310/4230
f 4229/4314/4234 4260/4341/4261 4259/4336/4256 4228/4311/4231
f 4216/4315/4235 4247/4342/4262 4246/4338/4258 4215/4312/4232
f 4243/4316/4236 4274/4343/4263 4273/4340/4260 4242/4313/4233
f 4230/4317/4237 4261/4344/4264 4260/4341/4261 4229/4314/4234
f 4217/4318/4238 4248/4345/4265 4247/4342/4262 4216/4315/4235
f 4244/4319/4239 4275/4346/4266 4274/4343/4263 4243/4316/4236
f 4231/4320/4240 4262/4347/4267 4261/4344/4264 4230/4317/4237
f 4218/4321/4241 4249/4348/4268 4248/4345/4265 4217/4318/4238
f 5051/4266/3892 4275/4346/4266 4244/4319/4239
f 4232/4322/4242 4263/4349/4269 4262/4347/4267 4231/4320/4240
f 4219/4323/4243 4250/4350/4270 4249/4348/4268 4218/4321/4241
f 4233/4324/4244 4264/4351/4271 4263/4349/4269 4232/4322/4242
f 4220/4325/4245 4251/4352/4272 4250/4350/4270 4219/4323/4243
f 4234/4326/4246 4265/4353/4273 4264/4351/4271 4233/4324/4244
f 4221/4327/4247 4252/4354/4274 4251/4352/4272 4220/4325/4245
f 4235/4328/4248 4266/4355/4275 4265/4353/4273 4234/4326/4246
f 4222/4329/4249 4253/4356/4276 4252/4354/4274 4221/4327/4247
f 4236/4330/4250 4267/4357/4277 4266/4355/4275 4235/4328/4248
f 4223/4331/4251 4254/4358/4278 4253/4356/4276 4222/4329/4249
f 4237/4332/4252 4268/4359/4279 4267/4357/4277 4236/4330/4250
f 4224/4333/4253 4255/4360/4280 4254/4358/4278 4223/4331/4251
f 4238/4304/4224 4269/4361/4281 4268/4359/4279 4237/4332/4252
f 4225/4306/4226 4256/4362/4282 4255/4360/4280 4224/4333/4253
f 4239/4303/4223 4270/4363/4283 4269/4361/4281 4238/4304/4224
f 4226/4305/4225 4257/4364/4284 4256/4362/4282 4225/4306/4226
f 4240/4307/4227 4271/4335/4255 4270/4363/4283 4239/4303/4223
f 4227/4308/4228 4258/4337/4257 4257/4364/4284 4226/4305/4225
f 4214/4309/4229 4245/4339/4259 5269/3933/3867
f 4274/4343/4263 4305/4365/4285 4304/4366/4286 4273/4340/4260
f 4261/4344/4264 4292/4367/4287 4291/4368/4288 4260/4341/4261
f 4248/4345/4265 4279/4369/4289 4278/4370/4290 4247/4342/4262
f 4275/4346/4266 4306/4371/4291 4305/4365/4285 4274/4343/4263
f 4262/4347/4267 4293/4372/4292 4292/4367/4287 4261/4344/4264
f 4249/4348/4268 4280/4373/4293 4279/4369/4289 4248/4345/4265
f 5051/4266/3892 4306/4371/4291 4275/4346/4266
f 4263/4349/4269 4294/4374/4294 4293/4372/4292 4262/4347/4267
f 4250/4350/4270 4281/4375/4295 4280/4373/4293 4249/4348/4268
f 4264/4351/4271 4295/4376/4296 4294/4374/4294 4263/4349/4269
f 4251/4352/4272 4282/4377/4297 4281/4375/4295 4250/4350/4270
f 4265/4353/4273 4296/4378/4298 4295/4376/4296 4264/4351/4271
f 4252/4354/4274 4283/4379/4299 4282/4377/4297 4251/4352/4272
f 4266/4355/4275 4297/4380/4300 4296/4378/4298 4265/4353/4273
f 4253/4356/4276 4284/4381/4301 4283/4379/4299 4252/4354/4274
f 4267/4357/4277 4298/4382/4302 4297/4380/4300 4266/4355/4275
f 4254/4358/4278 4285/4383/4303 4284/4381/4301 4253/4356/4276
f 4268/4359/4279 4299/4384/4304 4298/4382/4302 4267/4357/4277
f 4255/4360/4280 4286/4385/4305 4285/4383/4303 4254/4358/4278
f 4269/4361/4281 4300/4386/4306 4299/4384/4304 4268/4359/4279
f 4256/4362/4282 4287/4387/4307 4286/4385/4305 4255/4360/4280
f 4270/4363/4283 4301/4388/4308 4300/4386/4306 4269/4361/4281
f 4257/4364/4284 4288/4389/4309 4287/4387/4307 4256/4362/4282
f 4271/4335/4255 4302/4390/4310 4301/4388/4308 4270/4363/4283
f 4258/4337/4257 4289/4391/4311 4288/4389/4309 4257/4364/4284
f 4245/4339/4259 4276/4392/4312 5269/3933/3867
f 4272/4334/4254 4303/4393/4313 4302/4390/4310 4271/4335/4255
f 4259/4336/4256 4290/4394/4314 4289/4391/4311 4258/4337/4257
f 4246/4338/4258 4277/4395/4315 4276/4392/4312 4245/4339/4259
f 4273/4340/4260 4304/4366/4286 4303/4393/4313 4272/4334/4254
f 4260/4341/4261 4291/4368/4288 4290/4394/4314 4259/4336/4256
f 4247/4342/4262 4278/4370/4290 4277/4395/4315 4246/4338/4258
f 5051/4266/3892 4337/4396/4316 4306/4371/4291
f 4294/4374/4294 4325/4397/4317 4324/4398/4318 4293/4372/4292
f 4281/4375/4295 4312/4399/4319 4311/4400/4320 4280/4373/4293
f 4295/4376/4296 4326/4401/4321 4325/4397/4317 4294/4374/4294
f 4282/4377/4297 4313/4402/4322 4312/4399/4319 4281/4375/4295
f 4296/4378/4298 4327/4403/4323 4326/4401/4321 4295/4376/4296
f 4283/4379/4299 4314/4404/4324 4313/4402/4322 4282/4377/4297
f 4297/4380/4300 4328/4405/4325 4327/4403/4323 4296/4378/4298
f 4284/4381/4301 4315/4406/4326 4314/4404/4324 4283/4379/4299
f 4298/4382/4302 4329/4407/4327 4328/4405/4325 4297/4380/4300
f 4285/4383/4303 4316/4408/4328 4315/4406/4326 4284/4381/4301
f 4299/4384/4304 4330/4409/4329 4329/4407/4327 4298/4382/4302
f 4286/4385/4305 4317/4410/4330 4316/4408/4328 4285/4383/4303
f 4300/4386/4306 4331/4411/4331 4330/4409/4329 4299/4384/4304
f 4287/4387/4307 4318/4412/4332 4317/4410/4330 4286/4385/4305
f 4301/4388/4308 4332/4413/4333 4331/4411/4331 4300/4386/4306
f 4288/4389/4309 4319/4414/4334 4318/4412/4332 4287/4387/4307
f 4302/4390/4310 4333/4415/4335 4332/4413/4333 4301/4388/4308
f 4289/4391/4311 4320/4416/4336 4319/4414/4334 4288/4389/4309
f 4276/4392/4312 4307/4417/4337 5269/3933/3867
f 4303/4393/4313 4334/4418/4338 4333/4415/4335 4302/4390/4310
f 4290/4394/4314 4321/4419/4339 4320/4416/4336 4289/4391/4311
f 4277/4395/4315 4308/4420/4340 4307/4417/4337 4276/4392/4312
f 4304/4366/4286 4335/4421/4341 4334/4418/4338 4303/4393/4313
f 4291/4368/4288 4322/4422/4342 4321/4419/4339 4290/4394/4314
f 4278/4370/4290 4309/4423/4343 4308/4420/4340 4277/4395/4315
f 4305/4365/4285 4336/4424/4344 4335/4421/4341 4304/4366/4286
f 4292/4367/4287 4323/4425/4345 4322/4422/4342 4291/4368/4288
f 4279/4369/4289 4310/4426/4346 4309/4423/4343 4278/4370/4290
f 4306/4371/4291 4337/4396/4316 4336/4424/4344 4305/4365/4285
f 4293/4372/4292 4324/4398/4318 4323/4425/4345 4292/4367/4287
f 4280/4373/4293 4311/4400/4320 4310/4426/4346 4279/4369/4289
f 4327/4403/4323 4358/4427/4347 4357/4428/4348 4326/4401/4321
f 4314/4404/4324 4345/4429/4349 4344/4430/4350 4313/4402/4322
f 4328/4405/4325 4359/4431/4351 4358/4427/4347 4327/4403/4323
f 4315/4406/4326 4346/4432/4352 4345/4429/4349 4314/4404/4324
f 4329/4407/4327 4360/4433/4353 4359/4431/4351 4328/4405/4325
f 4316/4408/4328 4347/4434/4354 4346/4432/4352 4315/4406/4326
f 4330/4409/4329 4361/4435/4355 4360/4433/4353 4329/4407/4327
f 4317/4410/4330 4348/4436/4356 4347/4434/4354 4316/4408/4328
f 4331/4411/4331 4362/4437/4357 4361/4435/4355 4330/4409/4329
f 4318/4412/4332 4349/4438/4358 4348/4436/4356 4317/4410/4330
f 4332/4413/4333 4363/4439/4359 4362/4437/4357 4331/4411/4331
f 4319/4414/4334 4350/4440/4360 4349/4438/4358 4318/4412/4332
f 4333/4415/4335 4364/4441/4361 4363/4439/4359 4332/4413/4333
f 4320/4416/4336 4351/4442/4362 4350/4440/4360 4319/4414/4334
f 4307/4417/4337 4338/4443/4363 5269/3933/3867
f 4334/4418/4338 4365/4444/4364 4364/4441/4361 4333/4415/4335
f 4321/4419/4339 4352/4445/4365 4351/4442/4362 4320/4416/4336
f 4308/4420/4340 4339/4446/4366 4338/4443/4363 4307/4417/4337
f 4335/4421/4341 4366/4447/4367 4365/4444/4364 4334/4418/4338
f 4322/4422/4342 4353/4448/4368 4352/4445/4365 4321/4419/4339
f 4309/4423/4343 4340/4449/4369 4339/4446/4366 4308/4420/4340
f 4336/4424/4344 4367/4450/4370 4366/4447/4367 4335/4421/4341
f 4323/4425/4345 4354/4451/4371 4353/4448/4368 4322/4422/4342
f 4310/4426/4346 4341/4452/4372 4340/4449/4369 4309/4423/4343
f 4337/4396/4316 4368/4453/4373 4367/4450/4370 4336/4424/4344
f 4324/4398/4318 4355/4454/4374 4354/4451/4371 4323/4425/4345
f 4311/4400/4320 4342/4455/4375 4341/4452/4372 4310/4426/4346
f 5051/4266/3892 4368/4453/4373 4337/4396/4316
f 4325/4397/4317 4356/4456/4376 4355/4454/4374 4324/4398/4318
f 4312/4399/4319 4343/4457/4377 4342/4455/4375 4311/4400/4320
f 4326/4401/4321 4357/4428/4348 4356/4456/4376 4325/4397/4317
f 4313/4402/4322 4344/4430/4350 4343/4457/4377 4312/4399/4319
f 4360/4433/4353 4391/4458/4378 4390/4459/4379 4359/4431/4351
f 4347/4434/4354 4378/4460/4380 4377/4461/4381 4346/4432/4352
f 4361/4435/4355 4392/4462/4382 4391/4458/4378 4360/4433/4353
f 4348/4436/4356 4379/4463/4383 4378/4460/4380 4347/4434/4354
f 4362/4437/4357 4393/4464/4384 4392/4462/4382 4361/4435/4355
f 4349/4438/4358 4380/4465/4385 4379/4463/4383 4348/4436/4356
f 4363/4439/4359 4394/4466/4386 4393/4464/4384 4362/4437/4357
f 4350/4440/4360 4381/4467/4387 4380/4465/4385 4349/4438/4358
f 4364/4441/4361 4395/4468/4388 4394/4466/4386 4363/4439/4359
f 4351/4442/4362 4382/4469/4389 4381/4467/4387 4350/4440/4360
f 4338/4443/4363 4369/4470/4390 5269/3933/3867
f 4365/4444/4364 4396/4471/4391 4395/4468/4388 4364/4441/4361
f 4352/4445/4365 4383/4472/4392 4382/4469/4389 4351/4442/4362
f 4339/4446/4366 4370/4473/4393 4369/4470/4390 4338/4443/4363
f 4366/4447/4367 4397/4474/4394 4396/4471/4391 4365/4444/4364
f 4353/4448/4368 4384/4475/4395 4383/4472/4392 4352/4445/4365
f 4340/4449/4369 4371/4476/4396 4370/4473/4393 4339/4446/4366
f 4367/4450/4370 4398/4477/4397 4397/4474/4394 4366/4447/4367
f 4354/4451/4371 4385/4478/4398 4384/4475/4395 4353/4448/4368
f 4341/4452/4372 4372/4479/4399 4371/4476/4396 4340/4449/4369
f 4368/4453/4373 4399/4480/4400 4398/4477/4397 4367/4450/4370
f 4355/4454/4374 4386/4481/4401 4385/4478/4398 4354/4451/4371
f 4342/4455/4375 4373/4482/4402 4372/4479/4399 4341/4452/4372
f 5051/4266/3892 4399/4480/4400 4368/4453/4373
f 4356/4456/4376 4387/4483/4403 4386/4481/4401 4355/4454/4374
f 4343/4457/4377 4374/4484/4404 4373/4482/4402 4342/4455/4375
f 4357/4428/4348 4388/4485/4405 4387/4483/4403 4356/4456/4376
f 4344/4430/4350 4375/4486/4406 4374/4484/4404 4343/4457/4377
f 4358/4427/4347 4389/4487/4407 4388/4485/4405 4357/4428/4348
f 4345/4429/4349 4376/4488/4408 4375/4486/4406 4344/4430/4350
f 4359/4431/4351 4390/4459/4379 4389/4487/4407 4358/4427/4347
f 4346/4432/4352 4377/4461/4381 4376/4488/4408 4345/4429/4349
f 4393/4464/4384 4424/4489/4409 4423/4490/4410 4392/4462/4382
f 4380/4465/4385 4411/4491/4411 4410/4492/4412 4379/4463/4383
f 4394/4466/4386 4425/4493/4413 4424/4489/4409 4393/4464/4384
f 4381/4467/4387 4412/4494/4414 4411/4491/4411 4380/4465/4385
f 4395/4468/4388 4426/4495/4415 4425/4493/4413 4394/4466/4386
f 4382/4469/4389 4413/4496/4416 4412/4494/4414 4381/4467/4387
f 4369/4470/4390 4400/4497/4417 5269/3933/3867
f 4396/4471/4391 4427/4498/4418 4426/4495/4415 4395/4468/4388
f 4383/4472/4392 4414/4499/4419 4413/4496/4416 4382/4469/4389
f 4370/4473/4393 4401/4500/4420 4400/4497/4417 4369/4470/4390
f 4397/4474/4394 4428/4501/4421 4427/4498/4418 4396/4471/4391
f 4384/4475/4395 4415/4502/4422 4414/4499/4419 4383/4472/4392
f 4371/4476/4396 4402/4503/4423 4401/4500/4420 4370/4473/4393
f 4398/4477/4397 4429/4504/4424 4428/4501/4421 4397/4474/4394
f 4385/4478/4398 4416/4505/4425 4415/4502/4422 4384/4475/4395
f 4372/4479/4399 4403/4506/4426 4402/4503/4423 4371/4476/4396
f 4399/4480/4400 4430/4507/4427 4429/4504/4424 4398/4477/4397
f 4386/4481/4401 4417/4508/4428 4416/4505/4425 4385/4478/4398
f 4373/4482/4402 4404/4509/4429 4403/4506/4426 4372/4479/4399
f 5051/4266/3892 4430/4507/4427 4399/4480/4400
f 4387/4483/4403 4418/4510/4430 4417/4508/4428 4386/4481/4401
f 4374/4484/4404 4405/4511/4431 4404/4509/4429 4373/4482/4402
f 4388/4485/4405 4419/4512/4432 4418/4510/4430 4387/4483/4403
f 4375/4486/4406 4406/4513/4433 4405/4511/4431 4374/4484/4404
f 4389/4487/4407 4420/4514/4434 4419/4512/4432 4388/4485/4405
f 4376/4488/4408 4407/4515/4435 4406/4513/4433 4375/4486/4406
f 4390/4459/4379 4421/4516/4436 4420/4514/4434 4389/4487/4407
f 4377/4461/4381 4408/4517/4437 4407/4515/4435 4376/4488/4408
f 4391/4458/4378 4422/4518/4438 4421/4516/4436 4390/4459/4379
f 4378/4460/4380 4409/4519/4439 4408/4517/4437 4377/4461/4381
f 4392/4462/4382 4423/4490/4410 4422/4518/4438 4391/4458/4378
f 4379/4463/4383 4410/4492/4412 4409/4519/4439 4378/4460/4380
f 4426/4495/4415 4457/4520/4440 4456/4521/4441 4425/4493/4413
f 4413/4496/4416 4444/4522/4442 4443/4523/4443 4412/4494/4414
f 4400/4497/4417 4431/4524/4444 5269/3933/3867
f 4427/4498/4418 4458/4525/4445 4457/4520/4440 4426/4495/4415
f 4414/4499/4419 4445/4526/4446 4444/4522/4442 4413/4496/4416
f 4401/4500/4420 4432/4527/4447 4431/4524/4444 4400/4497/4417
f 4428/4501/4421 4459/4528/4448 4458/4525/4445 4427/4498/4418
f 4415/4502/4422 4446/4529/4449 4445/4526/4446 4414/4499/4419
f 4402/4503/4423 4433/4530/4450 4432/4527/4447 4401/4500/4420
f 4429/4504/4424 4460/4531/4451 4459/4528/4448 4428/4501/4421
f 4416/4505/4425 4447/4532/4452 4446/4529/4449 4415/4502/4422
f 4403/4506/4426 4434/4533/4453 4433/4530/4450 4402/4503/4423
f 4430/4507/4427 4461/4534/4454 4460/4531/4451 4429/4504/4424
f 4417/4508/4428 4448/4535/4455 4447/4532/4452 4416/4505/4425
f 4404/4509/4429 4435/4536/4456 4434/4533/4453 4403/4506/4426
f 5051/4266/3892 4461/4534/4454 4430/4507/4427
f 4418/4510/4430 4449/4537/4457 4448/4535/4455 4417/4508/4428
f 4405/4511/4431 4436/4538/4458 4435/4536/4456 4404/4509/4429
f 4419/4512/4432 4450/4539/4459 4449/4537/4457 4418/4510/4430
f 4406/4513/4433 4437/4540/4460 4436/4538/4458 4405/4511/4431
f 4420/4514/4434 4451/4541/4461 4450/4539/4459 4419/4512/4432
f 4407/4515/4435 4438/4542/4462 4437/4540/4460 4406/4513/4433
f 4421/4516/4436 4452/4543/4463 4451/4541/4461 4420/4514/4434
f 4408/4517/4437 4439/4544/4464 4438/4542/4462 4407/4515/4435
f 4422/4518/4438 4453/4545/4465 4452/4543/4463 4421/4516/4436
f 4409/4519/4439 4440/4546/4466 4439/4544/4464 4408/4517/4437
f 4423/4490/4410 4454/4547/4467 4453/4545/4465 4422/4518/4438
f 4410/4492/4412 4441/4548/4468 4440/4546/4466 4409/4519/4439
f 4424/4489/4409 4455/4549/4469 4454/4547/4467 4423/4490/4410
f 4411/4491/4411 4442/4550/4470 4441/4548/4468 4410/4492/4412
f 4425/4493/4413 4456/4521/4441 4455/4549/4469 4424/4489/4409
f 4412/4494/4414 4443/4523/4443 4442/4550/4470 4411/4491/4411
f 4432/4527/4447 4463/4551/4471 4462/4552/4472 4431/4524/4444
f 4459/4528/4448 4490/4553/4473 4489/4554/4474 4458/4525/4445
f 4446/4529/4449 4477/4555/4475 4476/4556/4476 4445/4526/4446
f 4433/4530/4450 4464/4557/4477 4463/4551/4471 4432/4527/4447
f 4460/4531/4451 4491/4558/4478 4490/4553/4473 4459/4528/4448
f 4447/4532/4452 4478/4559/4479 4477/4555/4475 4446/4529/4449
f 4434/4533/4453 4465/4560/4480 4464/4557/4477 4433/4530/4450
f 4461/4534/4454 4492/4561/4481 4491/4558/4478 4460/4531/4451
f 4448/4535/4455 4479/4562/4482 4478/4559/4479 4447/4532/4452
f 4435/4536/4456 4466/4563/4483 4465/4560/4480 4434/4533/4453
f 5051/4266/3892 4492/4561/4481 4461/4534/4454
f 4449/4537/4457 4480/4564/4484 4479/4562/4482 4448/4535/4455
f 4436/4538/4458 4467/4565/4485 4466/4563/4483 4435/4536/4456
f 4450/4539/4459 4481/4566/4486 4480/4564/4484 4449/4537/4457
f 4437/4540/4460 4468/4567/4487 4467/4565/4485 4436/4538/4458
f 4451/4541/4461 4482/4568/4488 4481/4566/4486 4450/4539/4459
f 4438/4542/4462 4469/4569/4489 4468/4567/4487 4437/4540/4460
f 4452/4543/4463 4483/4570/4490 4482/4568/4488 4451/4541/4461
f 4439/4544/4464 4470/4571/4491 4469/4569/4489 4438/4542/4462
f 4453/4545/4465 4484/4572/4492 4483/4570/4490 4452/4543/4463
f 4440/4546/4466 4471/4573/4493 4470/4571/4491 4439/4544/4464
f 4454/4547/4467 4485/4574/4494 4484/4572/4492 4453/4545/4465
f 4441/4548/4468 4472/4575/4495 4471/4573/4493 4440/4546/4466
f 4455/4549/4469 4486/4576/4496 4485/4574/4494 4454/4547/4467
f 4442/4550/4470 4473/4577/4497 4472/4575/4495 4441/4548/4468
f 4456/4521/4441 4487/4578/4498 4486/4576/4496 4455/4549/4469
f 4443/4523/4443 4474/4579/4499 4473/4577/4497 4442/4550/4470
f 4457/4520/4440 4488/4580/4500 4487/4578/4498 4456/4521/4441
f 4444/4522/4442 4475/4581/4501 4474/4579/4499 4443/4523/4443
f 4431/4524/4444 4462/4552/4472 5269/3933/3867
f 4458/4525/4445 4489/4554/4474 4488/4580/4500 4457/4520/4440
f 4445/4526/4446 4476/4556/4476 4475/4581/4501 4444/4522/4442
f 4465/4560/4480 4496/4582/4502 4495/4583/4503 4464/4557/4477
f 4492/4561/4481 4523/4584/4504 4522/4585/4505 4491/4558/4478
f 4479/4562/4482 4510/4586/4506 4509/4587/4507 4478/4559/4479
f 4466/4563/4483 4497/4588/4508 4496/4582/4502 4465/4560/4480
f 5051/4266/3892 4523/4584/4504 4492/4561/4481
f 4480/4564/4484 4511/4589/4509 4510/4586/4506 4479/4562/4482
f 4467/4565/4485 4498/4590/4510 4497/4588/4508 4466/4563/4483
f 4481/4566/4486 4512/4591/4511 4511/4589/4509 4480/4564/4484
f 4468/4567/4487 4499/4592/4512 4498/4590/4510 4467/4565/4485
f 4482/4568/4488 4513/4593/4513 4512/4591/4511 4481/4566/4486
f 4469/4569/4489 4500/4594/4514 4499/4592/4512 4468/4567/4487
f 4483/4570/4490 4514/4595/4515 4513/4593/4513 4482/4568/4488
f 4470/4571/4491 4501/4596/4516 4500/4594/4514 4469/4569/4489
f 4484/4572/4492 4515/4597/4517 4514/4595/4515 4483/4570/4490
f 4471/4573/4493 4502/4598/4518 4501/4596/4516 4470/4571/4491
f 4485/4574/4494 4516/4599/4519 4515/4597/4517 4484/4572/4492
f 4472/4575/4495 4503/4600/4520 4502/4598/4518 4471/4573/4493
f 4486/4576/4496 4517/4601/4521 4516/4599/4519 4485/4574/4494
f 4473/4577/4497 4504/4602/4522 4503/4600/4520 4472/4575/4495
f 4487/4578/4498 4518/4603/4523 4517/4601/4521 4486/4576/4496
f 4474/4579/4499 4505/4604/4524 4504/4602/4522 4473/4577/4497
f 4488/4580/4500 4519/4605/4525 4518/4603/4523 4487/4578/4498
f 4475/4581/4501 4506/4606/4526 4505/4604/4524 4474/4579/4499
f 4462/4552/4472 4493/4607/4527 5269/3933/3867
f 4489/4554/4474 4520/4608/4528 4519/4605/4525 4488/4580/4500
f 4476/4556/4476 4507/4609/4529 4506/4606/4526 4475/4581/4501
f 4463/4551/4471 4494/4610/4530 4493/4607/4527 4462/4552/4472
f 4490/4553/4473 4521/4611/4531 4520/4608/4528 4489/4554/4474
f 4477/4555/4475 4508/4612/4532 4507/4609/4529 4476/4556/4476
f 4464/4557/4477 4495/4583/4503 4494/4610/4530 4463/4551/4471
f 4491/4558/4478 4522/4585/4505 4521/4611/4531 4490/4553/4473
f 4478/4559/4479 4509/4587/4507 4508/4612/4532 4477/4555/4475
f 4498/4590/4510 4529/4613/4533 4528/4614/4534 4497/4588/4508
f 4512/4591/4511 4543/4615/4535 4542/4616/4536 4511/4589/4509
f 4499/4592/4512 4530/4617/4537 4529/4613/4533 4498/4590/4510
f 4513/4593/4513 4544/4618/4538 4543/4615/4535 4512/4591/4511
f 4500/4594/4514 4531/4619/4539 4530/4617/4537 4499/4592/4512
f 4514/4595/4515 4545/4620/4540 4544/4618/4538 4513/4593/4513
f 4501/4596/4516 4532/4621/4541 4531/4619/4539 4500/4594/4514
f 4515/4597/4517 4546/4622/4542 4545/4620/4540 4514/4595/4515
f 4502/4598/4518 4533/4623/4543 4532/4621/4541 4501/4596/4516
f 4516/4599/4519 4547/4624/4544 4546/4622/4542 4515/4597/4517
f 4503/4600/4520 4534/4625/4545 4533/4623/4543 4502/4598/4518
f 4517/4601/4521 4548/4626/4546 4547/4624/4544 4516/4599/4519
f 4504/4602/4522 4535/4627/4547 4534/4625/4545 4503/4600/4520
f 4518/4603/4523 4549/4628/4548 4548/4626/4546 4517/4601/4521
f 4505/4604/4524 4536/4629/4549 4535/4627/4547 4504/4602/4522
f 4519/4605/4525 4550/4630/4550 4549/4628/4548 4518/4603/4523
f 4506/4606/4526 4537/4631/4551 4536/4629/4549 4505/4604/4524
f 4493/4607/4527 4524/4632/4552 5269/3933/3867
f 4520/4608/4528 4551/4633/4553 4550/4630/4550 4519/4605/4525
f 4507/4609/4529 4538/4634/4554 4537/4631/4551 4506/4606/4526
f 4494/4610/4530 4525/4635/4555 4524/4632/4552 4493/4607/4527
f 4521/4611/4531 4552/4636/4556 4551/4633/4553 4520/4608/4528
f 4508/4612/4532 4539/4637/4557 4538/4634/4554 4507/4609/4529
f 4495/4583/4503 4526/4638/4558 4525/4635/4555 4494/4610/4530
f 4522/4585/4505 4553/4639/4559 4552/4636/4556 4521/4611/4531
f 4509/4587/4507 4540/4640/4560 4539/4637/4557 4508/4612/4532
f 4496/4582/4502 4527/4641/4561 4526/4638/4558 4495/4583/4503
f 4523/4584/4504 4554/4642/4562 4553/4639/4559 4522/4585/4505
f 4510/4586/4506 4541/4643/4563 4540/4640/4560 4509/4587/4507
f 4497/4588/4508 4528/4614/4534 4527/4641/4561 4496/4582/4502
f 5051/4266/3892 4554/4642/4562 4523/4584/4504
f 4511/4589/4509 4542/4616/4536 4541/4643/4563 4510/4586/4506
f 4531/4619/4539 4562/4644/4564 4561/4645/4565 4530/4617/4537
f 4545/4620/4540 4576/4646/4566 4575/4647/4567 4544/4618/4538
f 4532/4621/4541 4563/4648/4568 4562/4644/4564 4531/4619/4539
f 4546/4622/4542 4577/4649/4569 4576/4646/4566 4545/4620/4540
f 4533/4623/4543 4564/4650/4570 4563/4648/4568 4532/4621/4541
f 4547/4624/4544 4578/4651/4571 4577/4649/4569 4546/4622/4542
f 4534/4625/4545 4565/4652/4572 4564/4650/4570 4533/4623/4543
f 4548/4626/4546 4579/4653/4573 4578/4651/4571 4547/4624/4544
f 4535/4627/4547 4566/4654/4574 4565/4652/4572 4534/4625/4545
f 4549/4628/4548 4580/4655/4575 4579/4653/4573 4548/4626/4546
f 4536/4629/4549 4567/4656/4576 4566/4654/4574 4535/4627/4547
f 4550/4630/4550 4581/4657/4577 4580/4655/4575 4549/4628/4548
f 4537/4631/4551 4568/4658/4578 4567/4656/4576 4536/4629/4549
f 4524/4632/4552 4555/4659/4579 5269/3933/3867
f 4551/4633/4553 4582/4660/4580 4581/4657/4577 4550/4630/4550
f 4538/4634/4554 4569/4661/4581 4568/4658/4578 4537/4631/4551
f 4525/4635/4555 4556/4662/4582 4555/4659/4579 4524/4632/4552
f 4552/4636/4556 4583/4663/4583 4582/4660/4580 4551/4633/4553
f 4539/4637/4557 4570/4664/4584 4569/4661/4581 4538/4634/4554
f 4526/4638/4558 4557/4665/4585 4556/4662/4582 4525/4635/4555
f 4553/4639/4559 4584/4666/4586 4583/4663/4583 4552/4636/4556
f 4540/4640/4560 4571/4667/4587 4570/4664/4584 4539/4637/4557
f 4527/4641/4561 4558/4668/4588 4557/4665/4585 4526/4638/4558
f 4554/4642/4562 4585/4669/4589 4584/4666/4586 4553/4639/4559
f 4541/4643/4563 4572/4670/4590 4571/4667/4587 4540/4640/4560
f 4528/4614/4534 4559/4671/4591 4558/4668/4588 4527/4641/4561
f 5051/4266/3892 4585/4669/4589 4554/4642/4562
f 4542/4616/4536 4573/4672/4592 4572/4670/4590 4541/4643/4563
f 4529/4613/4533 4560/4673/4593 4559/4671/4591 4528/4614/4534
f 4543/4615/4535 4574/4674/4594 4573/4672/4592 4542/4616/4536
f 4530/4617/4537 4561/4645/4565 4560/4673/4593 4529/4613/4533
f 4544/4618/4538 4575/4647/4567 4574/4674/4594 4543/4615/4535
f 4564/4650/4570 4595/4675/4595 4594/4676/4596 4563/4648/4568
f 4578/4651/4571 4609/4677/4597 4608/4678/4598 4577/4649/4569
f 4565/4652/4572 4596/4679/4599 4595/4675/4595 4564/4650/4570
f 4579/4653/4573 4610/4680/4600 4609/4677/4597 4578/4651/4571
f 4566/4654/4574 4597/4681/4601 4596/4679/4599 4565/4652/4572
f 4580/4655/4575 4611/4682/4602 4610/4680/4600 4579/4653/4573
f 4567/4656/4576 4598/4683/4603 4597/4681/4601 4566/4654/4574
f 4581/4657/4577 4612/4684/4604 4611/4682/4602 4580/4655/4575
f 4568/4658/4578 4599/4685/4605 4598/4683/4603 4567/4656/4576
f 4555/4659/4579 4586/4686/4606 5269/3933/3867
f 4582/4660/4580 4613/4687/4607 4612/4684/4604 4581/4657/4577
f 4569/4661/4581 4600/4688/4608 4599/4685/4605 4568/4658/4578
f 4556/4662/4582 4587/4689/4609 4586/4686/4606 4555/4659/4579
f 4583/4663/4583 4614/4690/4610 4613/4687/4607 4582/4660/4580
f 4570/4664/4584 4601/4691/4611 4600/4688/4608 4569/4661/4581
f 4557/4665/4585 4588/4692/4612 4587/4689/4609 4556/4662/4582
f 4584/4666/4586 4615/4693/4613 4614/4690/4610 4583/4663/4583
f 4571/4667/4587 4602/4694/4614 4601/4691/4611 4570/4664/4584
f 4558/4668/4588 4589/4695/4615 4588/4692/4612 4557/4665/4585
f 4585/4669/4589 4616/4696/4616 4615/4693/4613 4584/4666/4586
f 4572/4670/4590 4603/4697/4617 4602/4694/4614 4571/4667/4587
f 4559/4671/4591 4590/4698/4618 4589/4695/4615 4558/4668/4588
f 5051/4266/3892 4616/4696/4616 4585/4669/4589
f 4573/4672/4592 4604/4699/4619 4603/4697/4617 4572/4670/4590
f 4560/4673/4593 4591/4700/4620 4590/4698/4618 4559/4671/4591
f 4574/4674/4594 4605/4701/4621 4604/4699/4619 4573/4672/4592
f 4561/4645/4565 4592/4702/4622 4591/4700/4620 4560/4673/4593
f 4575/4647/4567 4606/4703/4623 4605/4701/4621 4574/4674/4594
f 4562/4644/4564 4593/4704/4624 4592/4702/4622 4561/4645/4565
f 4576/4646/4566 4607/4705/4625 4606/4703/4623 4575/4647/4567
f 4563/4648/4568 4594/4676/4596 4593/4704/4624 4562/4644/4564
f 4577/4649/4569 4608/4678/4598 4607/4705/4625 4576/4646/4566
f 4597/4681/4601 4628/4706/4626 4627/4707/4627 4596/4679/4599
f 4611/4682/4602 4642/4708/4628 4641/4709/4629 4610/4680/4600
f 4598/4683/4603 4629/4710/4630 4628/4706/4626 4597/4681/4601
f 4612/4684/4604 4643/4711/4631 4642/4708/4628 4611/4682/4602
f 4599/4685/4605 4630/4712/4632 4629/4710/4630 4598/4683/4603
f 4586/4686/4606 4617/4713/4633 5269/3933/3867
f 4613/4687/4607 4644/4714/4634 4643/4711/4631 4612/4684/4604
f 4600/4688/4608 4631/4715/4635 4630/4712/4632 4599/4685/4605
f 4587/4689/4609 4618/4716/4636 4617/4713/4633 4586/4686/4606
f 4614/4690/4610 4645/4717/4637 4644/4714/4634 4613/4687/4607
f 4601/4691/4611 4632/4718/4638 4631/4715/4635 4600/4688/4608
f 4588/4692/4612 4619/4719/4639 4618/4716/4636 4587/4689/4609
f 4615/4693/4613 4646/4720/4640 4645/4717/4637 4614/4690/4610
f 4602/4694/4614 4633/4721/4641 4632/4718/4638 4601/4691/4611
f 4589/4695/4615 4620/4722/4642 4619/4719/4639 4588/4692/4612
f 4616/4696/4616 4647/4723/4643 4646/4720/4640 4615/4693/4613
f 4603/4697/4617 4634/4724/4644 4633/4721/4641 4602/4694/4614
f 4590/4698/4618 4621/4725/4645 4620/4722/4642 4589/4695/4615
f 5051/4266/3892 4647/4723/4643 4616/4696/4616
f 4604/4699/4619 4635/4726/4646 4634/4724/4644 4603/4697/4617
f 4591/4700/4620 4622/4727/4647 4621/4725/4645 4590/4698/4618
f 4605/4701/4621 4636/4728/4648 4635/4726/4646 4604/4699/4619
f 4592/4702/4622 4623/4729/4649 4622/4727/4647 4591/4700/4620
f 4606/4703/4623 4637/4730/4650 4636/4728/4648 4605/4701/4621
f 4593/4704/4624 4624/4731/4651 4623/4729/4649 4592/4702/4622
f 4607/4705/4625 4638/4732/4652 4637/4730/4650 4606/4703/4623
f 4594/4676/4596 4625/4733/4653 4624/4731/4651 4593/4704/4624
f 4608/4678/4598 4639/4734/4654 4638/4732/4652 4607/4705/4625
f 4595/4675/4595 4626/4735/4655 4625/4733/4653 4594/4676/4596
f 4609/4677/4597 4640/4736/4656 4639/4734/4654 4608/4678/4598
f 4596/4679/4599 4627/4707/4627 4626/4735/4655 4595/4675/4595
f 4610/4680/4600 4641/4709/4629 4640/4736/4656 4609/4677/4597
f 4630/4712/4632 4661/4737/4657 4660/4738/4658 4629/4710/4630
f 4617/4713/4633 4648/4739/4659 5269/3933/3867
f 4644/4714/4634 4675/4740/4660 4674/4741/4661 4643/4711/4631
f 4631/4715/4635 4662/4742/4662 4661/4737/4657 4630/4712/4632
f 4618/4716/4636 4649/4743/4663 4648/4739/4659 4617/4713/4633
f 4645/4717/4637 4676/4744/4664 4675/4740/4660 4644/4714/4634
f 4632/4718/4638 4663/4745/4665 4662/4742/4662 4631/4715/4635
f 4619/4719/4639 4650/4746/4666 4649/4743/4663 4618/4716/4636
f 4646/4720/4640 4677/4747/4667 4676/4744/4664 4645/4717/4637
f 4633/4721/4641 4664/4748/4668 4663/4745/4665 4632/4718/4638
f 4620/4722/4642 4651/4749/4669 4650/4746/4666 4619/4719/4639
f 4647/4723/4643 4678/4750/4670 4677/4747/4667 4646/4720/4640
f 4634/4724/4644 4665/4751/4671 4664/4748/4668 4633/4721/4641
f 4621/4725/4645 4652/4752/4672 4651/4749/4669 4620/4722/4642
f 5051/4266/3892 4678/4750/4670 4647/4723/4643
f 4635/4726/4646 4666/4753/4673 4665/4751/4671 4634/4724/4644
f 4622/4727/4647 4653/4754/4674 4652/4752/4672 4621/4725/4645
f 4636/4728/4648 4667/4755/4675 4666/4753/4673 4635/4726/4646
f 4623/4729/4649 4654/4756/4676 4653/4754/4674 4622/4727/4647
f 4637/4730/4650 4668/4757/4677 4667/4755/4675 4636/4728/4648
f 4624/4731/4651 4655/4758/4678 4654/4756/4676 4623/4729/4649
f 4638/4732/4652 4669/4759/4679 4668/4757/4677 4637/4730/4650
f 4625/4733/4653 4656/4760/4680 4655/4758/4678 4624/4731/4651
f 4639/4734/4654 4670/4761/4681 4669/4759/4679 4638/4732/4652
f 4626/4735/4655 4657/4762/4682 4656/4760/4680 4625/4733/4653
f 4640/4736/4656 4671/4763/4683 4670/4761/4681 4639/4734/4654
f 4627/4707/4627 4658/4764/4684 4657/4762/4682 4626/4735/4655
f 4641/4709/4629 4672/4765/4685 4671/4763/4683 4640/4736/4656
f 4628/4706/4626 4659/4766/4686 4658/4764/4684 4627/4707/4627
f 4642/4708/4628 4673/4767/4687 4672/4765/4685 4641/4709/4629
f 4629/4710/4630 4660/4738/4658 4659/4766/4686 4628/4706/4626
f 4643/4711/4631 4674/4741/4661 4673/4767/4687 4642/4708/4628
f 4668/4757/4677 4699/4768/4688 4698/4769/4689 4667/4755/4675
f 4655/4758/4678 4686/4770/4690 4685/4771/4691 4654/4756/4676
f 4669/4759/4679 4700/4772/4692 4699/4768/4688 4668/4757/4677
f 4656/4760/4680 4687/4773/4693 4686/4770/4690 4655/4758/4678
f 4670/4761/4681 4701/4774/4694 4700/4772/4692 4669/4759/4679
f 4657/4762/4682 4688/4775/4695 4687/4773/4693 4656/4760/4680
f 4671/4763/4683 4702/4776/4696 4701/4774/4694 4670/4761/4681
f 4658/4764/4684 4689/4777/4697 4688/4775/4695 4657/4762/4682
f 4672/4765/4685 4703/4778/4698 4702/4776/4696 4671/4763/4683
f 4659/4766/4686 4690/4779/4699 4689/4777/4697 4658/4764/4684
f 4673/4767/4687 4704/4780/4700 4703/4778/4698 4672/4765/4685
f 4660/4738/4658 4691/4781/4701 4690/4779/4699 4659/4766/4686
f 4674/4741/4661 4705/4782/4702 4704/4780/4700 4673/4767/4687
f 4661/4737/4657 4692/4783/4703 4691/4781/4701 4660/4738/4658
f 4648/4739/4659 4679/4784/4704 5269/3933/3867
f 4675/4740/4660 4706/4785/4705 4705/4782/4702 4674/4741/4661
f 4662/4742/4662 4693/4786/4706 4692/4783/4703 4661/4737/4657
f 4649/4743/4663 4680/4787/4707 4679/4784/4704 4648/4739/4659
f 4676/4744/4664 4707/4788/4708 4706/4785/4705 4675/4740/4660
f 4663/4745/4665 4694/4789/4709 4693/4786/4706 4662/4742/4662
f 4650/4746/4666 4681/4790/4710 4680/4787/4707 4649/4743/4663
f 4677/4747/4667 4708/4791/4711 4707/4788/4708 4676/4744/4664
f 4664/4748/4668 4695/4792/4712 4694/4789/4709 4663/4745/4665
f 4651/4749/4669 4682/4793/4713 4681/4790/4710 4650/4746/4666
f 4678/4750/4670 4709/4794/4714 4708/4791/4711 4677/4747/4667
f 4665/4751/4671 4696/4795/4715 4695/4792/4712 4664/4748/4668
f 4652/4752/4672 4683/4796/4716 4682/4793/4713 4651/4749/4669
f 5051/4266/3892 4709/4794/4714 4678/4750/4670
f 4666/4753/4673 4697/4797/4717 4696/4795/4715 4665/4751/4671
f 4653/4754/4674 4684/4798/4718 4683/4796/4716 4652/4752/4672
f 4667/4755/4675 4698/4769/4689 4697/4797/4717 4666/4753/4673
f 4654/4756/4676 4685/4771/4691 4684/4798/4718 4653/4754/4674
f 4701/4774/4694 4732/4799/4719 4731/4800/4720 4700/4772/4692
f 4688/4775/4695 4719/4801/4721 4718/4802/4722 4687/4773/4693
f 4702/4776/4696 4733/4803/4723 4732/4799/4719 4701/4774/4694
f 4689/4777/4697 4720/4804/4724 4719/4801/4721 4688/4775/4695
f 4703/4778/4698 4734/4805/4725 4733/4803/4723 4702/4776/4696
f 4690/4779/4699 4721/4806/4726 4720/4804/4724 4689/4777/4697
f 4704/4780/4700 4735/4807/4727 4734/4805/4725 4703/4778/4698
f 4691/4781/4701 4722/4808/4728 4721/4806/4726 4690/4779/4699
f 4705/4782/4702 4736/4809/4729 4735/4807/4727 4704/4780/4700
f 4692/4783/4703 4723/4810/4730 4722/4808/4728 4691/4781/4701
f 4679/4784/4704 4710/4811/4731 5269/3933/3867
f 4706/4785/4705 4737/4812/4732 4736/4809/4729 4705/4782/4702
f 4693/4786/4706 4724/4813/4733 4723/4810/4730 4692/4783/4703
f 4680/4787/4707 4711/4814/4734 4710/4811/4731 4679/4784/4704
f 4707/4788/4708 4738/4815/4735 4737/4812/4732 4706/4785/4705
f 4694/4789/4709 4725/4816/4736 4724/4813/4733 4693/4786/4706
f 4681/4790/4710 4712/4817/4737 4711/4814/4734 4680/4787/4707
f 4708/4791/4711 4739/4818/4738 4738/4815/4735 4707/4788/4708
f 4695/4792/4712 4726/4819/4739 4725/4816/4736 4694/4789/4709
f 4682/4793/4713 4713/4820/4740 4712/4817/4737 4681/4790/4710
f 4709/4794/4714 4740/4821/4741 4739/4818/4738 4708/4791/4711
f 4696/4795/4715 4727/4822/4742 4726/4819/4739 4695/4792/4712
f 4683/4796/4716 4714/4823/4743 4713/4820/4740 4682/4793/4713
f 5051/4266/3892 4740/4821/4741 4709/4794/4714
f 4697/4797/4717 4728/4824/4744 4727/4822/4742 4696/4795/4715
f 4684/4798/4718 4715/4825/4745 4714/4823/4743 4683/4796/4716
f 4698/4769/4689 4729/4826/4746 4728/4824/4744 4697/4797/4717
f 4685/4771/4691 4716/4827/4747 4715/4825/4745 4684/4798/4718
f 4699/4768/4688 4730/4828/4748 4729/4826/4746 4698/4769/4689
f 4686/4770/4690 4717/4829/4749 4716/4827/4747 4685/4771/4691
f 4700/4772/4692 4731/4800/4720 4730/4828/4748 4699/4768/4688
f 4687/4773/4693 4718/4802/4722 4717/4829/4749 4686/4770/4690
f 4734/4805/4725 4765/4830/4750 4764/4831/4751 4733/4803/4723
f 4721/4806/4726 4752/4832/4752 4751/4833/4753 4720/4804/4724
f 4735/4807/4727 4766/4834/4754 4765/4830/4750 4734/4805/4725
f 4722/4808/4728 4753/4835/4755 4752/4832/4752 4721/4806/4726
f 4736/4809/4729 4767/4836/4756 4766/4834/4754 4735/4807/4727
f 4723/4810/4730 4754/4837/4757 4753/4835/4755 4722/4808/4728
f 4710/4811/4731 4741/4838/4758 5269/3933/3867
f 4737/4812/4732 4768/4839/4759 4767/4836/4756 4736/4809/4729
f 4724/4813/4733 4755/4840/4760 4754/4837/4757 4723/4810/4730
f 4711/4814/4734 4742/4841/4761 4741/4838/4758 4710/4811/4731
f 4738/4815/4735 4769/4842/4762 4768/4839/4759 4737/4812/4732
f 4725/4816/4736 4756/4843/4763 4755/4840/4760 4724/4813/4733
f 4712/4817/4737 4743/4844/4764 4742/4841/4761 4711/4814/4734
f 4739/4818/4738 4770/4845/4765 4769/4842/4762 4738/4815/4735
f 4726/4819/4739 4757/4846/4766 4756/4843/4763 4725/4816/4736
f 4713/4820/4740 4744/4847/4767 4743/4844/4764 4712/4817/4737
f 4740/4821/4741 4771/4848/4768 4770/4845/4765 4739/4818/4738
f 4727/4822/4742 4758/4849/4769 4757/4846/4766 4726/4819/4739
f 4714/4823/4743 4745/4850/4770 4744/4847/4767 4713/4820/4740
f 5051/4266/3892 4771/4848/4768 4740/4821/4741
f 4728/4824/4744 4759/4851/4771 4758/4849/4769 4727/4822/4742
f 4715/4825/4745 4746/4852/4772 4745/4850/4770 4714/4823/4743
f 4729/4826/4746 4760/4853/4773 4759/4851/4771 4728/4824/4744
f 4716/4827/4747 4747/4854/4774 4746/4852/4772 4715/4825/4745
f 4730/4828/4748 4761/4855/4775 4760/4853/4773 4729/4826/4746
f 4717/4829/4749 4748/4856/4776 4747/4854/4774 4716/4827/4747
f 4731/4800/4720 4762/4857/4777 4761/4855/4775 4730/4828/4748
f 4718/4802/4722 4749/4858/4778 4748/4856/4776 4717/4829/4749
f 4732/4799/4719 4763/4859/4779 4762/4857/4777 4731/4800/4720
f 4719/4801/4721 4750/4860/4780 4749/4858/4778 4718/4802/4722
f 4733/4803/4723 4764/4831/4751 4763/4859/4779 4732/4799/4719
f 4720/4804/4724 4751/4833/4753 4750/4860/4780 4719/4801/4721
f 4767/4836/4756 4798/4861/4781 4797/4862/4782 4766/4834/4754
f 4754/4837/4757 4785/4863/4783 4784/4864/4784 4753/4835/4755
f 4741/4838/4758 4772/4865/4785 5269/3933/3867
f 4768/4839/4759 4799/4866/4786 4798/4861/4781 4767/4836/4756
f 4755/4840/4760 4786/4867/4787 4785/4863/4783 4754/4837/4757
f 4742/4841/4761 4773/4868/4788 4772/4865/4785 4741/4838/4758
f 4769/4842/4762 4800/4869/4789 4799/4866/4786 4768/4839/4759
f 4756/4843/4763 4787/4870/4790 4786/4867/4787 4755/4840/4760
f 4743/4844/4764 4774/4871/4791 4773/4868/4788 4742/4841/4761
f 4770/4845/4765 4801/4872/4792 4800/4869/4789 4769/4842/4762
f 4757/4846/4766 4788/4873/4793 4787/4870/4790 4756/4843/4763
f 4744/4847/4767 4775/4874/4794 4774/4871/4791 4743/4844/4764
f 4771/4848/4768 4802/4875/4795 4801/4872/4792 4770/4845/4765
f 4758/4849/4769 4789/4876/4796 4788/4873/4793 4757/4846/4766
f 4745/4850/4770 4776/4877/4797 4775/4874/4794 4744/4847/4767
f 5051/4266/3892 4802/4875/4795 4771/4848/4768
f 4759/4851/4771 4790/4878/4798 4789/4876/4796 4758/4849/4769
f 4746/4852/4772 4777/4879/4799 4776/4877/4797 4745/4850/4770
f 4760/4853/4773 4791/4880/4800 4790/4878/4798 4759/4851/4771
f 4747/4854/4774 4778/4881/4801 4777/4879/4799 4746/4852/4772
f 4761/4855/4775 4792/4882/4802 4791/4880/4800 4760/4853/4773
f 4748/4856/4776 4779/4883/4803 4778/4881/4801 4747/4854/4774
f 4762/4857/4777 4793/4884/4804 4792/4882/4802 4761/4855/4775
f 4749/4858/4778 4780/4885/4805 4779/4883/4803 4748/4856/4776
f 4763/4859/4779 4794/4886/4806 4793/4884/4804 4762/4857/4777
f 4750/4860/4780 4781/4887/4807 4780/4885/4805 4749/4858/4778
f 4764/4831/4751 4795/4888/4808 4794/4886/4806 4763/4859/4779
f 4751/4833/4753 4782/4889/4809 4781/4887/4807 4750/4860/4780
f 4765/4830/4750 4796/4890/4810 4795/4888/4808 4764/4831/4751
f 4752/4832/4752 4783/4891/4811 4782/4889/4809 4751/4833/4753
f 4766/4834/4754 4797/4862/4782 4796/4890/4810 4765/4830/4750
f 4753/4835/4755 4784/4864/4784 4783/4891/4811 4752/4832/4752
f 4773/4868/4788 4804/4892/4812 4803/4893/4813 4772/4865/4785
f 4800/4869/4789 4831/4894/4814 4830/4895/4815 4799/4866/4786
f 4787/4870/4790 4818/4896/4816 4817/4897/4817 4786/4867/4787
f 4774/4871/4791 4805/4898/4818 4804/4892/4812 4773/4868/4788
f 4801/4872/4792 4832/4899/4819 4831/4894/4814 4800/4869/4789
f 4788/4873/4793 4819/4900/4820 4818/4896/4816 4787/4870/4790
f 4775/4874/4794 4806/4901/4821 4805/4898/4818 4774/4871/4791
f 4802/4875/4795 4833/4902/4822 4832/4899/4819 4801/4872/4792
f 4789/4876/4796 4820/4903/4823 4819/4900/4820 4788/4873/4793
f 4776/4877/4797 4807/4904/4824 4806/4901/4821 4775/4874/4794
f 5051/4266/3892 4833/4902/4822 4802/4875/4795
f 4790/4878/4798 4821/4905/4825 4820/4903/4823 4789/4876/4796
f 4777/4879/4799 4808/4906/4826 4807/4904/4824 4776/4877/4797
f 4791/4880/4800 4822/4907/4827 4821/4905/4825 4790/4878/4798
f 4778/4881/4801 4809/4908/4828 4808/4906/4826 4777/4879/4799
f 4792/4882/4802 4823/4909/4829 4822/4907/4827 4791/4880/4800
f 4779/4883/4803 4810/4910/4830 4809/4908/4828 4778/4881/4801
f 4793/4884/4804 4824/4911/4831 4823/4909/4829 4792/4882/4802
f 4780/4885/4805 4811/4912/4832 4810/4910/4830 4779/4883/4803
f 4794/4886/4806 4825/4913/4833 4824/4911/4831 4793/4884/4804
f 4781/4887/4807 4812/4914/4834 4811/4912/4832 4780/4885/4805
f 4795/4888/4808 4826/4915/4835 4825/4913/4833 4794/4886/4806
f 4782/4889/4809 4813/4916/4836 4812/4914/4834 4781/4887/4807
f 4796/4890/4810 4827/4917/4837 4826/4915/4835 4795/4888/4808
f 4783/4891/4811 4814/4918/4838 4813/4916/4836 4782/4889/4809
f 4797/4862/4782 4828/4919/4839 4827/4917/4837 4796/4890/4810
f 4784/4864/4784 4815/4920/4840 4814/4918/4838 4783/4891/4811
f 4798/4861/4781 4829/4921/4841 4828/4919/4839 4797/4862/4782
f 4785/4863/4783 4816/4922/4842 4815/4920/4840 4784/4864/4784
f 4772/4865/4785 4803/4893/4813 5269/3933/3867
f 4799/4866/4786 4830/4895/4815 4829/4921/4841 4798/4861/4781
f 4786/4867/4787 4817/4897/4817 4816/4922/4842 4785/4863/4783
f 4806/4901/4821 4837/4923/4843 4836/4924/4844 4805/4898/4818
f 4833/4902/4822 4864/4925/4845 4863/4926/4846 4832/4899/4819
f 4820/4903/4823 4851/4927/4847 4850/4928/4848 4819/4900/4820
f 4807/4904/4824 4838/4929/4849 4837/4923/4843 4806/4901/4821
f 5051/4266/3892 4864/4925/4845 4833/4902/4822
f 4821/4905/4825 4852/4930/4850 4851/4927/4847 4820/4903/4823
f 4808/4906/4826 4839/4931/4851 4838/4929/4849 4807/4904/4824
f 4822/4907/4827 4853/4932/4852 4852/4930/4850 4821/4905/4825
f 4809/4908/4828 4840/4933/4853 4839/4931/4851 4808/4906/4826
f 4823/4909/4829 4854/4934/4854 4853/4932/4852 4822/4907/4827
f 4810/4910/4830 4841/4935/4855 4840/4933/4853 4809/4908/4828
f 4824/4911/4831 4855/4936/4856 4854/4934/4854 4823/4909/4829
f 4811/4912/4832 4842/4937/4857 4841/4935/4855 4810/4910/4830
f 4825/4913/4833 4856/4938/4858 4855/4936/4856 4824/4911/4831
f 4812/4914/4834 4843/4939/4859 4842/4937/4857 4811/4912/4832
f 4826/4915/4835 4857/4940/4860 4856/4938/4858 4825/4913/4833
f 4813/4916/4836 4844/4941/4861 4843/4939/4859 4812/4914/4834
f 4827/4917/4837 4858/4942/4862 4857/4940/4860 4826/4915/4835
f 4814/4918/4838 4845/4943/4863 4844/4941/4861 4813/4916/4836
f 4828/4919/4839 4859/4944/4864 4858/4942/4862 4827/4917/4837
f 4815/4920/4840 4846/4945/4865 4845/4943/4863 4814/4918/4838
f 4829/4921/4841 4860/4946/4866 4859/4944/4864 4828/4919/4839
f 4816/4922/4842 4847/4947/4867 4846/4945/4865 4815/4920/4840
f 4803/4893/4813 4834/4948/4868 5269/3933/3867
f 4830/4895/4815 4861/4949/4869 4860/4946/4866 4829/4921/4841
f 4817/4897/4817 4848/4950/4870 4847/4947/4867 4816/4922/4842
f 4804/4892/4812 4835/4951/4871 4834/4948/4868 4803/4893/4813
f 4831/4894/4814 4862/4952/4872 4861/4949/4869 4830/4895/4815
f 4818/4896/4816 4849/4953/4873 4848/4950/4870 4817/4897/4817
f 4805/4898/4818 4836/4924/4844 4835/4951/4871 4804/4892/4812
f 4832/4899/4819 4863/4926/4846 4862/4952/4872 4831/4894/4814
f 4819/4900/4820 4850/4928/4848 4849/4953/4873 4818/4896/4816
f 4839/4931/4851 4870/4954/4874 4869/4955/4875 4838/4929/4849
f 4853/4932/4852 4884/4956/4876 4883/4957/4877 4852/4930/4850
f 4840/4933/4853 4871/4958/4878 4870/4954/4874 4839/4931/4851
f 4854/4934/4854 4885/4959/4879 4884/4956/4876 4853/4932/4852
f 4841/4935/4855 4872/4960/4880 4871/4958/4878 4840/4933/4853
f 4855/4936/4856 4886/4961/4881 4885/4959/4879 4854/4934/4854
f 4842/4937/4857 4873/4962/4882 4872/4960/4880 4841/4935/4855
f 4856/4938/4858 4887/4963/4883 4886/4961/4881 4855/4936/4856
f 4843/4939/4859 4874/4964/4884 4873/4962/4882 4842/4937/4857
f 4857/4940/4860 4888/4965/4885 4887/4963/4883 4856/4938/4858
f 4844/4941/4861 4875/4966/4886 4874/4964/4884 4843/4939/4859
f 4858/4942/4862 4889/4967/4887 4888/4965/4885 4857/4940/4860
f 4845/4943/4863 4876/4968/4888 4875/4966/4886 4844/4941/4861
f 4859/4944/4864 4890/4969/4889 4889/4967/4887 4858/4942/4862
f 4846/4945/4865 4877/4970/4890 4876/4968/4888 4845/4943/4863
f 4860/4946/4866 4891/4971/4891 4890/4969/4889 4859/4944/4864
f 4847/4947/4867 4878/4972/4892 4877/4970/4890 4846/4945/4865
f 4834/4948/4868 4865/4973/4893 5269/3933/3867
f 4861/4949/4869 4892/4974/4894 4891/4971/4891 4860/4946/4866
f 4848/4950/4870 4879/4975/4895 4878/4972/4892 4847/4947/4867
f 4835/4951/4871 4866/4976/4896 4865/4973/4893 4834/4948/4868
f 4862/4952/4872 4893/4977/4897 4892/4974/4894 4861/4949/4869
f 4849/4953/4873 4880/4978/4898 4879/4975/4895 4848/4950/4870
f 4836/4924/4844 4867/4979/4899 4866/4976/4896 4835/4951/4871
f 4863/4926/4846 4894/4980/4900 4893/4977/4897 4862/4952/4872
f 4850/4928/4848 4881/4981/4901 4880/4978/4898 4849/4953/4873
f 4837/4923/4843 4868/4982/4902 4867/4979/4899 4836/4924/4844
f 4864/4925/4845 4895/4983/4903 4894/4980/4900 4863/4926/4846
f 4851/4927/4847 4882/4984/4904 4881/4981/4901 4850/4928/4848
f 4838/4929/4849 4869/4955/4875 4868/4982/4902 4837/4923/4843
f 5051/4266/3892 4895/4983/4903 4864/4925/4845
f 4852/4930/4850 4883/4957/4877 4882/4984/4904 4851/4927/4847
f 4872/4960/4880 4903/4985/4905 4902/4986/4906 4871/4958/4878
f 4886/4961/4881 4917/4987/4907 4916/4988/4908 4885/4959/4879
f 4873/4962/4882 4904/4989/4909 4903/4985/4905 4872/4960/4880
f 4887/4963/4883 4918/4990/4910 4917/4987/4907 4886/4961/4881
f 4874/4964/4884 4905/4991/4911 4904/4989/4909 4873/4962/4882
f 4888/4965/4885 4919/4992/4912 4918/4990/4910 4887/4963/4883
f 4875/4966/4886 4906/4993/4913 4905/4991/4911 4874/4964/4884
f 4889/4967/4887 4920/4994/4914 4919/4992/4912 4888/4965/4885
f 4876/4968/4888 4907/4995/4915 4906/4993/4913 4875/4966/4886
f 4890/4969/4889 4921/4996/4916 4920/4994/4914 4889/4967/4887
f 4877/4970/4890 4908/4997/4917 4907/4995/4915 4876/4968/4888
f 4891/4971/4891 4922/4998/4918 4921/4996/4916 4890/4969/4889
f 4878/4972/4892 4909/4999/4919 4908/4997/4917 4877/4970/4890
f 4865/4973/4893 4896/5000/4920 5269/3933/3867
f 4892/4974/4894 4923/5001/4921 4922/4998/4918 4891/4971/4891
f 4879/4975/4895 4910/5002/4922 4909/4999/4919 4878/4972/4892
f 4866/4976/4896 4897/5003/4923 4896/5000/4920 4865/4973/4893
f 4893/4977/4897 4924/5004/4924 4923/5001/4921 4892/4974/4894
f 4880/4978/4898 4911/5005/4925 4910/5002/4922 4879/4975/4895
f 4867/4979/4899 4898/5006/4926 4897/5003/4923 4866/4976/4896
f 4894/4980/4900 4925/5007/4927 4924/5004/4924 4893/4977/4897
f 4881/4981/4901 4912/5008/4928 4911/5005/4925 4880/4978/4898
f 4868/4982/4902 4899/5009/4929 4898/5006/4926 4867/4979/4899
f 4895/4983/4903 4926/5010/4930 4925/5007/4927 4894/4980/4900
f 4882/4984/4904 4913/5011/4931 4912/5008/4928 4881/4981/4901
f 4869/4955/4875 4900/5012/4932 4899/5009/4929 4868/4982/4902
f 5051/4266/3892 4926/5010/4930 4895/4983/4903
f 4883/4957/4877 4914/5013/4933 4913/5011/4931 4882/4984/4904
f 4870/4954/4874 4901/5014/4934 4900/5012/4932 4869/4955/4875
f 4884/4956/4876 4915/5015/4935 4914/5013/4933 4883/4957/4877
f 4871/4958/4878 4902/4986/4906 4901/5014/4934 4870/4954/4874
f 4885/4959/4879 4916/4988/4908 4915/5015/4935 4884/4956/4876
f 4905/4991/4911 4936/5016/4936 4935/5017/4937 4904/4989/4909
f 4919/4992/4912 4950/5018/4938 4949/5019/4939 4918/4990/4910
f 4906/4993/4913 4937/5020/4940 4936/5016/4936 4905/4991/4911
f 4920/4994/4914 4951/5021/4941 4950/5018/4938 4919/4992/4912
f 4907/4995/4915 4938/5022/4942 4937/5020/4940 4906/4993/4913
f 4921/4996/4916 4952/5023/4943 4951/5021/4941 4920/4994/4914
f 4908/4997/4917 4939/5024/4944 4938/5022/4942 4907/4995/4915
f 4922/4998/4918 4953/5025/4945 4952/5023/4943 4921/4996/4916
f 4909/4999/4919 4940/5026/4946 4939/5024/4944 4908/4997/4917
f 4896/5000/4920 4927/5027/4947 5269/3933/3867
f 4923/5001/4921 4954/5028/4948 4953/5025/4945 4922/4998/4918
f 4910/5002/4922 4941/5029/4949 4940/5026/4946 4909/4999/4919
f 4897/5003/4923 4928/5030/4950 4927/5027/4947 4896/5000/4920
f 4924/5004/4924 4955/5031/4951 4954/5028/4948 4923/5001/4921
f 4911/5005/4925 4942/5032/4952 4941/5029/4949 4910/5002/4922
f 4898/5006/4926 4929/5033/4953 4928/5030/4950 4897/5003/4923
f 4925/5007/4927 4956/5034/4954 4955/5031/4951 4924/5004/4924
f 4912/5008/4928 4943/5035/4955 4942/5032/4952 4911/5005/4925
f 4899/5009/4929 4930/5036/4956 4929/5033/4953 4898/5006/4926
f 4926/5010/4930 4957/5037/4957 4956/5034/4954 4925/5007/4927
f 4913/5011/4931 4944/5038/4958 4943/5035/4955 4912/5008/4928
f 4900/5012/4932 4931/5039/4959 4930/5036/4956 4899/5009/4929
f 5051/4266/3892 4957/5037/4957 4926/5010/4930
f 4914/5013/4933 4945/5040/4960 4944/5038/4958 4913/5011/4931
f 4901/5014/4934 4932/5041/4961 4931/5039/4959 4900/5012/4932
f 4915/5015/4935 4946/5042/4962 4945/5040/4960 4914/5013/4933
f 4902/4986/4906 4933/5043/4963 4932/5041/4961 4901/5014/4934
f 4916/4988/4908 4947/5044/4964 4946/5042/4962 4915/5015/4935
f 4903/4985/4905 4934/5045/4965 4933/5043/4963 4902/4986/4906
f 4917/4987/4907 4948/5046/4966 4947/5044/4964 4916/4988/4908
f 4904/4989/4909 4935/5017/4937 4934/5045/4965 4903/4985/4905
f 4918/4990/4910 4949/5019/4939 4948/5046/4966 4917/4987/4907
f 4938/5022/4942 4969/5047/4967 4968/5048/4968 4937/5020/4940
f 4952/5023/4943 4983/5049/4969 4982/5050/4970 4951/5021/4941
f 4939/5024/4944 4970/5051/4971 4969/5047/4967 4938/5022/4942
f 4953/5025/4945 4984/5052/4972 4983/5049/4969 4952/5023/4943
f 4940/5026/4946 4971/5053/4973 4970/5051/4971 4939/5024/4944
f 4927/5027/4947 4958/5054/4974 5269/3933/3867
f 4954/5028/4948 4985/5055/4975 4984/5052/4972 4953/5025/4945
f 4941/5029/4949 4972/5056/4976 4971/5053/4973 4940/5026/4946
f 4928/5030/4950 4959/5057/4977 4958/5054/4974 4927/5027/4947
f 4955/5031/4951 4986/5058/4978 4985/5055/4975 4954/5028/4948
f 4942/5032/4952 4973/5059/4979 4972/5056/4976 4941/5029/4949
f 4929/5033/4953 4960/5060/4980 4959/5057/4977 4928/5030/4950
f 4956/5034/4954 4987/5061/4981 4986/5058/4978 4955/5031/4951
f 4943/5035/4955 4974/5062/4982 4973/5059/4979 4942/5032/4952
f 4930/5036/4956 4961/5063/4983 4960/5060/4980 4929/5033/4953
f 4957/5037/4957 4988/5064/4984 4987/5061/4981 4956/5034/4954
f 4944/5038/4958 4975/5065/4985 4974/5062/4982 4943/5035/4955
f 4931/5039/4959 4962/5066/4986 4961/5063/4983 4930/5036/4956
f 5051/4266/3892 4988/5064/4984 4957/5037/4957
f 4945/5040/4960 4976/5067/4987 4975/5065/4985 4944/5038/4958
f 4932/5041/4961 4963/5068/4988 4962/5066/4986 4931/5039/4959
f 4946/5042/4962 4977/5069/4989 4976/5067/4987 4945/5040/4960
f 4933/5043/4963 4964/5070/4990 4963/5068/4988 4932/5041/4961
f 4947/5044/4964 4978/5071/4991 4977/5069/4989 4946/5042/4962
f 4934/5045/4965 4965/5072/4992 4964/5070/4990 4933/5043/4963
f 4948/5046/4966 4979/5073/4993 4978/5071/4991 4947/5044/4964
f 4935/5017/4937 4966/5074/4994 4965/5072/4992 4934/5045/4965
f 4949/5019/4939 4980/5075/4995 4979/5073/4993 4948/5046/4966
f 4936/5016/4936 4967/5076/4996 4966/5074/4994 4935/5017/4937
f 4950/5018/4938 4981/5077/4997 4980/5075/4995 4949/5019/4939
f 4937/5020/4940 4968/5048/4968 4967/5076/4996 4936/5016/4936
f 4951/5021/4941 4982/5050/4970 4981/5077/4997 4950/5018/4938
f 4971/5053/4973 5002/5078/4998 5001/5079/4999 4970/5051/4971
f 4958/5054/4974 4989/5080/5000 5269/3933/3867
f 4985/5055/4975 5016/5081/5001 5015/5082/5002 4984/5052/4972
f 4972/5056/4976 5003/5083/5003 5002/5078/4998 4971/5053/4973
f 4959/5057/4977 4990/5084/5004 4989/5080/5000 4958/5054/4974
f 4986/5058/4978 5017/5085/5005 5016/5081/5001 4985/5055/4975
f 4973/5059/4979 5004/5086/5006 5003/5083/5003 4972/5056/4976
f 4960/5060/4980 4991/5087/5007 4990/5084/5004 4959/5057/4977
f 4987/5061/4981 5018/5088/5008 5017/5085/5005 4986/5058/4978
f 4974/5062/4982 5005/5089/5009 5004/5086/5006 4973/5059/4979
f 4961/5063/4983 4992/5090/5010 4991/5087/5007 4960/5060/4980
f 4988/5064/4984 5019/5091/5011 5018/5088/5008 4987/5061/4981
f 4975/5065/4985 5006/5092/5012 5005/5089/5009 4974/5062/4982
f 4962/5066/4986 4993/5093/5013 4992/5090/5010 4961/5063/4983
f 5051/4266/3892 5019/5091/5011 4988/5064/4984
f 4976/5067/4987 5007/5094/5014 5006/5092/5012 4975/5065/4985
f 4963/5068/4988 4994/5095/5015 4993/5093/5013 4962/5066/4986
f 4977/5069/4989 5008/5096/5016 5007/5094/5014 4976/5067/4987
f 4964/5070/4990 4995/5097/5017 4994/5095/5015 4963/5068/4988
f 4978/5071/4991 5009/5098/5018 5008/5096/5016 4977/5069/4989
f 4965/5072/4992 4996/5099/5019 4995/5097/5017 4964/5070/4990
f 4979/5073/4993 5010/5100/5020 5009/5098/5018 4978/5071/4991
f 4966/5074/4994 4997/5101/5021 4996/5099/5019 4965/5072/4992
f 4980/5075/4995 5011/5102/5022 5010/5100/5020 4979/5073/4993
f 4967/5076/4996 4998/5103/5023 4997/5101/5021 4966/5074/4994
f 4981/5077/4997 5012/5104/5024 5011/5102/5022 4980/5075/4995
f 4968/5048/4968 4999/5105/5025 4998/5103/5023 4967/5076/4996
f 4982/5050/4970 5013/5106/5026 5012/5104/5024 4981/5077/4997
f 4969/5047/4967 5000/5107/5027 4999/5105/5025 4968/5048/4968
f 4983/5049/4969 5014/5108/5028 5013/5106/5026 4982/5050/4970
f 4970/5051/4971 5001/5079/4999 5000/5107/5027 4969/5047/4967
f 4984/5052/4972 5015/5082/5002 5014/5108/5028 4983/5049/4969
f 5004/5086/5006 5035/5109/5029 5034/5110/5030 5003/5083/5003
f 4991/5087/5007 5022/5111/5031 5021/5112/5032 4990/5084/5004
f 5018/5088/5008 5049/5113/5033 5048/5114/5034 5017/5085/5005
f 5005/5089/5009 5036/5115/5035 5035/5109/5029 5004/5086/5006
f 4992/5090/5010 5023/5116/5036 5022/5111/5031 4991/5087/5007
f 5019/5091/5011 5050/5117/5037 5049/5113/5033 5018/5088/5008
f 5006/5092/5012 5037/5118/5038 5036/5115/5035 5005/5089/5009
f 4993/5093/5013 5024/5119/5039 5023/5116/5036 4992/5090/5010
f 5051/4266/3892 5050/5117/5037 5019/5091/5011
f 5007/5094/5014 5038/5120/5040 5037/5118/5038 5006/5092/5012
f 4994/5095/5015 5025/5121/5041 5024/5119/5039 4993/5093/5013
f 5008/5096/5016 5039/5122/5042 5038/5120/5040 5007/5094/5014
f 4995/5097/5017 5026/5123/5043 5025/5121/5041 4994/5095/5015
f 5009/5098/5018 5040/5124/5044 5039/5122/5042 5008/5096/5016
f 4996/5099/5019 5027/5125/5045 5026/5123/5043 4995/5097/5017
f 5010/5100/5020 5041/5126/5046 5040/5124/5044 5009/5098/5018
f 4997/5101/5021 5028/5127/5047 5027/5125/5045 4996/5099/5019
f 5011/5102/5022 5042/5128/5048 5041/5126/5046 5010/5100/5020
f 4998/5103/5023 5029/5129/5049 5028/5127/5047 4997/5101/5021
f 5012/5104/5024 5043/5130/5050 5042/5128/5048 5011/5102/5022
f 4999/5105/5025 5030/5131/5051 5029/5129/5049 4998/5103/5023
f 5013/5106/5026 5044/5132/5052 5043/5130/5050 5012/5104/5024
f 5000/5107/5027 5031/5133/5053 5030/5131/5051 4999/5105/5025
f 5014/5108/5028 5045/5134/5054 5044/5132/5052 5013/5106/5026
f 5001/5079/4999 5032/5135/5055 5031/5133/5053 5000/5107/5027
f 5015/5082/5002 5046/5136/5056 5045/5134/5054 5014/5108/5028
f 5002/5078/4998 5033/5137/5057 5032/5135/5055 5001/5079/4999
f 4989/5080/5000 5020/5138/5058 5269/3933/3867
f 5016/5081/5001 5047/5139/5059 5046/5136/5056 5015/5082/5002
f 5003/5083/5003 5034/5110/5030 5033/5137/5057 5002/5078/4998
f 4990/5084/5004 5021/5112/5032 5020/5138/5058 4989/5080/5000
f 5017/5085/5005 5048/5114/5034 5047/5139/5059 5016/5081/5001
f 5037/5118/5038 5069/5140/5060 5068/5141/5061 5036/5115/5035
f 5024/5119/5039 5056/5142/5062 5055/5143/5063 5023/5116/5036
f 5051/4266/3892 5082/5144/5064 5050/5117/5037
f 5038/5120/5040 5070/5145/5065 5069/5140/5060 5037/5118/5038
f 5025/5121/5041 5057/5146/5066 5056/5142/5062 5024/5119/5039
f 5039/5122/5042 5071/5147/5067 5070/5145/5065 5038/5120/5040
f 5026/5123/5043 5058/5148/5068 5057/5146/5066 5025/5121/5041
f 5040/5124/5044 5072/5149/5069 5071/5147/5067 5039/5122/5042
f 5027/5125/5045 5059/5150/5070 5058/5148/5068 5026/5123/5043
f 5041/5126/5046 5073/5151/5071 5072/5149/5069 5040/5124/5044
f 5028/5127/5047 5060/5152/5072 5059/5150/5070 5027/5125/5045
f 5042/5128/5048 5074/5153/5073 5073/5151/5071 5041/5126/5046
f 5029/5129/5049 5061/5154/5074 5060/5152/5072 5028/5127/5047
f 5043/5130/5050 5075/5155/5075 5074/5153/5073 5042/5128/5048
f 5030/5131/5051 5062/5156/5076 5061/5154/5074 5029/5129/5049
f 5044/5132/5052 5076/5157/5077 5075/5155/5075 5043/5130/5050
f 5031/5133/5053 5063/5158/5078 5062/5156/5076 5030/5131/5051
f 5045/5134/5054 5077/5159/5079 5076/5157/5077 5044/5132/5052
f 5032/5135/5055 5064/5160/5080 5063/5158/5078 5031/5133/5053
f 5046/5136/5056 5078/5161/5081 5077/5159/5079 5045/5134/5054
f 5033/5137/5057 5065/5162/5082 5064/5160/5080 5032/5135/5055
f 5020/5138/5058 5052/5163/5083 5269/3933/3867
f 5047/5139/5059 5079/5164/5084 5078/5161/5081 5046/5136/5056
f 5034/5110/5030 5066/5165/5085 5065/5162/5082 5033/5137/5057
f 5021/5112/5032 5053/5166/5086 5052/5163/5083 5020/5138/5058
f 5048/5114/5034 5080/5167/5087 5079/5164/5084 5047/5139/5059
f 5035/5109/5029 5067/5168/5088 5066/5165/5085 5034/5110/5030
f 5022/5111/5031 5054/5169/5089 5053/5166/5086 5021/5112/5032
f 5049/5113/5033 5081/5170/5090 5080/5167/5087 5048/5114/5034
f 5036/5115/5035 5068/5141/5061 5067/5168/5088 5035/5109/5029
f 5023/5116/5036 5055/5143/5063 5054/5169/5089 5022/5111/5031
f 5050/5117/5037 5082/5144/5064 5081/5170/5090 5049/5113/5033
f 5071/5171/5067 5102/5172/5091 5101/5173/5092 5070/5174/5065
f 5058/5148/5068 5089/5175/5093 5088/5176/5094 5057/5146/5066
f 5072/5177/5069 5103/5178/5095 5102/5172/5091 5071/5171/5067
f 5059/5150/5070 5090/5179/5096 5089/5175/5093 5058/5148/5068
f 5073/5180/5071 5104/5181/5097 5103/5178/5095 5072/5177/5069
f 5060/5152/5072 5091/5182/5098 5090/5179/5096 5059/5150/5070
f 5074/5183/5073 5105/5184/5099 5104/5181/5097 5073/5180/5071
f 5061/5154/5074 5092/5185/5100 5091/5182/5098 5060/5152/5072
f 5075/5186/5075 5106/5187/5101 5105/5184/5099 5074/5183/5073
f 5062/5156/5076 5093/5188/5102 5092/5185/5100 5061/5154/5074
f 5076/5189/5077 5107/5190/5103 5106/5187/5101 5075/5186/5075
f 5063/5158/5078 5094/5191/5104 5093/5188/5102 5062/5156/5076
f 5077/5192/5079 5108/5193/5105 5107/5190/5103 5076/5189/5077
f 5064/5194/5080 5095/5195/5106 5094/5191/5104 5063/5158/5078
f 5078/5196/5081 5109/5197/5107 5108/5193/5105 5077/5192/5079
f 5065/5198/5082 5096/5199/5108 5095/5195/5106 5064/5194/5080
f 5052/5163/5083 5083/5200/5109 5269/3933/3867
f 5079/5201/5084 5110/5202/5110 5109/5197/5107 5078/5196/5081
f 5066/5203/5085 5097/5204/5111 5096/5199/5108 5065/5198/5082
f 5053/5166/5086 5084/5205/5112 5083/5200/5109 5052/5163/5083
f 5080/5206/5087 5111/5207/5113 5110/5202/5110 5079/5201/5084
f 5067/5208/5088 5098/5209/5114 5097/5204/5111 5066/5203/5085
f 5054/5169/5089 5085/5210/5115 5084/5205/5112 5053/5166/5086
f 5081/5211/5090 5112/5212/5116 5111/5207/5113 5080/5206/5087
f 5068/5213/5061 5099/5214/5117 5098/5209/5114 5067/5208/5088
f 5055/5143/5063 5086/5215/5118 5085/5210/5115 5054/5169/5089
f 5082/5216/5064 5113/5217/5119 5112/5212/5116 5081/5211/5090
f 5069/5218/5060 5100/5219/5120 5099/5214/5117 5068/5213/5061
f 5056/5142/5062 5087/5220/5121 5086/5215/5118 5055/5143/5063
f 5051/3958/3892 5113/5217/5119 5082/5216/5064
f 5070/5174/5065 5101/5173/5092 5100/5219/5120 5069/5218/5060
f 5057/5146/5066 5088/5176/5094 5087/5220/5121 5056/5142/5062
f 5104/5181/5097 5135/5221/5122 5134/5222/5123 5103/5178/5095
f 5091/5182/5098 5122/5223/5124 5121/5224/5125 5090/5179/5096
f 5105/5184/5099 5136/5225/5126 5135/5221/5122 5104/5181/5097
f 5092/5185/5100 5123/5226/5127 5122/5223/5124 5091/5182/5098
f 5106/5187/5101 5137/5227/5128 5136/5225/5126 5105/5184/5099
f 5093/5188/5102 5124/5228/5129 5123/5226/5127 5092/5185/5100
f 5107/5190/5103 5138/5229/5130 5137/5227/5128 5106/5187/5101
f 5094/5191/5104 5125/5230/5131 5124/5228/5129 5093/5188/5102
f 5108/5193/5105 5139/5231/5132 5138/5229/5130 5107/5190/5103
f 5095/5195/5106 5126/5232/5133 5125/5230/5131 5094/5191/5104
f 5109/5197/5107 5140/5233/5134 5139/5231/5132 5108/5193/5105
f 5096/5199/5108 5127/5234/5135 5126/5232/5133 5095/5195/5106
f 5083/5200/5109 5114/5235/5136 5269/3933/3867
f 5110/5202/5110 5141/5236/5137 5140/5233/5134 5109/5197/5107
f 5097/5204/5111 5128/5237/5138 5127/5234/5135 5096/5199/5108
f 5084/5205/5112 5115/5238/5139 5114/5235/5136 5083/5200/5109
f 5111/5207/5113 5142/5239/5140 5141/5236/5137 5110/5202/5110
f 5098/5209/5114 5129/5240/5141 5128/5237/5138 5097/5204/5111
f 5085/5210/5115 5116/5241/5142 5115/5238/5139 5084/5205/5112
f 5112/5212/5116 5143/5242/5143 5142/5239/5140 5111/5207/5113
f 5099/5214/5117 5130/5243/5144 5129/5240/5141 5098/5209/5114
f 5086/5215/5118 5117/5244/5145 5116/5241/5142 5085/5210/5115
f 5113/5217/5119 5144/5245/5146 5143/5242/5143 5112/5212/5116
f 5100/5219/5120 5131/5246/5147 5130/5243/5144 5099/5214/5117
f 5087/5220/5121 5118/5247/5148 5117/5244/5145 5086/5215/5118
f 5051/3958/3892 5144/5245/5146 5113/5217/5119
f 5101/5173/5092 5132/5248/5149 5131/5246/5147 5100/5219/5120
f 5088/5176/5094 5119/5249/5150 5118/5247/5148 5087/5220/5121
f 5102/5172/5091 5133/5250/5151 5132/5248/5149 5101/5173/5092
f 5089/5175/5093 5120/5251/5152 5119/5249/5150 5088/5176/5094
f 5103/5178/5095 5134/5222/5123 5133/5250/5151 5102/5172/5091
f 5090/5179/5096 5121/5224/5125 5120/5251/5152 5089/5175/5093
f 5137/5227/5128 5168/5252/5153 5167/5253/5154 5136/5225/5126
f 5124/5228/5129 5155/5254/5155 5154/5255/5156 5123/5226/5127
f 5138/5229/5130 5169/5256/5157 5168/5252/5153 5137/5227/5128
f 5125/5230/5131 5156/5257/5158 5155/5254/5155 5124/5228/5129
f 5139/5231/5132 5170/5258/5159 5169/5256/5157 5138/5229/5130
f 5126/5232/5133 5157/5259/5160 5156/5257/5158 5125/5230/5131
f 5140/5233/5134 5171/5260/5161 5170/5258/5159 5139/5231/5132
f 5127/5234/5135 5158/5261/5162 5157/5259/5160 5126/5232/5133
f 5114/5235/5136 5145/5262/5163 5269/3933/3867
f 5141/5236/5137 5172/5263/5164 5171/5260/5161 5140/5233/5134
f 5128/5237/5138 5159/5264/5165 5158/5261/5162 5127/5234/5135
f 5115/5238/5139 5146/5265/5166 5145/5262/5163 5114/5235/5136
f 5142/5239/5140 5173/5266/5167 5172/5263/5164 5141/5236/5137
f 5129/5240/5141 5160/5267/5168 5159/5264/5165 5128/5237/5138
f 5116/5241/5142 5147/5268/5169 5146/5265/5166 5115/5238/5139
f 5143/5242/5143 5174/5269/5170 5173/5266/5167 5142/5239/5140
f 5130/5243/5144 5161/5270/5171 5160/5267/5168 5129/5240/5141
f 5117/5244/5145 5148/5271/5172 5147/5268/5169 5116/5241/5142
f 5144/5245/5146 5175/5272/5173 5174/5269/5170 5143/5242/5143
f 5131/5246/5147 5162/5273/5174 5161/5270/5171 5130/5243/5144
f 5118/5247/5148 5149/5274/5175 5148/5271/5172 5117/5244/5145
f 5051/3958/3892 5175/5272/5173 5144/5245/5146
f 5132/5248/5149 5163/5275/5176 5162/5273/5174 5131/5246/5147
f 5119/5249/5150 5150/5276/5177 5149/5274/5175 5118/5247/5148
f 5133/5250/5151 5164/5277/5178 5163/5275/5176 5132/5248/5149
f 5120/5251/5152 5151/5278/5179 5150/5276/5177 5119/5249/5150
f 5134/5222/5123 5165/5279/5180 5164/5277/5178 5133/5250/5151
f 5121/5224/5125 5152/5280/5181 5151/5278/5179 5120/5251/5152
f 5135/5221/5122 5166/5281/5182 5165/5279/5180 5134/5222/5123
f 5122/5223/5124 5153/5282/5183 5152/5280/5181 5121/5224/5125
f 5136/5225/5126 5167/5253/5154 5166/5281/5182 5135/5221/5122
f 5123/5226/5127 5154/5255/5156 5153/5282/5183 5122/5223/5124
f 5170/5258/5159 5201/5283/5184 5200/5284/5185 5169/5256/5157
f 5157/5259/5160 5188/5285/5186 5187/5286/5187 5156/5257/5158
f 5171/5260/5161 5202/5287/5188 5201/5283/5184 5170/5258/5159
f 5158/5261/5162 5189/5288/5189 5188/5285/5186 5157/5259/5160
f 5145/5262/5163 5176/5289/5190 5269/3933/3867
f 5172/5263/5164 5203/5290/5191 5202/5287/5188 5171/5260/5161
f 5159/5264/5165 5190/5291/5192 5189/5288/5189 5158/5261/5162
f 5146/5265/5166 5177/5292/5193 5176/5289/5190 5145/5262/5163
f 5173/5266/5167 5204/5293/5194 5203/5290/5191 5172/5263/5164
f 5160/5267/5168 5191/5294/5195 5190/5291/5192 5159/5264/5165
f 5147/5268/5169 5178/5295/5196 5177/5292/5193 5146/5265/5166
f 5174/5269/5170 5205/5296/5197 5204/5293/5194 5173/5266/5167
f 5161/5270/5171 5192/5297/5198 5191/5294/5195 5160/5267/5168
f 5148/5271/5172 5179/5298/5199 5178/5295/5196 5147/5268/5169
f 5175/5272/5173 5206/5299/5200 5205/5296/5197 5174/5269/5170
f 5162/5273/5174 5193/5300/5201 5192/5297/5198 5161/5270/5171
f 5149/5274/5175 5180/5301/5202 5179/5298/5199 5148/5271/5172
f 5051/3958/3892 5206/5299/5200 5175/5272/5173
f 5163/5275/5176 5194/5302/5203 5193/5300/5201 5162/5273/5174
f 5150/5276/5177 5181/5303/5204 5180/5301/5202 5149/5274/5175
f 5164/5277/5178 5195/5304/5205 5194/5302/5203 5163/5275/5176
f 5151/5278/5179 5182/5305/5206 5181/5303/5204 5150/5276/5177
f 5165/5279/5180 5196/5306/5207 5195/5304/5205 5164/5277/5178
f 5152/5280/5181 5183/5307/5208 5182/5305/5206 5151/5278/5179
f 5166/5281/5182 5197/5308/5209 5196/5306/5207 5165/5279/5180
f 5153/5282/5183 5184/5309/5210 5183/5307/5208 5152/5280/5181
f 5167/5253/5154 5198/5310/5211 5197/5308/5209 5166/5281/5182
f 5154/5255/5156 5185/5311/5212 5184/5309/5210 5153/5282/5183
f 5168/5252/5153 5199/5312/5213 5198/5310/5211 5167/5253/5154
f 5155/5254/5155 5186/5313/5214 5185/5311/5212 5154/5255/5156
f 5169/5256/5157 5200/5284/5185 5199/5312/5213 5168/5252/5153
f 5156/5257/5158 5187/5286/5187 5186/5313/5214 5155/5254/5155
f 5176/5289/5190 5207/5314/5215 5269/3933/3867
f 5203/5290/5191 5234/5315/5216 5233/5316/5217 5202/5287/5188
f 5190/5291/5192 5221/5317/5218 5220/5318/5219 5189/5288/5189
f 5177/5292/5193 5208/5319/5220 5207/5314/5215 5176/5289/5190
f 5204/5293/5194 5235/5320/5221 5234/5315/5216 5203/5290/5191
f 5191/5294/5195 5222/5321/5222 5221/5317/5218 5190/5291/5192
f 5178/5295/5196 5209/5322/5223 5208/5319/5220 5177/5292/5193
f 5205/5296/5197 5236/5323/5224 5235/5320/5221 5204/5293/5194
f 5192/5297/5198 5223/5324/5225 5222/5321/5222 5191/5294/5195
f 5179/5298/5199 5210/5325/5226 5209/5322/5223 5178/5295/5196
f 5206/5299/5200 5237/5326/5227 5236/5323/5224 5205/5296/5197
f 5193/5300/5201 5224/5327/5228 5223/5324/5225 5192/5297/5198
f 5180/5301/5202 5211/5328/5229 5210/5325/5226 5179/5298/5199
f 5051/3958/3892 5237/5326/5227 5206/5299/5200
f 5194/5302/5203 5225/5329/5230 5224/5327/5228 5193/5300/5201
f 5181/5303/5204 5212/5330/5231 5211/5328/5229 5180/5301/5202
f 5195/5304/5205 5226/5331/5232 5225/5329/5230 5194/5302/5203
f 5182/5305/5206 5213/5332/5233 5212/5330/5231 5181/5303/5204
f 5196/5306/5207 5227/5333/5234 5226/5331/5232 5195/5304/5205
f 5183/5307/5208 5214/5334/5235 5213/5332/5233 5182/5305/5206
f 5197/5308/5209 5228/5335/5236 5227/5333/5234 5196/5306/5207
f 5184/5309/5210 5215/5336/5237 5214/5334/5235 5183/5307/5208
f 5198/5310/5211 5229/5337/5238 5228/5335/5236 5197/5308/5209
f 5185/5311/5212 5216/5338/5239 5215/5336/5237 5184/5309/5210
f 5199/5312/5213 5230/5339/5240 5229/5337/5238 5198/5310/5211
f 5186/5313/5214 5217/5340/5241 5216/5338/5239 5185/5311/5212
f 5200/5284/5185 5231/5341/5242 5230/5339/5240 5199/5312/5213
f 5187/5286/5187 5218/5342/5243 5217/5340/5241 5186/5313/5214
f 5201/5283/5184 5232/5343/5244 5231/5341/5242 5200/5284/5185
f 5188/5285/5186 5219/5344/5245 5218/5342/5243 5187/5286/5187
f 5202/5287/5188 5233/5316/5217 5232/5343/5244 5201/5283/5184
f 5189/5288/5189 5220/5318/5219 5219/5344/5245 5188/5285/5186
f 5209/5322/5223 5240/5345/5246 5239/5346/5247 5208/5319/5220
f 5236/5323/5224 5267/5347/5248 5266/5348/5249 5235/5320/5221
f 5223/5324/5225 5254/5349/5250 5253/5350/5251 5222/5321/5222
f 5210/5325/5226 5241/5351/5252 5240/5345/5246 5209/5322/5223
f 5237/5326/5227 5268/5352/5253 5267/5347/5248 5236/5323/5224
f 5224/5327/5228 5255/5353/5254 5254/5349/5250 5223/5324/5225
f 5211/5328/5229 5242/5354/5255 5241/5351/5252 5210/5325/5226
f 5051/3958/3892 5268/5352/5253 5237/5326/5227
f 5225/5329/5230 5256/5355/5256 5255/5353/5254 5224/5327/5228
f 5212/5330/5231 5243/5356/5257 5242/5354/5255 5211/5328/5229
f 5226/5331/5232 5257/5357/5258 5256/5355/5256 5225/5329/5230
f 5213/5332/5233 5244/5358/5259 5243/5356/5257 5212/5330/5231
f 5227/5333/5234 5258/5359/5260 5257/5357/5258 5226/5331/5232
f 5214/5334/5235 5245/5360/5261 5244/5358/5259 5213/5332/5233
f 5228/5335/5236 5259/5361/5262 5258/5359/5260 5227/5333/5234
f 5215/5336/5237 5246/5362/5263 5245/5360/5261 5214/5334/5235
f 5229/5337/5238 5260/5363/5264 5259/5361/5262 5228/5335/5236
f 5216/5338/5239 5247/5364/5265 5246/5362/5263 5215/5336/5237
f 5230/5339/5240 5261/5365/5266 5260/5363/5264 5229/5337/5238
f 5217/5340/5241 5248/5366/5267 5247/5364/5265 5216/5338/5239
f 5231/5341/5242 5262/5367/5268 5261/5365/5266 5230/5339/5240
f 5218/5342/5243 5249/5368/5269 5248/5366/5267 5217/5340/5241
f 5232/5343/5244 5263/5369/5270 5262/5367/5268 5231/5341/5242
f 5219/5344/5245 5250/5370/5271 5249/5368/5269 5218/5342/5243
f 5233/5316/5217 5264/5371/5272 5263/5369/5270 5232/5343/5244
f 5220/5318/5219 5251/5372/5273 5250/5370/5271 5219/5344/5245
f 5207/5314/5215 5238/5373/5274 5269/3933/3867
f 5234/5315/5216 5265/5374/5275 5264/5371/5272 5233/5316/5217
f 5221/5317/5218 5252/5375/5276 5251/5372/5273 5220/5318/5219
f 5208/5319/5220 5239/5346/5247 5238/5373/5274 5207/5314/5215
f 5235/5320/5221 5266/5348/5249 5265/5374/5275 5234/5315/5216
f 5222/5321/5222 5253/5350/5251 5252/5375/5276 5221/5317/5218
f 5242/5354/5255 5274/5376/5277 5273/5377/5278 5241/5351/5252
f 5051/3958/3892 5300/5378/5279 5268/5352/5253
f 5256/5355/5256 5288/5379/5280 5287/5380/5281 5255/5353/5254
f 5243/5356/5257 5275/5381/5282 5274/5376/5277 5242/5354/5255
f 5257/5357/5258 5289/5382/5283 5288/5379/5280 5256/5355/5256
f 5244/5358/5259 5276/5383/5284 5275/5381/5282 5243/5356/5257
f 5258/5359/5260 5290/5384/5285 5289/5382/5283 5257/5357/5258
f 5245/5360/5261 5277/5385/5286 5276/5383/5284 5244/5358/5259
f 5259/5361/5262 5291/5386/5287 5290/5384/5285 5258/5359/5260
f 5246/5362/5263 5278/5387/5288 5277/5385/5286 5245/5360/5261
f 5260/5363/5264 5292/5388/5289 5291/5386/5287 5259/5361/5262
f 5247/5364/5265 5279/5389/5290 5278/5387/5288 5246/5362/5263
f 5261/5365/5266 5293/5390/5291 5292/5388/5289 5260/5363/5264
f 5248/5366/5267 5280/5391/5292 5279/5389/5290 5247/5364/5265
f 5262/5367/5268 5294/5392/5293 5293/5390/5291 5261/5365/5266
f 5249/5368/5269 5281/5393/5294 5280/5391/5292 5248/5366/5267
f 5263/5369/5270 5295/5394/5295 5294/5392/5293 5262/5367/5268
f 5250/5370/5271 5282/5395/5296 5281/5393/5294 5249/5368/5269
f 5264/5371/5272 5296/5396/5297 5295/5394/5295 5263/5369/5270
f 5251/5372/5273 5283/5397/5298 5282/5395/5296 5250/5370/5271
f 5238/5373/5274 5270/5398/5299 5269/3933/3867
f 5265/5374/5275 5297/5399/5300 5296/5396/5297 5264/5371/5272
f 5252/5375/5276 5284/5400/5301 5283/5397/5298 5251/5372/5273
f 5239/5346/5247 5271/5401/5302 5270/5398/5299 5238/5373/5274
f 5266/5348/5249 5298/5402/5303 5297/5399/5300 5265/5374/5275
f 5253/5350/5251 5285/5403/5304 5284/5400/5301 5252/5375/5276
f 5240/5345/5246 5272/5404/5305 5271/5401/5302 5239/5346/5247
f 5267/5347/5248 5299/5405/5306 5298/5402/5303 5266/5348/5249
f 5254/5349/5250 5286/5406/5307 5285/5403/5304 5253/5350/5251
f 5241/5351/5252 5273/5377/5278 5272/5404/5305 5240/5345/5246
f 5268/5352/5253 5300/5378/5279 5299/5405/5306 5267/5347/5248
f 5255/5353/5254 5287/5380/5281 5286/5406/5307 5254/5349/5250
f 5276/5383/5284 5307/5407/5308 5306/5408/5309 5275/5381/5282
f 5290/5384/5285 5321/5409/5310 5320/5410/5311 5289/5382/5283
f 5277/5385/5286 5308/5411/5312 5307/5407/5308 5276/5383/5284
f 5291/5386/5287 5322/5412/5313 5321/5409/5310 5290/5384/5285
f 5278/5387/5288 5309/5413/5314 5308/5411/5312 5277/5385/5286
f 5292/5388/5289 5323/5414/5315 5322/5412/5313 5291/5386/5287
f 5279/5389/5290 5310/5415/5316 5309/5413/5314 5278/5387/5288
f 5293/5390/5291 5324/5416/5317 5323/5414/5315 5292/5388/5289
f 5280/5391/5292 5311/5417/5318 5310/5415/5316 5279/5389/5290
f 5294/5392/5293 5325/5418/5319 5324/5416/5317 5293/5390/5291
f 5281/5393/5294 5312/5419/5320 5311/5417/5318 5280/5391/5292
f 5295/5394/5295 5326/5420/5321 5325/5418/5319 5294/5392/5293
f 5282/5395/5296 5313/5421/5322 5312/5419/5320 5281/5393/5294
f 5296/5396/5297 5327/5422/5323 5326/5420/5321 5295/5394/5295
f 5283/5397/5298 5314/5423/5324 5313/5421/5322 5282/5395/5296
f 5270/5398/5299 5301/5424/5325 5269/3933/3867
f 5297/5399/5300 5328/5425/5326 5327/5422/5323 5296/5396/5297
f 5284/5400/5301 5315/5426/5327 5314/5423/5324 5283/5397/5298
f 5271/5401/5302 5302/5427/5328 5301/5424/5325 5270/5398/5299
f 5298/5402/5303 5329/5428/5329 5328/5425/5326 5297/5399/5300
f 5285/5403/5304 5316/5429/5330 5315/5426/5327 5284/5400/5301
f 5272/5404/5305 5303/5430/5331 5302/5427/5328 5271/5401/5302
f 5299/5405/5306 5330/5431/5332 5329/5428/5329 5298/5402/5303
f 5286/5406/5307 5317/5432/5333 5316/5429/5330 5285/5403/5304
f 5273/5377/5278 5304/5433/5334 5303/5430/5331 5272/5404/5305
f 5300/5378/5279 5331/5434/5335 5330/5431/5332 5299/5405/5306
f 5287/5380/5281 5318/5435/5336 5317/5432/5333 5286/5406/5307
f 5274/5376/5277 5305/5436/5337 5304/5433/5334 5273/5377/5278
f 5051/3958/3892 5331/5434/5335 5300/5378/5279
f 5288/5379/5280 5319/5437/5338 5318/5435/5336 5287/5380/5281
f 5275/5381/5282 5306/5408/5309 5305/5436/5337 5274/5376/5277
f 5289/5382/5283 5320/5410/5311 5319/5437/5338 5288/5379/5280
f 5309/5413/5314 5340/5438/5339 5339/5439/5340 5308/5411/5312
f 5323/5414/5315 5354/5440/5341 5353/5441/5342 5322/5412/5313
f 5310/5415/5316 5341/5442/5343 5340/5438/5339 5309/5413/5314
f 5324/5416/5317 5355/5443/5344 5354/5440/5341 5323/5414/5315
f 5311/5417/5318 5342/5444/5345 5341/5442/5343 5310/5415/5316
f 5325/5418/5319 5356/5445/5346 5355/5443/5344 5324/5416/5317
f 5312/5419/5320 5343/5446/5347 5342/5444/5345 5311/5417/5318
f 5326/5420/5321 5357/5447/5348 5356/5445/5346 5325/5418/5319
f 5313/5421/5322 5344/5448/5349 5343/5446/5347 5312/5419/5320
f 5327/5422/5323 5358/5449/5350 5357/5447/5348 5326/5420/5321
f 5314/5423/5324 5345/5450/5351 5344/5448/5349 5313/5421/5322
f 5301/5424/5325 5332/5451/5352 5269/3933/3867
f 5328/5425/5326 5359/5452/5353 5358/5449/5350 5327/5422/5323
f 5315/5426/5327 5346/5453/5354 5345/5450/5351 5314/5423/5324
f 5302/5427/5328 5333/5454/5355 5332/5451/5352 5301/5424/5325
f 5329/5428/5329 5360/5455/5356 5359/5452/5353 5328/5425/5326
f 5316/5429/5330 5347/5456/5357 5346/5453/5354 5315/5426/5327
f 5303/5430/5331 5334/5457/5358 5333/5454/5355 5302/5427/5328
f 5330/5431/5332 5361/5458/5359 5360/5455/5356 5329/5428/5329
f 5317/5432/5333 5348/5459/5360 5347/5456/5357 5316/5429/5330
f 5304/5433/5334 5335/5460/5361 5334/5457/5358 5303/5430/5331
f 5331/5434/5335 5362/5461/5362 5361/5458/5359 5330/5431/5332
f 5318/5435/5336 5349/5462/5363 5348/5459/5360 5317/5432/5333
f 5305/5436/5337 5336/5463/5364 5335/5460/5361 5304/5433/5334
f 5051/3958/3892 5362/5461/5362 5331/5434/5335
f 5319/5437/5338 5350/5464/5365 5349/5462/5363 5318/5435/5336
f 5306/5408/5309 5337/5465/5366 5336/5463/5364 5305/5436/5337
f 5320/5410/5311 5351/5466/5367 5350/5464/5365 5319/5437/5338
f 5307/5407/5308 5338/5467/5368 5337/5465/5366 5306/5408/5309
f 5321/5409/5310 5352/5468/5369 5351/5466/5367 5320/5410/5311
f 5308/5411/5312 5339/5439/5340 5338/5467/5368 5307/5407/5308
f 5322/5412/5313 5353/5441/5342 5352/5468/5369 5321/5409/5310
f 5342/5444/5345 5373/5469/5370 5372/5470/5371 5341/5442/5343
f 5356/5445/5346 5387/5471/5372 5386/5472/5373 5355/5443/5344
f 5343/5446/5347 5374/5473/5374 5373/5469/5370 5342/5444/5345
f 5357/5447/5348 5388/5474/5375 5387/5471/5372 5356/5445/5346
f 5344/5448/5349 5375/5475/5376 5374/5473/5374 5343/5446/5347
f 5358/5449/5350 5389/5476/5377 5388/5474/5375 5357/5447/5348
f 5345/5450/5351 5376/5477/5378 5375/5475/5376 5344/5448/5349
f 5332/5451/5352 5363/5478/5379 5269/3933/3867
f 5359/5452/5353 5390/5479/5380 5389/5476/5377 5358/5449/5350
f 5346/5453/5354 5377/5480/5381 5376/5477/5378 5345/5450/5351
f 5333/5454/5355 5364/5481/5382 5363/5478/5379 5332/5451/5352
f 5360/5455/5356 5391/5482/5383 5390/5479/5380 5359/5452/5353
f 5347/5456/5357 5378/5483/5384 5377/5480/5381 5346/5453/5354
f 5334/5457/5358 5365/5484/5385 5364/5481/5382 5333/5454/5355
f 5361/5458/5359 5392/5485/5386 5391/5482/5383 5360/5455/5356
f 5348/5459/5360 5379/5486/5387 5378/5483/5384 5347/5456/5357
f 5335/5460/5361 5366/5487/5388 5365/5484/5385 5334/5457/5358
f 5362/5461/5362 5393/5488/5389 5392/5485/5386 5361/5458/5359
f 5349/5462/5363 5380/5489/5390 5379/5486/5387 5348/5459/5360
f 5336/5463/5364 5367/5490/5391 5366/5487/5388 5335/5460/5361
f 5051/3958/3892 5393/5488/5389 5362/5461/5362
f 5350/5464/5365 5381/5491/5392 5380/5489/5390 5349/5462/5363
f 5337/5465/5366 5368/5492/5393 5367/5490/5391 5336/5463/5364
f 5351/5466/5367 5382/5493/5394 5381/5491/5392 5350/5464/5365
f 5338/5467/5368 5369/5494/5395 5368/5492/5393 5337/5465/5366
f 5352/5468/5369 5383/5495/5396 5382/5493/5394 5351/5466/5367
f 5339/5439/5340 5370/5496/5397 5369/5494/5395 5338/5467/5368
f 5353/5441/5342 5384/5497/5398 5383/5495/5396 5352/5468/5369
f 5340/5438/5339 5371/5498/5399 5370/5496/5397 5339/5439/5340
f 5354/5440/5341 5385/5499/5400 5384/5497/5398 5353/5441/5342
f 5341/5442/5343 5372/5470/5371 5371/5498/5399 5340/5438/5339
f 5355/5443/5344 5386/5472/5373 5385/5499/5400 5354/5440/5341
f 5375/5475/5376 5406/5500/5401 5405/5501/5402 5374/5473/5374
f 5389/5476/5377 5420/5502/5403 5419/5503/5404 5388/5474/5375
f 5376/5477/5378 5407/5504/5405 5406/5500/5401 5375/5475/5376
f 5363/5478/5379 5394/5505/5406 5269/3933/3867
f 5390/5479/5380 5421/5506/5407 5420/5502/5403 5389/5476/5377
f 5377/5480/5381 5408/5507/5408 5407/5504/5405 5376/5477/5378
f 5364/5481/5382 5395/5508/5409 5394/5505/5406 5363/5478/5379
f 5391/5482/5383 5422/5509/5410 5421/5506/5407 5390/5479/5380
f 5378/5483/5384 5409/5510/5411 5408/5507/5408 5377/5480/5381
f 5365/5484/5385 5396/5511/5412 5395/5508/5409 5364/5481/5382
f 5392/5485/5386 5423/5512/5413 5422/5509/5410 5391/5482/5383
f 5379/5486/5387 5410/5513/5414 5409/5510/5411 5378/5483/5384
f 5366/5487/5388 5397/5514/5415 5396/5511/5412 5365/5484/5385
f 5393/5488/5389 5424/5515/5416 5423/5512/5413 5392/5485/5386
f 5380/5489/5390 5411/5516/5417 5410/5513/5414 5379/5486/5387
f 5367/5490/5391 5398/5517/5418 5397/5514/5415 5366/5487/5388
f 5051/3958/3892 5424/5515/5416 5393/5488/5389
f 5381/5491/5392 5412/5518/5419 5411/5516/5417 5380/5489/5390
f 5368/5492/5393 5399/5519/5420 5398/5517/5418 5367/5490/5391
f 5382/5493/5394 5413/5520/5421 5412/5518/5419 5381/5491/5392
f 5369/5494/5395 5400/5521/5422 5399/5519/5420 5368/5492/5393
f 5383/5495/5396 5414/5522/5423 5413/5520/5421 5382/5493/5394
f 5370/5496/5397 5401/5523/5424 5400/5521/5422 5369/5494/5395
f 5384/5497/5398 5415/5524/5425 5414/5522/5423 5383/5495/5396
f 5371/5498/5399 5402/5525/5426 5401/5523/5424 5370/5496/5397
f 5385/5499/5400 5416/5526/5427 5415/5524/5425 5384/5497/5398
f 5372/5470/5371 5403/5527/5428 5402/5525/5426 5371/5498/5399
f 5386/5472/5373 5417/5528/5429 5416/5526/5427 5385/5499/5400
f 5373/5469/5370 5404/5529/5430 5403/5527/5428 5372/5470/5371
f 5387/5471/5372 5418/5530/5431 5417/5528/5429 5386/5472/5373
f 5374/5473/5374 5405/5501/5402 5404/5529/5430 5373/5469/5370
f 5388/5474/5375 5419/5503/5404 5418/5530/5431 5387/5471/5372
f 5408/5507/5408 5439/5531/5432 5438/5532/5433 5407/5504/5405
f 5395/5508/5409 5426/5533/5434 5425/5534/5435 5394/5505/5406
f 5422/5509/5410 5453/5535/5436 5452/5536/5437 5421/5506/5407
f 5409/5510/5411 5440/5537/5438 5439/5531/5432 5408/5507/5408
f 5396/5511/5412 5427/5538/5439 5426/5533/5434 5395/5508/5409
f 5423/5512/5413 5454/5539/5440 5453/5535/5436 5422/5509/5410
f 5410/5513/5414 5441/5540/5441 5440/5537/5438 5409/5510/5411
f 5397/5514/5415 5428/5541/5442 5427/5538/5439 5396/5511/5412
f 5424/5515/5416 5455/5542/5443 5454/5539/5440 5423/5512/5413
f 5411/5516/5417 5442/5543/5444 5441/5540/5441 5410/5513/5414
f 5398/5517/5418 5429/5544/5445 5428/5541/5442 5397/5514/5415
f 5051/3958/3892 5455/5542/5443 5424/5515/5416
f 5412/5518/5419 5443/5545/5446 5442/5543/5444 5411/5516/5417
f 5399/5519/5420 5430/5546/5447 5429/5544/5445 5398/5517/5418
f 5413/5520/5421 5444/5547/5448 5443/5545/5446 5412/5518/5419
f 5400/5521/5422 5431/5548/5449 5430/5546/5447 5399/5519/5420
f 5414/5522/5423 5445/5549/5450 5444/5547/5448 5413/5520/5421
f 5401/5523/5424 5432/5550/5451 5431/5548/5449 5400/5521/5422
f 5415/5524/5425 5446/5551/5452 5445/5549/5450 5414/5522/5423
f 5402/5525/5426 5433/5552/5453 5432/5550/5451 5401/5523/5424
f 5416/5526/5427 5447/5553/5454 5446/5551/5452 5415/5524/5425
f 5403/5527/5428 5434/5554/5455 5433/5552/5453 5402/5525/5426
f 5417/5528/5429 5448/5555/5456 5447/5553/5454 5416/5526/5427
f 5404/5529/5430 5435/5556/5457 5434/5554/5455 5403/5527/5428
f 5418/5530/5431 5449/5557/5458 5448/5555/5456 5417/5528/5429
f 5405/5501/5402 5436/5558/5459 5435/5556/5457 5404/5529/5430
f 5419/5503/5404 5450/5559/5460 5449/5557/5458 5418/5530/5431
f 5406/5500/5401 5437/5560/5461 5436/5558/5459 5405/5501/5402
f 5420/5502/5403 5451/5561/5462 5450/5559/5460 5419/5503/5404
f 5407/5504/5405 5438/5532/5433 5437/5560/5461 5406/5500/5401
f 5394/5505/5406 5425/5534/5435 5269/3933/3867
f 5421/5506/5407 5452/5536/5437 5451/5561/5462 5420/5502/5403
f 5432/5550/5451 5463/5562/5463 5462/5563/5464 5431/5548/5449
f 5446/5551/5452 5477/5564/5465 5476/5565/5466 5445/5549/5450
f 5433/5552/5453 5464/5566/5467 5463/5562/5463 5432/5550/5451
f 5447/5553/5454 5478/5567/5468 5477/5564/5465 5446/5551/5452
f 5434/5554/5455 5465/5568/5469 5464/5566/5467 5433/5552/5453
f 5448/5555/5456 5479/5569/5470 5478/5567/5468 5447/5553/5454
f 5435/5556/5457 5466/5570/5471 5465/5568/5469 5434/5554/5455
f 5449/5557/5458 5480/5571/5472 5479/5569/5470 5448/5555/5456
f 5436/5558/5459 5467/5572/5473 5466/5570/5471 5435/5556/5457
f 5450/5559/5460 5481/5573/5474 5480/5571/5472 5449/5557/5458
f 5437/5560/5461 5468/5574/5475 5467/5572/5473 5436/5558/5459
f 5451/5561/5462 5482/5575/5476 5481/5573/5474 5450/5559/5460
f 5438/5532/5433 5469/5576/5477 5468/5574/5475 5437/5560/5461
f 5425/5534/5435 5456/5577/5478 5269/3933/3867
f 5452/5536/5437 5483/5578/5479 5482/5575/5476 5451/5561/5462
f 5439/5531/5432 5470/5579/5480 5469/5576/5477 5438/5532/5433
f 5426/5533/5434 5457/5580/5481 5456/5577/5478 5425/5534/5435
f 5453/5535/5436 5484/5581/5482 5483/5578/5479 5452/5536/5437
f 5440/5537/5438 5471/5582/5483 5470/5579/5480 5439/5531/5432
f 5427/5538/5439 5458/5583/5484 5457/5580/5481 5426/5533/5434
f 5454/5539/5440 5485/5584/5485 5484/5581/5482 5453/5535/5436
f 5441/5540/5441 5472/5585/5486 5471/5582/5483 5440/5537/5438
f 5428/5541/5442 5459/5586/5487 5458/5583/5484 5427/5538/5439
f 5455/5542/5443 5486/5587/5488 5485/5584/5485 5454/5539/5440
f 5442/5543/5444 5473/5588/5489 5472/5585/5486 5441/5540/5441
f 5429/5544/5445 5460/5589/5490 5459/5586/5487 5428/5541/5442
f 5051/3958/3892 5486/5587/5488 5455/5542/5443
f 5443/5545/5446 5474/5590/5491 5473/5588/5489 5442/5543/5444
f 5430/5546/5447 5461/5591/5492 5460/5589/5490 5429/5544/5445
f 5444/5547/5448 5475/5592/5493 5474/5590/5491 5443/5545/5446
f 5431/5548/5449 5462/5563/5464 5461/5591/5492 5430/5546/5447
f 5445/5549/5450 5476/5565/5466 5475/5592/5493 5444/5547/5448
f 5465/5568/5469 5496/5593/5494 5495/5594/5495 5464/5566/5467
f 5479/5569/5470 5510/5595/5496 5509/5596/5497 5478/5567/5468
f 5466/5570/5471 5497/5597/5498 5496/5593/5494 5465/5568/5469
f 5480/5571/5472 5511/5598/5499 5510/5595/5496 5479/5569/5470
f 5467/5572/5473 5498/5599/5500 5497/5597/5498 5466/5570/5471
f 5481/5573/5474 5512/5600/5501 5511/5598/5499 5480/5571/5472
f 5468/5574/5475 5499/5601/5502 5498/5599/5500 5467/5572/5473
f 5482/5575/5476 5513/5602/5503 5512/5600/5501 5481/5573/5474
f 5469/5576/5477 5500/5603/5504 5499/5601/5502 5468/5574/5475
f 5456/5577/5478 5487/5604/5505 5269/3933/3867
f 5483/5578/5479 5514/5605/5506 5513/5602/5503 5482/5575/5476
f 5470/5579/5480 5501/5606/5507 5500/5603/5504 5469/5576/5477
f 5457/5580/5481 5488/5607/5508 5487/5604/5505 5456/5577/5478
f 5484/5581/5482 5515/5608/5509 5514/5605/5506 5483/5578/5479
f 5471/5582/5483 5502/5609/5510 5501/5606/5507 5470/5579/5480
f 5458/5583/5484 5489/5610/5511 5488/5607/5508 5457/5580/5481
f 5485/5584/5485 5516/5611/5512 5515/5608/5509 5484/5581/5482
f 5472/5585/5486 5503/5612/5513 5502/5609/5510 5471/5582/5483
f 5459/5586/5487 5490/5613/5514 5489/5610/5511 5458/5583/5484
f 5486/5587/5488 5517/5614/5515 5516/5611/5512 5485/5584/5485
f 5473/5588/5489 5504/5615/5516 5503/5612/5513 5472/5585/5486
f 5460/5589/5490 5491/5616/5517 5490/5613/5514 5459/5586/5487
f 5051/3958/3892 5517/5614/5515 5486/5587/5488
f 5474/5590/5491 5505/5617/5518 5504/5615/5516 5473/5588/5489
f 5461/5591/5492 5492/5618/5519 5491/5616/5517 5460/5589/5490
f 5475/5592/5493 5506/5619/5520 5505/5617/5518 5474/5590/5491
f 5462/5563/5464 5493/5620/5521 5492/5618/5519 5461/5591/5492
f 5476/5565/5466 5507/5621/5522 5506/5619/5520 5475/5592/5493
f 5463/5562/5463 5494/5622/5523 5493/5620/5521 5462/5563/5464
f 5477/5564/5465 5508/5623/5524 5507/5621/5522 5476/5565/5466
f 5464/5566/5467 5495/5594/5495 5494/5622/5523 5463/5562/5463
f 5478/5567/5468 5509/5596/5497 5508/5623/5524 5477/5564/5465
f 5498/5599/5500 5529/5624/5525 5528/5625/5526 5497/5597/5498
f 5512/5600/5501 5543/5626/5527 5542/5627/5528 5511/5598/5499
f 5499/5601/5502 5530/5628/5529 5529/5624/5525 5498/5599/5500
f 5513/5602/5503 5544/5629/5530 5543/5626/5527 5512/5600/5501
f 5500/5603/5504 5531/5630/5531 5530/5628/5529 5499/5601/5502
f 5487/5604/5505 5518/5631/5532 5269/3933/3867
f 5514/5605/5506 5545/5632/5533 5544/5629/5530 5513/5602/5503
f 5501/5606/5507 5532/5633/5534 5531/5630/5531 5500/5603/5504
f 5488/5607/5508 5519/5634/5535 5518/5631/5532 5487/5604/5505
f 5515/5608/5509 5546/5635/5536 5545/5632/5533 5514/5605/5506
f 5502/5609/5510 5533/5636/5537 5532/5633/5534 5501/5606/5507
f 5489/5610/5511 5520/5637/5538 5519/5634/5535 5488/5607/5508
f 5516/5611/5512 5547/5638/5539 5546/5635/5536 5515/5608/5509
f 5503/5612/5513 5534/5639/5540 5533/5636/5537 5502/5609/5510
f 5490/5613/5514 5521/5640/5541 5520/5637/5538 5489/5610/5511
f 5517/5614/5515 5548/5641/5542 5547/5638/5539 5516/5611/5512
f 5504/5615/5516 5535/5642/5543 5534/5639/5540 5503/5612/5513
f 5491/5616/5517 5522/5643/5544 5521/5640/5541 5490/5613/5514
f 5051/3958/3892 5548/5641/5542 5517/5614/5515
f 5505/5617/5518 5536/5644/5545 5535/5642/5543 5504/5615/5516
f 5492/5618/5519 5523/5645/5546 5522/5643/5544 5491/5616/5517
f 5506/5619/5520 5537/5646/5547 5536/5644/5545 5505/5617/5518
f 5493/5620/5521 5524/5647/5548 5523/5645/5546 5492/5618/5519
f 5507/5621/5522 5538/5648/5549 5537/5646/5547 5506/5619/5520
f 5494/5622/5523 5525/5649/5550 5524/5647/5548 5493/5620/5521
f 5508/5623/5524 5539/5650/5551 5538/5648/5549 5507/5621/5522
f 5495/5594/5495 5526/5651/5552 5525/5649/5550 5494/5622/5523
f 5509/5596/5497 5540/5652/5553 5539/5650/5551 5508/5623/5524
f 5496/5593/5494 5527/5653/5554 5526/5651/5552 5495/5594/5495
f 5510/5595/5496 5541/5654/5555 5540/5652/5553 5509/5596/5497
f 5497/5597/5498 5528/5625/5526 5527/5653/5554 5496/5593/5494
f 5511/5598/5499 5542/5627/5528 5541/5654/5555 5510/5595/5496
f 5531/5630/5531 5562/5655/5556 5561/5656/5557 5530/5628/5529
f 5518/5631/5532 5549/5657/5558 5269/3933/3867
f 5545/5632/5533 5576/5658/5559 5575/5659/5560 5544/5629/5530
f 5532/5633/5534 5563/5660/5561 5562/5655/5556 5531/5630/5531
f 5519/5634/5535 5550/5661/5562 5549/5657/5558 5518/5631/5532
f 5546/5635/5536 5577/5662/5563 5576/5658/5559 5545/5632/5533
f 5533/5636/5537 5564/5663/5564 5563/5660/5561 5532/5633/5534
f 5520/5637/5538 5551/5664/5565 5550/5661/5562 5519/5634/5535
f 5547/5638/5539 5578/5665/5566 5577/5662/5563 5546/5635/5536
f 5534/5639/5540 5565/5666/5567 5564/5663/5564 5533/5636/5537
f 5521/5640/5541 5552/5667/5568 5551/5664/5565 5520/5637/5538
f 5548/5641/5542 5579/5668/5569 5578/5665/5566 5547/5638/5539
f 5535/5642/5543 5566/5669/5570 5565/5666/5567 5534/5639/5540
f 5522/5643/5544 5553/5670/5571 5552/5667/5568 5521/5640/5541
f 5051/3958/3892 5579/5668/5569 5548/5641/5542
f 5536/5644/5545 5567/5671/5572 5566/5669/5570 5535/5642/5543
f 5523/5645/5546 5554/5672/5573 5553/5670/5571 5522/5643/5544
f 5537/5646/5547 5568/5673/5574 5567/5671/5572 5536/5644/5545
f 5524/5647/5548 5555/5674/5575 5554/5672/5573 5523/5645/5546
f 5538/5648/5549 5569/5675/5576 5568/5673/5574 5537/5646/5547
f 5525/5649/5550 5556/5676/5577 5555/5674/5575 5524/5647/5548
f 5539/5650/5551 5570/5677/5578 5569/5675/5576 5538/5648/5549
f 5526/5651/5552 5557/5678/5579 5556/5676/5577 5525/5649/5550
f 5540/5652/5553 5571/5679/5580 5570/5677/5578 5539/5650/5551
f 5527/5653/5554 5558/5680/5581 5557/5678/5579 5526/5651/5552
f 5541/5654/5555 5572/5681/5582 5571/5679/5580 5540/5652/5553
f 5528/5625/5526 5559/5682/5583 5558/5680/5581 5527/5653/5554
f 5542/5627/5528 5573/5683/5584 5572/5681/5582 5541/5654/5555
f 5529/5624/5525 5560/5684/5585 5559/5682/5583 5528/5625/5526
f 5543/5626/5527 5574/5685/5586 5573/5683/5584 5542/5627/5528
f 5530/5628/5529 5561/5656/5557 5560/5684/5585 5529/5624/5525
f 5544/5629/5530 5575/5659/5560 5574/5685/5586 5543/5626/5527
f 5564/5663/5564 5595/5686/5587 5594/5687/5588 5563/5660/5561
f 5551/5664/5565 5582/5688/5589 5581/5689/5590 5550/5661/5562
f 5578/5665/5566 5609/5690/5591 5608/5691/5592 5577/5662/5563
f 5565/5666/5567 5596/5692/5593 5595/5686/5587 5564/5663/5564
f 5552/5667/5568 5583/5693/5594 5582/5688/5589 5551/5664/5565
f 5579/5668/5569 5610/5694/5595 5609/5690/5591 5578/5665/5566
f 5566/5669/5570 5597/5695/5596 5596/5692/5593 5565/5666/5567
f 5553/5670/5571 5584/5696/5597 5583/5693/5594 5552/5667/5568
f 5051/3958/3892 5610/5694/5595 5579/5668/5569
f 5567/5671/5572 5598/5697/5598 5597/5695/5596 5566/5669/5570
f 5554/5672/5573 5585/5698/5599 5584/5696/5597 5553/5670/5571
f 5568/5673/5574 5599/5699/5600 5598/5697/5598 5567/5671/5572
f 5555/5674/5575 5586/5700/5601 5585/5698/5599 5554/5672/5573
f 5569/5675/5576 5600/5701/5602 5599/5699/5600 5568/5673/5574
f 5556/5676/5577 5587/5702/5603 5586/5700/5601 5555/5674/5575
f 5570/5677/5578 5601/5703/5604 5600/5701/5602 5569/5675/5576
f 5557/5678/5579 5588/5704/5605 5587/5702/5603 5556/5676/5577
f 5571/5679/5580 5602/5705/5606 5601/5703/5604 5570/5677/5578
f 5558/5680/5581 5589/5706/5607 5588/5704/5605 5557/5678/5579
f 5572/5681/5582 5603/5707/5608 5602/5705/5606 5571/5679/5580
f 5559/5682/5583 5590/5708/5609 5589/5706/5607 5558/5680/5581
f 5573/5683/5584 5604/5709/5610 5603/5707/5608 5572/5681/5582
f 5560/5684/5585 5591/5710/5611 5590/5708/5609 5559/5682/5583
f 5574/5685/5586 5605/5711/5612 5604/5709/5610 5573/5683/5584
f 5561/5656/5557 5592/5712/5613 5591/5710/5611 5560/5684/5585
f 5575/5659/5560 5606/5713/5614 5605/5711/5612 5574/5685/5586
f 5562/5655/5556 5593/5714/5615 5592/5712/5613 5561/5656/5557
f 5549/5657/5558 5580/5715/5616 5269/3933/3867
f 5576/5658/5559 5607/5716/5617 5606/5713/5614 5575/5659/5560
f 5563/5660/5561 5594/5687/5588 5593/5714/5615 5562/5655/5556
f 5550/5661/5562 5581/5689/5590 5580/5715/5616 5549/5657/5558
f 5577/5662/5563 5608/5691/5592 5607/5716/5617 5576/5658/5559
f 5597/5695/5596 5628/5717/5618 5627/5718/5619 5596/5692/5593
f 5584/5696/5597 5615/5719/5620 5614/5720/5621 5583/5693/5594
f 5051/3958/3892 5641/5721/5622 5610/5694/5595
f 5598/5697/5598 5629/5722/5623 5628/5717/5618 5597/5695/5596
f 5585/5698/5599 5616/5723/5624 5615/5719/5620 5584/5696/5597
f 5599/5699/5600 5630/5724/5625 5629/5722/5623 5598/5697/5598
f 5586/5700/5601 5617/5725/5626 5616/5723/5624 5585/5698/5599
f 5600/5701/5602 5631/5726/5627 5630/5724/5625 5599/5699/5600
f 5587/5702/5603 5618/5727/5628 5617/5725/5626 5586/5700/5601
f 5601/5703/5604 5632/5728/5629 5631/5726/5627 5600/5701/5602
f 5588/5704/5605 5619/5729/5630 5618/5727/5628 5587/5702/5603
f 5602/5705/5606 5633/5730/5631 5632/5728/5629 5601/5703/5604
f 5589/5706/5607 5620/5731/5632 5619/5729/5630 5588/5704/5605
f 5603/5707/5608 5634/5732/5633 5633/5730/5631 5602/5705/5606
f 5590/5708/5609 5621/5733/5634 5620/5731/5632 5589/5706/5607
f 5604/5709/5610 5635/5734/5635 5634/5732/5633 5603/5707/5608
f 5591/5710/5611 5622/5735/5636 5621/5733/5634 5590/5708/5609
f 5605/5711/5612 5636/5736/5637 5635/5734/5635 5604/5709/5610
f 5592/5712/5613 5623/5737/5638 5622/5735/5636 5591/5710/5611
f 5606/5713/5614 5637/5738/5639 5636/5736/5637 5605/5711/5612
f 5593/5714/5615 5624/5739/5640 5623/5737/5638 5592/5712/5613
f 5580/5715/5616 5611/5740/5641 5269/3933/3867
f 5607/5716/5617 5638/5741/5642 5637/5738/5639 5606/5713/5614
f 5594/5687/5588 5625/5742/5643 5624/5739/5640 5593/5714/5615
f 5581/5689/5590 5612/5743/5644 5611/5740/5641 5580/5715/5616
f 5608/5691/5592 5639/5744/5645 5638/5741/5642 5607/5716/5617
f 5595/5686/5587 5626/5745/5646 5625/5742/5643 5594/5687/5588
f 5582/5688/5589 5613/5746/5647 5612/5743/5644 5581/5689/5590
f 5609/5690/5591 5640/5747/5648 5639/5744/5645 5608/5691/5592
f 5596/5692/5593 5627/5718/5619 5626/5745/5646 5595/5686/5587
f 5583/5693/5594 5614/5720/5621 5613/5746/5647 5582/5688/5589
f 5610/5694/5595 5641/5721/5622 5640/5747/5648 5609/5690/5591
f 5630/5724/5625 5661/5748/5649 5660/5749/5650 5629/5722/5623
f 5617/5725/5626 5648/5750/5651 5647/5751/5652 5616/5723/5624
f 5631/5726/5627 5662/5752/5653 5661/5748/5649 5630/5724/5625
f 5618/5727/5628 5649/5753/5654 5648/5750/5651 5617/5725/5626
f 5632/5728/5629 5663/5754/5655 5662/5752/5653 5631/5726/5627
f 5619/5729/5630 5650/5755/5656 5649/5753/5654 5618/5727/5628
f 5633/5730/5631 5664/5756/5657 5663/5754/5655 5632/5728/5629
f 5620/5731/5632 5651/5757/5658 5650/5755/5656 5619/5729/5630
f 5634/5732/5633 5665/5758/5659 5664/5756/5657 5633/5730/5631
f 5621/5733/5634 5652/5759/5660 5651/5757/5658 5620/5731/5632
f 5635/5734/5635 5666/5760/5661 5665/5758/5659 5634/5732/5633
f 5622/5735/5636 5653/5761/5662 5652/5759/5660 5621/5733/5634
f 5636/5736/5637 5667/5762/5663 5666/5760/5661 5635/5734/5635
f 5623/5737/5638 5654/5763/5664 5653/5761/5662 5622/5735/5636
f 5637/5738/5639 5668/5764/5665 5667/5762/5663 5636/5736/5637
f 5624/5739/5640 5655/5765/5666 5654/5763/5664 5623/5737/5638
f 5611/5740/5641 5642/5766/5667 5269/3933/3867
f 5638/5741/5642 5669/5767/5668 5668/5764/5665 5637/5738/5639
f 5625/5742/5643 5656/5768/5669 5655/5765/5666 5624/5739/5640
f 5612/5743/5644 5643/5769/5670 5642/5766/5667 5611/5740/5641
f 5639/5744/5645 5670/5770/5671 5669/5767/5668 5638/5741/5642
f 5626/5745/5646 5657/5771/5672 5656/5768/5669 5625/5742/5643
f 5613/5746/5647 5644/5772/5673 5643/5769/5670 5612/5743/5644
f 5640/5747/5648 5671/5773/5674 5670/5770/5671 5639/5744/5645
f 5627/5718/5619 5658/5774/5675 5657/5771/5672 5626/5745/5646
f 5614/5720/5621 5645/5775/5676 5644/5772/5673 5613/5746/5647
f 5641/5721/5622 5672/5776/5677 5671/5773/5674 5640/5747/5648
f 5628/5717/5618 5659/5777/5678 5658/5774/5675 5627/5718/5619
f 5615/5719/5620 5646/5778/5679 5645/5775/5676 5614/5720/5621
f 5051/3958/3892 5672/5776/5677 5641/5721/5622
f 5629/5722/5623 5660/5749/5650 5659/5777/5678 5628/5717/5618
f 5616/5723/5624 5647/5751/5652 5646/5778/5679 5615/5719/5620
f 5663/5754/5655 5694/5779/5680 5693/5780/5681 5662/5752/5653
f 5650/5755/5656 5681/5781/5682 5680/5782/5683 5649/5753/5654
f 5664/5756/5657 5695/5783/5684 5694/5779/5680 5663/5754/5655
f 5651/5757/5658 5682/5784/5685 5681/5781/5682 5650/5755/5656
f 5665/5758/5659 5696/5785/5686 5695/5783/5684 5664/5756/5657
f 5652/5759/5660 5683/5786/5687 5682/5784/5685 5651/5757/5658
f 5666/5760/5661 5697/5787/5688 5696/5785/5686 5665/5758/5659
f 5653/5761/5662 5684/5788/5689 5683/5786/5687 5652/5759/5660
f 5667/5762/5663 5698/5789/5690 5697/5787/5688 5666/5760/5661
f 5654/5763/5664 5685/5790/5691 5684/5788/5689 5653/5761/5662
f 5668/5764/5665 5699/5791/5692 5698/5789/5690 5667/5762/5663
f 5655/5765/5666 5686/5792/5693 5685/5790/5691 5654/5763/5664
f 5642/5766/5667 5673/5793/5694 5269/3933/3867
f 5669/5767/5668 5700/5794/5695 5699/5791/5692 5668/5764/5665
f 5656/5768/5669 5687/5795/5696 5686/5792/5693 5655/5765/5666
f 5643/5769/5670 5674/5796/5697 5673/5793/5694 5642/5766/5667
f 5670/5770/5671 5701/5797/5698 5700/5794/5695 5669/5767/5668
f 5657/5771/5672 5688/5798/5699 5687/5795/5696 5656/5768/5669
f 5644/5772/5673 5675/5799/5700 5674/5796/5697 5643/5769/5670
f 5671/5773/5674 5702/5800/5701 5701/5797/5698 5670/5770/5671
f 5658/5774/5675 5689/5801/5702 5688/5798/5699 5657/5771/5672
f 5645/5775/5676 5676/5802/5703 5675/5799/5700 5644/5772/5673
f 5672/5776/5677 5703/5803/5704 5702/5800/5701 5671/5773/5674
f 5659/5777/5678 5690/5804/5705 5689/5801/5702 5658/5774/5675
f 5646/5778/5679 5677/5805/5706 5676/5802/5703 5645/5775/5676
f 5051/3958/3892 5703/5803/5704 5672/5776/5677
f 5660/5749/5650 5691/5806/5707 5690/5804/5705 5659/5777/5678
f 5647/5751/5652 5678/5807/5708 5677/5805/5706 5646/5778/5679
f 5661/5748/5649 5692/5808/5709 5691/5806/5707 5660/5749/5650
f 5648/5750/5651 5679/5809/5710 5678/5807/5708 5647/5751/5652
f 5662/5752/5653 5693/5780/5681 5692/5808/5709 5661/5748/5649
f 5649/5753/5654 5680/5782/5683 5679/5809/5710 5648/5750/5651
f 5696/5785/5686 5727/5810/5711 5726/5811/5712 5695/5783/5684
f 5683/5786/5687 5714/5812/5713 5713/5813/5714 5682/5784/5685
f 5697/5787/5688 5728/5814/5715 5727/5810/5711 5696/5785/5686
f 5684/5788/5689 5715/5815/5716 5714/5812/5713 5683/5786/5687
f 5698/5789/5690 5729/5816/5717 5728/5814/5715 5697/5787/5688
f 5685/5790/5691 5716/5817/5718 5715/5815/5716 5684/5788/5689
f 5699/5791/5692 5730/5818/5719 5729/5816/5717 5698/5789/5690
f 5686/5792/5693 5717/5819/5720 5716/5817/5718 5685/5790/5691
f 5673/5793/5694 5704/5820/5721 5269/3933/3867
f 5700/5794/5695 5731/5821/5722 5730/5818/5719 5699/5791/5692
f 5687/5795/5696 5718/5822/5723 5717/5819/5720 5686/5792/5693
f 5674/5796/5697 5705/5823/5724 5704/5820/5721 5673/5793/5694
f 5701/5797/5698 5732/5824/5725 5731/5821/5722 5700/5794/5695
f 5688/5798/5699 5719/5825/5726 5718/5822/5723 5687/5795/5696
f 5675/5799/5700 5706/5826/5727 5705/5823/5724 5674/5796/5697
f 5702/5800/5701 5733/5827/5728 5732/5824/5725 5701/5797/5698
f 5689/5801/5702 5720/5828/5729 5719/5825/5726 5688/5798/5699
f 5676/5802/5703 5707/5829/5730 5706/5826/5727 5675/5799/5700
f 5703/5803/5704 5734/5830/5731 5733/5827/5728 5702/5800/5701
f 5690/5804/5705 5721/5831/5732 5720/5828/5729 5689/5801/5702
f 5677/5805/5706 5708/5832/5733 5707/5829/5730 5676/5802/5703
f 5051/3958/3892 5734/5830/5731 5703/5803/5704
f 5691/5806/5707 5722/5833/5734 5721/5831/5732 5690/5804/5705
f 5678/5807/5708 5709/5834/5735 5708/5832/5733 5677/5805/5706
f 5692/5808/5709 5723/5835/5736 5722/5833/5734 5691/5806/5707
f 5679/5809/5710 5710/5836/5737 5709/5834/5735 5678/5807/5708
f 5693/5780/5681 5724/5837/5738 5723/5835/5736 5692/5808/5709
f 5680/5782/5683 5711/5838/5739 5710/5836/5737 5679/5809/5710
f 5694/5779/5680 5725/5839/5740 5724/5837/5738 5693/5780/5681
f 5681/5781/5682 5712/5840/5741 5711/5838/5739 5680/5782/5683
f 5695/5783/5684 5726/5811/5712 5725/5839/5740 5694/5779/5680
f 5682/5784/5685 5713/5813/5714 5712/5840/5741 5681/5781/5682
f 5729/5816/5717 5760/5841/5742 5759/5842/5743 5728/5814/5715
f 5716/5817/5718 5747/5843/5744 5746/5844/5745 5715/5815/5716
f 5730/5818/5719 5761/5845/5746 5760/5841/5742 5729/5816/5717
f 5717/5819/5720 5748/5846/5747 5747/5843/5744 5716/5817/5718
f 5704/5820/5721 5735/5847/5748 5269/3933/3867
f 5731/5821/5722 5762/5848/5749 5761/5845/5746 5730/5818/5719
f 5718/5822/5723 5749/5849/5750 5748/5846/5747 5717/5819/5720
f 5705/5823/5724 5736/5850/5751 5735/5847/5748 5704/5820/5721
f 5732/5824/5725 5763/5851/5752 5762/5848/5749 5731/5821/5722
f 5719/5825/5726 5750/5852/5753 5749/5849/5750 5718/5822/5723
f 5706/5826/5727 5737/5853/5754 5736/5850/5751 5705/5823/5724
f 5733/5827/5728 5764/5854/5755 5763/5851/5752 5732/5824/5725
f 5720/5828/5729 5751/5855/5756 5750/5852/5753 5719/5825/5726
f 5707/5829/5730 5738/5856/5757 5737/5853/5754 5706/5826/5727
f 5734/5830/5731 5765/5857/5758 5764/5854/5755 5733/5827/5728
f 5721/5831/5732 5752/5858/5759 5751/5855/5756 5720/5828/5729
f 5708/5832/5733 5739/5859/5760 5738/5856/5757 5707/5829/5730
f 5051/3958/3892 5765/5857/5758 5734/5830/5731
f 5722/5833/5734 5753/5860/5761 5752/5858/5759 5721/5831/5732
f 5709/5834/5735 5740/5861/5762 5739/5859/5760 5708/5832/5733
f 5723/5835/5736 5754/5862/5763 5753/5860/5761 5722/5833/5734
f 5710/5836/5737 5741/5863/5764 5740/5861/5762 5709/5834/5735
f 5724/5837/5738 5755/5864/5765 5754/5862/5763 5723/5835/5736
f 5711/5838/5739 5742/5865/5766 5741/5863/5764 5710/5836/5737
f 5725/5839/5740 5756/5866/5767 5755/5864/5765 5724/5837/5738
f 5712/5840/5741 5743/5867/5768 5742/5865/5766 5711/5838/5739
f 5726/5811/5712 5757/5868/5769 5756/5866/5767 5725/5839/5740
f 5713/5813/5714 5744/5869/5770 5743/5867/5768 5712/5840/5741
f 5727/5810/5711 5758/5870/5771 5757/5868/5769 5726/5811/5712
f 5714/5812/5713 5745/5871/5772 5744/5869/5770 5713/5813/5714
f 5728/5814/5715 5759/5842/5743 5758/5870/5771 5727/5810/5711
f 5715/5815/5716 5746/5844/5745 5745/5871/5772 5714/5812/5713
f 5762/5848/5749 5772/3934/3868 3869/3927/3861 5761/5845/5746
f 5749/5849/5750 3860/3936/3870 3859/3929/3863 5748/5846/5747
f 5736/5850/5751 5767/3938/3872 5766/3931/3865 5735/5847/5748
f 5763/5851/5752 3870/3940/3874 5772/3934/3868 5762/5848/5749
f 5750/5852/5753 5769/3942/3876 3860/3936/3870 5749/5849/5750
f 5737/5853/5754 3849/3944/3878 5767/3938/3872 5736/5850/5751
f 5764/5854/5755 3871/3946/3880 3870/3940/3874 5763/5851/5752
f 5751/5855/5756 3861/3948/3882 5769/3942/3876 5750/5852/5753
f 5738/5856/5757 3850/3950/3884 3849/3944/3878 5737/5853/5754
f 5765/5857/5758 3872/3952/3886 3871/3946/3880 5764/5854/5755
f 5752/5858/5759 3862/3954/3888 3861/3948/3882 5751/5855/5756
f 5739/5859/5760 3851/3956/3890 3850/3950/3884 5738/5856/5757
f 5051/3958/3892 3872/3952/3886 5765/5857/5758
f 5753/5860/5761 3863/3959/3893 3862/3954/3888 5752/5858/5759
f 5740/5861/5762 3852/3961/3895 3851/3956/3890 5739/5859/5760
f 5754/5862/5763 3864/3963/3897 3863/3959/3893 5753/5860/5761
f 5741/5863/5764 5768/3965/3899 3852/3961/3895 5740/5861/5762
f 5755/5864/5765 3865/3967/3901 3864/3963/3897 5754/5862/5763
f 5742/5865/5766 3853/3969/3903 5768/3965/3899 5741/5863/5764
f 5756/5866/5767 3866/3971/3905 3865/3967/3901 5755/5864/5765
f 5743/5867/5768 3854/3973/3907 3853/3969/3903 5742/5865/5766
f 5757/5868/5769 5770/3975/3909 3866/3971/3905 5756/5866/5767
f 5744/5869/5770 3855/3977/3911 3854/3973/3907 5743/5867/5768
f 5758/5870/5771 5771/3918/3852 5770/3975/3909 5757/5868/5769
f 5745/5871/5772 3856/3922/3856 3855/3977/3911 5744/5869/5770
f 5759/5842/5743 3867/3915/3849 5771/3918/3852 5758/5870/5771
f 5746/5844/5745 3857/3919/3853 3856/3922/3856 5745/5871/5772
f 5760/5841/5742 3868/3923/3857 3867/3915/3849 5759/5842/5743
f 5747/5843/5744 3858/3925/3859 3857/3919/3853 5746/5844/5745
f 5761/5845/5746 3869/3927/3861 3868/3923/3857 5760/5841/5742
f 5748/5846/5747 3859/3929/3863 3858/3925/3859 5747/5843/5744
f 5735/5847/5748 5766/3931/3865 5269/3933/3867
