# WaveFront *.obj file (generated by Autodesk ATF)

mtllib Untitled.mtl

g Body1

v 0.500000 -5.000000 -1.000000
v 0.500000 -4.911672 -0.729369
v 0.500000 -4.764401 -0.485741
v 0.500000 -4.565825 -0.281754
v 0.500000 -4.326244 -0.127988
v 0.500000 -4.058084 -0.032417
v 0.500000 -3.775255 0.000000
v -0.500000 -3.775255 0.000000
v -0.500000 -4.058084 -0.032417
v -0.500000 -4.326244 -0.127988
v -0.500000 -4.565825 -0.281754
v -0.500000 -4.764401 -0.485741
v -0.500000 -4.911672 -0.729369
v -0.500000 -5.000000 -1.000000
v -0.500000 -2.000000 0.000000
v -0.500000 -2.000000 -1.000000
v 0.500000 -2.000000 0.000000
v 0.551111 -1.611771 0.000000
v 0.700962 -1.250000 0.000000
v 0.939340 -0.939340 0.000000
v 1.250000 -0.700962 0.000000
v 1.611771 -0.551111 0.000000
v 2.000000 -0.500000 0.000000
v 3.775255 -0.500000 0.000000
v 3.775255 0.500000 0.000000
v 2.000000 0.500000 0.000000
v 1.611771 0.551111 0.000000
v 1.250000 0.700962 0.000000
v 0.939340 0.939340 0.000000
v 0.700962 1.250000 0.000000
v 0.551111 1.611771 0.000000
v 0.500000 2.000000 0.000000
v 0.500000 3.775255 0.000000
v -0.500000 3.775255 0.000000
v -0.500000 2.000000 0.000000
v -0.551111 1.611771 0.000000
v -0.700962 1.250000 0.000000
v -0.939340 0.939340 0.000000
v -1.250000 0.700962 0.000000
v -1.611771 0.551111 0.000000
v -2.000000 0.500000 0.000000
v -4.116117 0.500000 0.000000
v -4.116117 -0.000000 0.000000
v -4.116117 -0.500000 0.000000
v -2.000000 -0.500000 0.000000
v -1.611771 -0.551111 0.000000
v -1.250000 -0.700962 0.000000
v -0.939340 -0.939340 0.000000
v -0.700962 -1.250000 0.000000
v -0.551111 -1.611771 0.000000
v -1.250000 -0.000000 0.000000
v -1.207407 0.323524 0.000000
v -1.082532 0.625000 0.000000
v -0.883883 0.883883 0.000000
v -0.625000 1.082532 0.000000
v -0.323524 1.207407 0.000000
v 0.000000 1.250000 0.000000
v 0.323524 1.207407 0.000000
v 0.625000 1.082532 0.000000
v 0.883883 0.883883 0.000000
v 1.082532 0.625000 0.000000
v 1.207407 0.323524 0.000000
v 1.250000 0.000000 0.000000
v 1.207407 -0.323524 0.000000
v 1.082532 -0.625000 0.000000
v 0.883883 -0.883883 0.000000
v 0.625000 -1.082532 0.000000
v 0.323524 -1.207407 0.000000
v 0.000000 -1.250000 0.000000
v -0.323524 -1.207407 0.000000
v -0.625000 -1.082532 0.000000
v -0.883883 -0.883883 0.000000
v -1.082532 -0.625000 0.000000
v -1.207407 -0.323524 0.000000
v -0.500000 5.000000 -1.000000
v -0.500000 4.911672 -0.729369
v -0.500000 4.764401 -0.485741
v -0.500000 4.565825 -0.281754
v -0.500000 4.326244 -0.127988
v -0.500000 4.058084 -0.032417
v 0.500000 4.058084 -0.032417
v 0.500000 4.326244 -0.127988
v 0.500000 4.565825 -0.281754
v 0.500000 4.764401 -0.485741
v 0.500000 4.911672 -0.729369
v 0.500000 5.000000 -1.000000
v 0.500000 2.000000 -1.000000
v 5.000000 0.500000 -1.000000
v 4.911672 0.500000 -0.729369
v 4.764401 0.500000 -0.485741
v 4.565825 0.500000 -0.281754
v 4.326244 0.500000 -0.127988
v 4.058084 0.500000 -0.032417
v 4.058084 -0.500000 -0.032417
v 4.326244 -0.500000 -0.127988
v 4.565825 -0.500000 -0.281754
v 4.764401 -0.500000 -0.485741
v 4.911672 -0.500000 -0.729369
v 5.000000 -0.500000 -1.000000
v 2.000000 -0.500000 -1.000000
v -4.535339 0.500000 -0.038908
v -4.697984 0.500000 -0.097214
v -4.763357 0.500000 -0.137338
v -4.818972 0.500000 -0.185104
v -4.865440 0.500000 -0.240504
v -4.903666 0.500000 -0.303731
v -4.959897 0.500000 -0.459728
v -4.990955 0.500000 -0.656445
v -5.000000 0.500000 -0.883883
v -5.000000 0.000000 -0.883883
v -5.000000 -0.500000 -0.883883
v -4.961092 -0.500000 -0.464661
v -4.902786 -0.500000 -0.302016
v -4.862662 -0.500000 -0.236643
v -4.814896 -0.500000 -0.181028
v -4.759496 -0.500000 -0.134560
v -4.696269 -0.500000 -0.096334
v -4.540272 -0.500000 -0.040103
v -4.343555 -0.500000 -0.009045
v -4.985025 -0.374999 -0.600658
v -4.372755 -0.250000 -0.011933
v -4.985025 0.250000 -0.600658
v -4.943535 0.250000 -0.401531
v -4.917060 0.250000 -0.331761
v -4.881162 0.250000 -0.264032
v -4.838356 0.250000 -0.206049
v -4.787946 0.250000 -0.156527
v -4.728951 0.250000 -0.114518
v -4.579435 0.250000 -0.050622
v -4.372755 0.250000 -0.011933
v -4.985025 -0.125000 -0.600658
v -4.943535 -0.125000 -0.401531
v -4.917060 -0.125000 -0.331761
v -4.881162 -0.125000 -0.264032
v -4.838356 -0.125000 -0.206049
v -4.787946 -0.125000 -0.156527
v -4.728951 -0.125000 -0.114518
v -4.579435 -0.125000 -0.050622
v -4.372755 -0.125000 -0.011933
v -4.372755 -0.000000 -0.011933
v -4.579435 -0.000000 -0.050622
v -4.728951 -0.000000 -0.114518
v -4.787946 -0.000000 -0.156527
v -4.838356 -0.000000 -0.206049
v -4.881162 -0.000000 -0.264032
v -4.917060 -0.000000 -0.331761
v -4.943535 -0.000000 -0.401531
v -4.985025 -0.000000 -0.600658
v -4.372755 -0.437499 -0.011933
v -4.579435 -0.437499 -0.050622
v -4.728951 -0.437499 -0.114518
v -4.787946 -0.437499 -0.156527
v -4.838356 -0.437499 -0.206049
v -4.881162 -0.437499 -0.264032
v -4.917060 -0.437499 -0.331761
v -4.943535 -0.437499 -0.401531
v -4.985025 -0.437499 -0.600658
v -4.985025 -0.250000 -0.600658
v -4.943535 -0.250000 -0.401531
v -4.917060 -0.250000 -0.331761
v -4.881162 -0.250000 -0.264032
v -4.838356 -0.250000 -0.206049
v -4.787946 -0.250000 -0.156527
v -4.728951 -0.250000 -0.114518
v -4.579435 -0.250000 -0.050622
v -4.372755 -0.312499 -0.011933
v -4.985025 -0.312499 -0.600658
v -4.943535 -0.312499 -0.401531
v -4.917060 -0.312499 -0.331761
v -4.881162 -0.312499 -0.264032
v -4.838356 -0.312499 -0.206049
v -4.787946 -0.312499 -0.156527
v -4.728951 -0.312499 -0.114518
v -4.579435 -0.312499 -0.050622
v -4.943535 -0.374999 -0.401531
v -4.917060 -0.374999 -0.331761
v -4.881162 -0.374999 -0.264032
v -4.838356 -0.374999 -0.206049
v -4.787946 -0.374999 -0.156527
v -4.728951 -0.374999 -0.114518
v -4.579435 -0.374999 -0.050622
v -4.372755 -0.374999 -0.011933
v -2.000000 0.500000 -1.000000
v -5.000000 0.500000 -1.000000
v -0.500000 0.000000 0.750000
v -0.482963 0.129410 0.750000
v -0.433013 0.250000 0.750000
v -0.353553 0.353553 0.750000
v -0.250000 0.433013 0.750000
v -0.129410 0.482963 0.750000
v 0.000000 0.500000 0.750000
v 0.129410 0.482963 0.750000
v 0.250000 0.433013 0.750000
v 0.353553 0.353553 0.750000
v 0.433013 0.250000 0.750000
v 0.482963 0.129410 0.750000
v 0.500000 0.000000 0.750000
v 0.482963 -0.129410 0.750000
v 0.433013 -0.250000 0.750000
v 0.353553 -0.353553 0.750000
v 0.250000 -0.433013 0.750000
v 0.129410 -0.482963 0.750000
v 0.000000 -0.500000 0.750000
v -0.129410 -0.482963 0.750000
v -0.250000 -0.433013 0.750000
v -0.353553 -0.353553 0.750000
v -0.433013 -0.250000 0.750000
v -0.482963 -0.129410 0.750000
v -1.055886 0.000000 0.025556
v -0.875000 0.000000 0.100481
v -0.719670 0.000000 0.219670
v -0.600481 0.000000 0.375000
v -0.525556 0.000000 0.555886
v -1.019907 -0.273283 0.025556
v -0.845185 -0.226467 0.100481
v -0.695148 -0.186264 0.219670
v -0.580020 -0.155416 0.375000
v -0.507648 -0.136024 0.555886
v -0.914424 -0.527943 0.025556
v -0.757772 -0.437500 0.100481
v -0.623252 -0.359835 0.219670
v -0.520032 -0.300240 0.375000
v -0.455145 -0.262778 0.555886
v -0.746624 -0.746624 0.025556
v -0.618718 -0.618718 0.100481
v -0.508883 -0.508883 0.219670
v -0.424604 -0.424604 0.375000
v -0.371624 -0.371624 0.555886
v -0.527943 -0.914424 0.025556
v -0.437500 -0.757772 0.100481
v -0.359835 -0.623252 0.219670
v -0.300240 -0.520032 0.375000
v -0.262778 -0.455145 0.555886
v -0.273283 -1.019907 0.025556
v -0.226467 -0.845185 0.100481
v -0.186264 -0.695148 0.219670
v -0.155416 -0.580020 0.375000
v -0.136024 -0.507648 0.555886
v 0.000000 -1.055886 0.025556
v 0.000000 -0.875000 0.100481
v 0.000000 -0.719670 0.219670
v 0.000000 -0.600481 0.375000
v 0.000000 -0.525556 0.555886
v 0.273283 -1.019907 0.025556
v 0.226467 -0.845185 0.100481
v 0.186264 -0.695148 0.219670
v 0.155416 -0.580020 0.375000
v 0.136024 -0.507648 0.555886
v 0.527943 -0.914424 0.025556
v 0.437500 -0.757772 0.100481
v 0.359835 -0.623252 0.219670
v 0.300240 -0.520032 0.375000
v 0.262778 -0.455145 0.555886
v 0.746624 -0.746624 0.025556
v 0.618718 -0.618718 0.100481
v 0.508883 -0.508883 0.219670
v 0.424604 -0.424604 0.375000
v 0.371624 -0.371624 0.555886
v 0.914424 -0.527943 0.025556
v 0.757772 -0.437500 0.100481
v 0.623252 -0.359835 0.219670
v 0.520032 -0.300240 0.375000
v 0.455145 -0.262778 0.555886
v 1.019907 -0.273283 0.025556
v 0.845185 -0.226467 0.100481
v 0.695148 -0.186264 0.219670
v 0.580020 -0.155416 0.375000
v 0.507648 -0.136024 0.555886
v 1.055886 0.000000 0.025556
v 0.875000 0.000000 0.100481
v 0.719670 0.000000 0.219670
v 0.600481 0.000000 0.375000
v 0.525556 0.000000 0.555886
v 1.019907 0.273283 0.025556
v 0.845185 0.226467 0.100481
v 0.695148 0.186264 0.219670
v 0.580020 0.155416 0.375000
v 0.507648 0.136024 0.555886
v 0.914424 0.527943 0.025556
v 0.757772 0.437500 0.100481
v 0.623252 0.359835 0.219670
v 0.520032 0.300240 0.375000
v 0.455145 0.262778 0.555886
v 0.746624 0.746624 0.025556
v 0.618718 0.618718 0.100481
v 0.508883 0.508883 0.219670
v 0.424604 0.424604 0.375000
v 0.371624 0.371624 0.555886
v 0.527943 0.914424 0.025556
v 0.437500 0.757772 0.100481
v 0.359835 0.623252 0.219670
v 0.300240 0.520032 0.375000
v 0.262778 0.455145 0.555886
v 0.273283 1.019907 0.025556
v 0.226467 0.845185 0.100481
v 0.186264 0.695148 0.219670
v 0.155416 0.580020 0.375000
v 0.136024 0.507648 0.555886
v 0.000000 1.055886 0.025556
v 0.000000 0.875000 0.100481
v 0.000000 0.719670 0.219670
v 0.000000 0.600481 0.375000
v 0.000000 0.525556 0.555886
v -0.273283 1.019907 0.025556
v -0.226467 0.845185 0.100481
v -0.186264 0.695148 0.219670
v -0.155416 0.580020 0.375000
v -0.136024 0.507648 0.555886
v -0.527943 0.914424 0.025556
v -0.437500 0.757772 0.100481
v -0.359835 0.623252 0.219670
v -0.300240 0.520032 0.375000
v -0.262778 0.455145 0.555886
v -0.746624 0.746624 0.025556
v -0.618718 0.618718 0.100481
v -0.508883 0.508883 0.219670
v -0.424604 0.424604 0.375000
v -0.371624 0.371624 0.555886
v -0.914424 0.527943 0.025556
v -0.757772 0.437500 0.100481
v -0.623252 0.359835 0.219670
v -0.520032 0.300240 0.375000
v -0.455145 0.262778 0.555886
v -1.019907 0.273283 0.025556
v -0.845185 0.226467 0.100481
v -0.695148 0.186264 0.219670
v -0.580020 0.155416 0.375000
v -0.507648 0.136024 0.555886
v -0.500000 -0.000000 4.500000
v -0.482963 0.129410 4.500000
v -0.433013 0.250000 4.500000
v -0.353553 0.353553 4.500000
v -0.250000 0.433013 4.500000
v -0.129410 0.482963 4.500000
v 0.000000 0.500000 4.500000
v 0.129410 0.482963 4.500000
v 0.250000 0.433013 4.500000
v 0.353553 0.353553 4.500000
v 0.433013 0.250000 4.500000
v 0.482963 0.129410 4.500000
v 0.500000 0.000000 4.500000
v 0.482963 -0.129410 4.500000
v 0.433013 -0.250000 4.500000
v 0.353553 -0.353553 4.500000
v 0.250000 -0.433013 4.500000
v 0.129410 -0.482963 4.500000
v 0.000000 -0.500000 4.500000
v -0.129410 -0.482963 4.500000
v -0.250000 -0.433013 4.500000
v -0.353553 -0.353553 4.500000
v -0.433013 -0.250000 4.500000
v -0.482963 -0.129410 4.500000
v -0.500000 -0.000000 2.625000
v -0.482963 0.129410 2.625000
v -0.433013 0.250000 2.625000
v -0.353553 0.353553 2.625000
v -0.250000 0.433013 2.625000
v -0.129410 0.482963 2.625000
v 0.000000 0.500000 2.625000
v 0.129410 0.482963 2.625000
v 0.250000 0.433013 2.625000
v 0.353553 0.353553 2.625000
v 0.433013 0.250000 2.625000
v 0.482963 0.129410 2.625000
v 0.500000 0.000000 2.625000
v 0.482963 -0.129410 2.625000
v 0.433013 -0.250000 2.625000
v 0.353553 -0.353553 2.625000
v 0.250000 -0.433013 2.625000
v 0.129410 -0.482963 2.625000
v 0.000000 -0.500000 2.625000
v -0.129410 -0.482963 2.625000
v -0.250000 -0.433013 2.625000
v -0.353553 -0.353553 2.625000
v -0.433013 -0.250000 2.625000
v -0.482963 -0.129410 2.625000
v -2.000000 -0.500000 -1.000000
v -1.611771 -0.551111 -1.000000
v -1.250000 -0.700962 -1.000000
v -0.939340 -0.939340 -1.000000
v -0.700962 -1.250000 -1.000000
v -0.551111 -1.611771 -1.000000
v -5.000000 -0.500000 -1.000000
v 2.000000 0.500000 -1.000000
v 1.611771 0.551111 -1.000000
v 1.250000 0.700962 -1.000000
v 0.939340 0.939340 -1.000000
v 0.700962 1.250000 -1.000000
v 0.551111 1.611771 -1.000000
v -0.500000 2.000000 -1.000000
v -0.551111 1.611771 -1.000000
v -0.700962 1.250000 -1.000000
v -0.939340 0.939340 -1.000000
v -1.250000 0.700962 -1.000000
v -1.611771 0.551111 -1.000000
v 0.500000 -2.000000 -1.000000
v 0.551111 -1.611771 -1.000000
v 0.700962 -1.250000 -1.000000
v 0.939340 -0.939340 -1.000000
v 1.250000 -0.700962 -1.000000
v 1.611771 -0.551111 -1.000000
v -3.500000 0.000000 7.500000
v -3.432748 0.682816 7.500000
v -3.233578 1.339392 7.500000
v -2.910144 1.944496 7.500000
v -2.474874 2.474874 7.500000
v -1.944496 2.910144 7.500000
v -1.339392 3.233578 7.500000
v -0.682816 3.432748 7.500000
v 0.000000 3.500000 7.500000
v 0.682816 3.432748 7.500000
v 1.339392 3.233578 7.500000
v 1.944496 2.910144 7.500000
v 2.474874 2.474874 7.500000
v 2.910144 1.944496 7.500000
v 3.233578 1.339392 7.500000
v 3.432748 0.682816 7.500000
v 3.500000 0.000000 7.500000
v 3.432748 -0.682816 7.500000
v 3.233578 -1.339392 7.500000
v 2.910144 -1.944496 7.500000
v 2.474874 -2.474874 7.500000
v 1.944496 -2.910144 7.500000
v 1.339392 -3.233578 7.500000
v 0.682816 -3.432748 7.500000
v 0.000000 -3.500000 7.500000
v -0.682816 -3.432748 7.500000
v -1.339392 -3.233578 7.500000
v -1.944496 -2.910144 7.500000
v -2.474874 -2.474874 7.500000
v -2.910144 -1.944496 7.500000
v -3.233578 -1.339392 7.500000
v -3.432748 -0.682816 7.500000
v -0.557644 0.000000 5.085271
v -0.728361 0.000000 5.648050
v -1.005591 0.000000 6.166711
v -1.378680 0.000000 6.621320
v -1.833289 0.000000 6.994409
v -2.351950 0.000000 7.271639
v -2.914729 0.000000 7.442356
v -2.651331 -1.210822 7.442356
v -0.535056 -0.157107 5.085271
v -0.469120 -0.301485 5.085271
v -1.210822 -2.651331 7.442356
v -0.365179 -0.421439 5.085271
v -0.231654 -0.507251 5.085271
v 1.210822 -2.651331 7.442356
v 0.157107 -0.535056 5.085271
v 0.301485 -0.469120 5.085271
v 2.651331 -1.210822 7.442356
v 0.421439 -0.365179 5.085271
v 0.507251 -0.231654 5.085271
v 2.651331 1.210822 7.442356
v 0.535056 0.157107 5.085271
v 0.469120 0.301485 5.085271
v 1.210822 2.651331 7.442356
v 0.365179 0.421439 5.085271
v 0.231654 0.507251 5.085271
v -1.210822 2.651331 7.442356
v -0.157107 0.535056 5.085271
v -0.301485 0.469120 5.085271
v -2.651331 1.210822 7.442356
v -0.421439 0.365179 5.085271
v -0.507251 0.231654 5.085271
v -0.551968 -0.079361 5.085271
v -0.720948 -0.103657 5.648050
v -0.995356 -0.143111 6.166711
v -1.364647 -0.196207 6.621320
v -1.814629 -0.260904 6.994409
v -2.328010 -0.334717 7.271639
v -2.885061 -0.414809 7.442356
v -0.698858 -0.205203 5.648050
v -0.964858 -0.283308 6.166711
v -1.322833 -0.388419 6.621320
v -1.759028 -0.516497 6.994409
v -2.256679 -0.662621 7.271639
v -2.796662 -0.821174 7.442356
v -0.612737 -0.393782 5.648050
v -0.845957 -0.543664 6.166711
v -1.159819 -0.745370 6.621320
v -1.542261 -0.991151 6.994409
v -1.978586 -1.271560 7.271639
v -2.452026 -1.575821 7.442356
v -2.139409 -0.977035 7.271639
v -1.667619 -0.761576 6.994409
v -1.254091 -0.572724 6.621320
v -0.914718 -0.417738 6.166711
v -0.662541 -0.302572 5.648050
v -0.507251 -0.231654 5.085271
v -0.476975 -0.550459 5.648050
v -0.658522 -0.759975 6.166711
v -0.902843 -1.041937 6.621320
v -1.200549 -1.385508 6.994409
v -1.540200 -1.777485 7.271639
v -1.908742 -2.202805 7.442356
v -2.202805 -1.908742 7.442356
v -1.777485 -1.540200 7.271639
v -1.385508 -1.200549 6.994409
v -1.041937 -0.902843 6.621320
v -0.759975 -0.658522 6.166711
v -0.550459 -0.476975 5.648050
v -0.421439 -0.365179 5.085271
v -0.302572 -0.662541 5.648050
v -0.417738 -0.914718 6.166711
v -0.572724 -1.254091 6.621320
v -0.761576 -1.667619 6.994409
v -0.977035 -2.139409 7.271639
v -1.575821 -2.452026 7.442356
v -1.271560 -1.978586 7.271639
v -0.991151 -1.542261 6.994409
v -0.745370 -1.159819 6.621320
v -0.543664 -0.845957 6.166711
v -0.393782 -0.612737 5.648050
v -0.301485 -0.469120 5.085271
v -0.079361 -0.551968 5.085271
v -0.103657 -0.720948 5.648050
v -0.143111 -0.995356 6.166711
v -0.196207 -1.364647 6.621320
v -0.260904 -1.814629 6.994409
v -0.334717 -2.328010 7.271639
v -0.414809 -2.885061 7.442356
v -0.821174 -2.796662 7.442356
v -0.662621 -2.256679 7.271639
v -0.516497 -1.759028 6.994409
v -0.388419 -1.322833 6.621320
v -0.283308 -0.964858 6.166711
v -0.205203 -0.698858 5.648050
v -0.157107 -0.535056 5.085271
v 0.079361 -0.551968 5.085271
v 0.103657 -0.720948 5.648050
v 0.143111 -0.995356 6.166711
v 0.196207 -1.364647 6.621320
v 0.260904 -1.814629 6.994409
v 0.334717 -2.328010 7.271639
v 0.414809 -2.885061 7.442356
v 0.000000 -2.914729 7.442356
v 0.000000 -2.351950 7.271639
v 0.000000 -1.833289 6.994409
v 0.000000 -1.378680 6.621320
v 0.000000 -1.005591 6.166711
v 0.000000 -0.728361 5.648050
v 0.000000 -0.557644 5.085271
v 0.205203 -0.698858 5.648050
v 0.283308 -0.964858 6.166711
v 0.388419 -1.322833 6.621320
v 0.516497 -1.759028 6.994409
v 0.662621 -2.256679 7.271639
v 0.821174 -2.796662 7.442356
v 0.393782 -0.612737 5.648050
v 0.543664 -0.845957 6.166711
v 0.745370 -1.159819 6.621320
v 0.991151 -1.542261 6.994409
v 1.271560 -1.978586 7.271639
v 1.575821 -2.452026 7.442356
v 0.977035 -2.139409 7.271639
v 0.761576 -1.667619 6.994409
v 0.572724 -1.254091 6.621320
v 0.417738 -0.914718 6.166711
v 0.302572 -0.662541 5.648050
v 0.231654 -0.507251 5.085271
v 0.550459 -0.476975 5.648050
v 0.759975 -0.658522 6.166711
v 1.041937 -0.902843 6.621320
v 1.385508 -1.200549 6.994409
v 1.777485 -1.540200 7.271639
v 2.202805 -1.908742 7.442356
v 1.908742 -2.202805 7.442356
v 1.540200 -1.777485 7.271639
v 1.200549 -1.385508 6.994409
v 0.902843 -1.041937 6.621320
v 0.658522 -0.759975 6.166711
v 0.476975 -0.550459 5.648050
v 0.365179 -0.421439 5.085271
v 0.662541 -0.302572 5.648050
v 0.914718 -0.417738 6.166711
v 1.254091 -0.572724 6.621320
v 1.667619 -0.761576 6.994409
v 2.139409 -0.977035 7.271639
v 2.452026 -1.575821 7.442356
v 1.978586 -1.271560 7.271639
v 1.542261 -0.991151 6.994409
v 1.159819 -0.745370 6.621320
v 0.845957 -0.543664 6.166711
v 0.612737 -0.393782 5.648050
v 0.469120 -0.301485 5.085271
v 0.551968 -0.079361 5.085271
v 0.720948 -0.103657 5.648050
v 0.995356 -0.143111 6.166711
v 1.364647 -0.196207 6.621320
v 1.814629 -0.260904 6.994409
v 2.328010 -0.334717 7.271639
v 2.885061 -0.414809 7.442356
v 2.796662 -0.821174 7.442356
v 2.256679 -0.662621 7.271639
v 1.759028 -0.516497 6.994409
v 1.322833 -0.388419 6.621320
v 0.964858 -0.283308 6.166711
v 0.698858 -0.205203 5.648050
v 0.535056 -0.157107 5.085271
v 0.551968 0.079361 5.085271
v 0.720948 0.103657 5.648050
v 0.995356 0.143111 6.166711
v 1.364647 0.196207 6.621320
v 1.814629 0.260904 6.994409
v 2.328010 0.334717 7.271639
v 2.885061 0.414809 7.442356
v 2.914729 0.000000 7.442356
v 2.351950 0.000000 7.271639
v 1.833289 0.000000 6.994409
v 1.378680 0.000000 6.621320
v 1.005591 0.000000 6.166711
v 0.728361 0.000000 5.648050
v 0.557644 0.000000 5.085271
v 0.698858 0.205203 5.648050
v 0.964858 0.283308 6.166711
v 1.322833 0.388419 6.621320
v 1.759028 0.516497 6.994409
v 2.256679 0.662621 7.271639
v 2.796662 0.821174 7.442356
v 0.612737 0.393782 5.648050
v 0.845957 0.543664 6.166711
v 1.159819 0.745370 6.621320
v 1.542261 0.991151 6.994409
v 1.978586 1.271560 7.271639
v 2.452026 1.575821 7.442356
v 2.139409 0.977035 7.271639
v 1.667619 0.761576 6.994409
v 1.254091 0.572724 6.621320
v 0.914718 0.417738 6.166711
v 0.662541 0.302572 5.648050
v 0.507251 0.231654 5.085271
v 0.476975 0.550459 5.648050
v 0.658522 0.759975 6.166711
v 0.902843 1.041937 6.621320
v 1.200549 1.385508 6.994409
v 1.540200 1.777485 7.271639
v 1.908742 2.202805 7.442356
v 2.202805 1.908742 7.442356
v 1.777485 1.540200 7.271639
v 1.385508 1.200549 6.994409
v 1.041937 0.902843 6.621320
v 0.759975 0.658522 6.166711
v 0.550459 0.476975 5.648050
v 0.421439 0.365179 5.085271
v 0.302572 0.662541 5.648050
v 0.417738 0.914718 6.166711
v 0.572724 1.254091 6.621320
v 0.761576 1.667619 6.994409
v 0.977035 2.139409 7.271639
v 1.575821 2.452026 7.442356
v 1.271560 1.978586 7.271639
v 0.991151 1.542261 6.994409
v 0.745370 1.159819 6.621320
v 0.543664 0.845957 6.166711
v 0.393782 0.612737 5.648050
v 0.301485 0.469120 5.085271
v 0.079361 0.551968 5.085271
v 0.103657 0.720948 5.648050
v 0.143111 0.995356 6.166711
v 0.196207 1.364647 6.621320
v 0.260904 1.814629 6.994409
v 0.334717 2.328010 7.271639
v 0.414809 2.885061 7.442356
v 0.821174 2.796662 7.442356
v 0.662621 2.256679 7.271639
v 0.516497 1.759028 6.994409
v 0.388419 1.322833 6.621320
v 0.283308 0.964858 6.166711
v 0.205203 0.698858 5.648050
v 0.157107 0.535056 5.085271
v -0.079361 0.551968 5.085271
v -0.103657 0.720948 5.648050
v -0.143111 0.995356 6.166711
v -0.196207 1.364647 6.621320
v -0.260904 1.814629 6.994409
v -0.334717 2.328010 7.271639
v -0.414809 2.885061 7.442356
v 0.000000 2.914729 7.442356
v 0.000000 2.351950 7.271639
v 0.000000 1.833289 6.994409
v 0.000000 1.378680 6.621320
v 0.000000 1.005591 6.166711
v 0.000000 0.728361 5.648050
v 0.000000 0.557644 5.085271
v -0.205203 0.698858 5.648050
v -0.283308 0.964858 6.166711
v -0.388419 1.322833 6.621320
v -0.516497 1.759028 6.994409
v -0.662621 2.256679 7.271639
v -0.821174 2.796662 7.442356
v -0.393782 0.612737 5.648050
v -0.543664 0.845957 6.166711
v -0.745370 1.159819 6.621320
v -0.991151 1.542261 6.994409
v -1.271560 1.978586 7.271639
v -1.575821 2.452026 7.442356
v -0.977035 2.139409 7.271639
v -0.761576 1.667619 6.994409
v -0.572724 1.254091 6.621320
v -0.417738 0.914718 6.166711
v -0.302572 0.662541 5.648050
v -0.231654 0.507251 5.085271
v -0.550459 0.476975 5.648050
v -0.759975 0.658522 6.166711
v -1.041937 0.902843 6.621320
v -1.385508 1.200549 6.994409
v -1.777485 1.540200 7.271639
v -2.202805 1.908742 7.442356
v -1.908742 2.202805 7.442356
v -1.540200 1.777485 7.271639
v -1.200549 1.385508 6.994409
v -0.902843 1.041937 6.621320
v -0.658522 0.759975 6.166711
v -0.476975 0.550459 5.648050
v -0.365179 0.421439 5.085271
v -0.662541 0.302572 5.648050
v -0.914718 0.417738 6.166711
v -1.254091 0.572724 6.621320
v -1.667619 0.761576 6.994409
v -2.139409 0.977035 7.271639
v -2.452026 1.575821 7.442356
v -1.978586 1.271560 7.271639
v -1.542261 0.991151 6.994409
v -1.159819 0.745370 6.621320
v -0.845957 0.543664 6.166711
v -0.612737 0.393782 5.648050
v -0.469120 0.301485 5.085271
v -0.551968 0.079361 5.085271
v -0.720948 0.103657 5.648050
v -0.995356 0.143111 6.166711
v -1.364647 0.196207 6.621320
v -1.814629 0.260904 6.994409
v -2.328010 0.334717 7.271639
v -2.885061 0.414809 7.442356
v -2.796662 0.821174 7.442356
v -2.256679 0.662621 7.271639
v -1.759028 0.516497 6.994409
v -1.322833 0.388419 6.621320
v -0.964858 0.283308 6.166711
v -0.698858 0.205203 5.648050
v -0.535056 0.157107 5.085271
v 5.000000 0.000000 7.500000
v 4.935251 -0.802056 7.500000
v 4.742682 -1.583340 7.500000
v 4.427280 -2.323616 7.500000
v 3.997214 -3.003711 7.500000
v 3.463622 -3.606012 7.500000
v 2.840324 -4.114919 7.500000
v 2.143463 -4.517252 7.500000
v 1.391087 -4.802591 7.500000
v 0.602683 -4.963544 7.500000
v -0.201330 -4.995945 7.500000
v -1.000128 -4.898953 7.500000
v -1.773024 -4.675081 7.500000
v -2.500000 -4.330127 7.500000
v -3.162227 -3.873025 7.500000
v -3.742554 -3.315613 7.500000
v -4.225950 -2.672329 7.500000
v -4.599897 -1.959833 7.500000
v -4.854709 -1.196578 7.500000
v -4.983787 -0.402333 7.500000
v -4.983787 0.402333 7.500000
v -4.854709 1.196578 7.500000
v -4.599897 1.959833 7.500000
v -4.225950 2.672329 7.500000
v -3.742554 3.315613 7.500000
v -3.162227 3.873025 7.500000
v -2.500000 4.330127 7.500000
v -1.773024 4.675081 7.500000
v -1.000128 4.898953 7.500000
v -0.201330 4.995945 7.500000
v 0.602683 4.963544 7.500000
v 1.391087 4.802591 7.500000
v 2.143463 4.517252 7.500000
v 2.840324 4.114919 7.500000
v 3.463622 3.606012 7.500000
v 3.997214 3.003711 7.500000
v 4.427280 2.323616 7.500000
v 4.742682 1.583340 7.500000
v 4.935251 0.802056 7.500000
v 5.000000 0.000000 8.000000
v 4.935251 0.802056 8.000000
v 4.742682 1.583340 8.000000
v 4.427280 2.323616 8.000000
v 3.997214 3.003711 8.000000
v 3.463622 3.606012 8.000000
v 2.840324 4.114919 8.000000
v 2.143463 4.517252 8.000000
v 1.391087 4.802591 8.000000
v 0.602683 4.963544 8.000000
v -0.201330 4.995945 8.000000
v -1.000128 4.898953 8.000000
v -1.773024 4.675081 8.000000
v -2.500000 4.330127 8.000000
v -3.162227 3.873025 8.000000
v -3.742554 3.315613 8.000000
v -4.225950 2.672329 8.000000
v -4.599897 1.959833 8.000000
v -4.854709 1.196578 8.000000
v -4.983787 0.402333 8.000000
v -4.983787 -0.402333 8.000000
v -4.854709 -1.196578 8.000000
v -4.599897 -1.959833 8.000000
v -4.225950 -2.672329 8.000000
v -3.742554 -3.315613 8.000000
v -3.162227 -3.873025 8.000000
v -2.500000 -4.330127 8.000000
v -1.773024 -4.675081 8.000000
v -1.000128 -4.898953 8.000000
v -0.201330 -4.995945 8.000000
v 0.602683 -4.963544 8.000000
v 1.391087 -4.802591 8.000000
v 2.143463 -4.517252 8.000000
v 2.840324 -4.114919 8.000000
v 3.463622 -3.606012 8.000000
v 3.997214 -3.003711 8.000000
v 4.427280 -2.323616 8.000000
v 4.742682 -1.583340 8.000000
v 4.935251 -0.802056 8.000000
v 4.500000 -0.000000 8.500000
v 4.435272 -0.760504 8.500000
v 4.242949 -1.499129 8.500000
v 3.928564 -2.194627 8.500000
v 3.501161 -2.826990 8.500000
v 2.973036 -3.378025 8.500000
v 2.359383 -3.831881 8.500000
v 1.677854 -4.175501 8.500000
v 0.948057 -4.398999 8.500000
v 0.190985 -4.495945 8.500000
v -0.571580 -4.463552 8.500000
v -1.317702 -4.302750 8.500000
v -2.025917 -4.018166 8.500000
v -2.675849 -3.617987 8.500000
v -3.248802 -3.113725 8.500000
v -3.728293 -2.519887 8.500000
v -4.100528 -1.853556 8.500000
v -4.354798 -1.133901 8.500000
v -4.483789 -0.381627 8.500000
v -4.483789 0.381627 8.500000
v -4.354798 1.133901 8.500000
v -4.100528 1.853556 8.500000
v -3.728293 2.519887 8.500000
v -3.248802 3.113725 8.500000
v -2.675849 3.617987 8.500000
v -2.025917 4.018166 8.500000
v -1.317702 4.302750 8.500000
v -0.571580 4.463552 8.500000
v 0.190985 4.495945 8.500000
v 0.948057 4.398999 8.500000
v 1.677854 4.175501 8.500000
v 2.359383 3.831881 8.500000
v 2.973036 3.378025 8.500000
v 3.501161 2.826990 8.500000
v 3.928564 2.194627 8.500000
v 4.242949 1.499129 8.500000
v 4.435272 0.760504 8.500000
v -4.982963 0.000000 8.129410
v -4.933013 0.000000 8.250000
v -4.853553 0.000000 8.353553
v -4.750000 0.000000 8.433013
v -4.629410 -0.000000 8.482963
v 4.915002 0.820169 8.129410
v 4.865733 0.811947 8.250000
v 4.787357 0.798869 8.353553
v 4.685216 0.781824 8.433013
v 4.566270 0.761976 8.482963
v 4.629410 -0.000000 8.482963
v 4.750000 -0.000000 8.433013
v 4.853553 -0.000000 8.353553
v 4.933013 0.000000 8.250000
v 4.982963 0.000000 8.129410
v 4.712972 1.617965 8.129410
v 4.665728 1.601747 8.250000
v 4.590574 1.575946 8.353553
v 4.492632 1.542322 8.433013
v 4.378575 1.503167 8.482963
v 4.382385 2.371628 8.129410
v 4.338455 2.347855 8.250000
v 4.268573 2.310036 8.353553
v 4.177500 2.260750 8.433013
v 4.071444 2.203355 8.482963
v 3.932258 3.060599 8.129410
v 3.892840 3.029919 8.250000
v 3.830136 2.981114 8.353553
v 3.748417 2.917510 8.433013
v 3.653255 2.843442 8.482963
v 3.374869 3.666085 8.129410
v 3.341039 3.629335 8.250000
v 3.287222 3.570875 8.353553
v 3.217087 3.494689 8.433013
v 3.135414 3.405967 8.482963
v 2.725422 4.171570 8.129410
v 2.698102 4.129753 8.250000
v 2.654642 4.063232 8.353553
v 2.598004 3.976541 8.433013
v 2.532047 3.875586 8.482963
v 2.001633 4.563265 8.129410
v 1.981569 4.517521 8.250000
v 1.949650 4.444755 8.353553
v 1.908053 4.349923 8.433013
v 1.859613 4.239490 8.482963
v 1.223245 4.830486 8.129410
v 1.210983 4.782064 8.250000
v 1.191477 4.705036 8.353553
v 1.166056 4.604651 8.433013
v 1.136453 4.487751 8.482963
v 0.411490 4.965944 8.129410
v 0.407365 4.916164 8.250000
v 0.400803 4.836976 8.353553
v 0.392252 4.733776 8.433013
v 0.382294 4.613598 8.482963
v -0.411490 4.965944 8.129410
v -0.407365 4.916164 8.250000
v -0.400803 4.836976 8.353553
v -0.392252 4.733776 8.433013
v -0.382294 4.613598 8.482963
v -1.223245 4.830486 8.129410
v -1.210983 4.782064 8.250000
v -1.191477 4.705036 8.353553
v -1.166056 4.604651 8.433013
v -1.136453 4.487751 8.482963
v -2.001633 4.563265 8.129410
v -1.981569 4.517521 8.250000
v -1.949650 4.444755 8.353553
v -1.908053 4.349923 8.433013
v -1.859613 4.239490 8.482963
v -2.725422 4.171570 8.129410
v -2.698102 4.129753 8.250000
v -2.654642 4.063232 8.353553
v -2.598004 3.976541 8.433013
v -2.532047 3.875586 8.482963
v -3.374869 3.666085 8.129410
v -3.341039 3.629335 8.250000
v -3.287222 3.570875 8.353553
v -3.217087 3.494689 8.433013
v -3.135414 3.405967 8.482963
v -3.932258 3.060599 8.129410
v -3.892840 3.029919 8.250000
v -3.830136 2.981114 8.353553
v -3.748417 2.917510 8.433013
v -3.653255 2.843442 8.482963
v -4.382385 2.371628 8.129410
v -4.338455 2.347855 8.250000
v -4.268573 2.310036 8.353553
v -4.177500 2.260750 8.433013
v -4.071444 2.203355 8.482963
v -4.712972 1.617965 8.129410
v -4.665728 1.601747 8.250000
v -4.590574 1.575946 8.353553
v -4.492632 1.542322 8.433013
v -4.378575 1.503167 8.482963
v -4.915002 0.820169 8.129410
v -4.865733 0.811947 8.250000
v -4.787357 0.798869 8.353553
v -4.685216 0.781824 8.433013
v -4.566270 0.761976 8.482963
v -4.915002 -0.820169 8.129410
v -4.865733 -0.811947 8.250000
v -4.787357 -0.798869 8.353553
v -4.685216 -0.781824 8.433013
v -4.566270 -0.761976 8.482963
v -4.712972 -1.617965 8.129410
v -4.665728 -1.601747 8.250000
v -4.590574 -1.575946 8.353553
v -4.492632 -1.542322 8.433013
v -4.378575 -1.503167 8.482963
v -4.382385 -2.371628 8.129410
v -4.338455 -2.347855 8.250000
v -4.268573 -2.310036 8.353553
v -4.177500 -2.260750 8.433013
v -4.071444 -2.203355 8.482963
v -3.932258 -3.060599 8.129410
v -3.892840 -3.029919 8.250000
v -3.830136 -2.981114 8.353553
v -3.748417 -2.917510 8.433013
v -3.653255 -2.843442 8.482963
v -3.374869 -3.666085 8.129410
v -3.341039 -3.629335 8.250000
v -3.287222 -3.570875 8.353553
v -3.217087 -3.494689 8.433013
v -3.135414 -3.405967 8.482963
v -2.725422 -4.171570 8.129410
v -2.698102 -4.129753 8.250000
v -2.654642 -4.063232 8.353553
v -2.598004 -3.976541 8.433013
v -2.532047 -3.875586 8.482963
v -2.001633 -4.563265 8.129410
v -1.981569 -4.517521 8.250000
v -1.949650 -4.444755 8.353553
v -1.908053 -4.349923 8.433013
v -1.859613 -4.239490 8.482963
v -1.223245 -4.830486 8.129410
v -1.210983 -4.782064 8.250000
v -1.191477 -4.705036 8.353553
v -1.166056 -4.604651 8.433013
v -1.136453 -4.487751 8.482963
v -0.411490 -4.965944 8.129410
v -0.407365 -4.916164 8.250000
v -0.400803 -4.836976 8.353553
v -0.392252 -4.733776 8.433013
v -0.382294 -4.613598 8.482963
v 0.411490 -4.965944 8.129410
v 0.407365 -4.916164 8.250000
v 0.400803 -4.836976 8.353553
v 0.392252 -4.733776 8.433013
v 0.382294 -4.613598 8.482963
v 1.223245 -4.830486 8.129410
v 1.210983 -4.782064 8.250000
v 1.191477 -4.705036 8.353553
v 1.166056 -4.604651 8.433013
v 1.136453 -4.487751 8.482963
v 2.001633 -4.563265 8.129410
v 1.981569 -4.517521 8.250000
v 1.949650 -4.444755 8.353553
v 1.908053 -4.349923 8.433013
v 1.859613 -4.239490 8.482963
v 2.725422 -4.171570 8.129410
v 2.698102 -4.129753 8.250000
v 2.654642 -4.063232 8.353553
v 2.598004 -3.976541 8.433013
v 2.532047 -3.875586 8.482963
v 3.374869 -3.666085 8.129410
v 3.341039 -3.629335 8.250000
v 3.287222 -3.570875 8.353553
v 3.217087 -3.494689 8.433013
v 3.135414 -3.405967 8.482963
v 3.932258 -3.060599 8.129410
v 3.892840 -3.029919 8.250000
v 3.830136 -2.981114 8.353553
v 3.748417 -2.917510 8.433013
v 3.653255 -2.843442 8.482963
v 4.382385 -2.371628 8.129410
v 4.338455 -2.347855 8.250000
v 4.268573 -2.310036 8.353553
v 4.177500 -2.260750 8.433013
v 4.071444 -2.203355 8.482963
v 4.712972 -1.617965 8.129410
v 4.665728 -1.601747 8.250000
v 4.590574 -1.575946 8.353553
v 4.492632 -1.542322 8.433013
v 4.378575 -1.503167 8.482963
v 4.915002 -0.820169 8.129410
v 4.865733 -0.811947 8.250000
v 4.787357 -0.798869 8.353553
v 4.685216 -0.781824 8.433013
v 4.566270 -0.761976 8.482963
v -3.622499 -0.000000 8.500000
v -3.557036 0.685562 8.500000
v -3.363012 1.346347 8.500000
v -3.047440 1.958471 8.500000
v -2.621726 2.499811 8.500000
v -2.101256 2.950801 8.500000
v -1.504840 3.295141 8.500000
v -0.854037 3.520386 8.500000
v -0.172365 3.618396 8.500000
v 0.515535 3.585627 8.500000
v 1.184803 3.423265 8.500000
v 1.811249 3.137176 8.500000
v 2.372232 2.737702 8.500000
v 2.847477 2.239280 8.500000
v 3.219806 1.659925 8.500000
v 3.475762 1.020576 8.500000
v 3.606096 0.344340 8.500000
v 3.606096 -0.344340 8.500000
v 3.475762 -1.020576 8.500000
v 3.219806 -1.659925 8.500000
v 2.847477 -2.239280 8.500000
v 2.372232 -2.737702 8.500000
v 1.811249 -3.137176 8.500000
v 1.184803 -3.423265 8.500000
v 0.515535 -3.585627 8.500000
v -0.172365 -3.618396 8.500000
v -0.854037 -3.520386 8.500000
v -1.504840 -3.295141 8.500000
v -2.101256 -2.950801 8.500000
v -2.621726 -2.499811 8.500000
v -3.047440 -1.958471 8.500000
v -3.363012 -1.346347 8.500000
v -3.557036 -0.685562 8.500000
v -0.500000 -0.000000 8.000000
v -0.482963 0.129410 8.000000
v -0.433013 0.250000 8.000000
v -0.353553 0.353553 8.000000
v -0.250000 0.433013 8.000000
v -0.129410 0.482963 8.000000
v -0.000000 0.500000 8.000000
v 0.129410 0.482963 8.000000
v 0.250000 0.433013 8.000000
v 0.353553 0.353553 8.000000
v 0.433013 0.250000 8.000000
v 0.482963 0.129410 8.000000
v 0.500000 0.000000 8.000000
v 0.482963 -0.129410 8.000000
v 0.433013 -0.250000 8.000000
v 0.353553 -0.353553 8.000000
v 0.250000 -0.433013 8.000000
v 0.129410 -0.482963 8.000000
v 0.000000 -0.500000 8.000000
v -0.129410 -0.482963 8.000000
v -0.250000 -0.433013 8.000000
v -0.353553 -0.353553 8.000000
v -0.433013 -0.250000 8.000000
v -0.482963 -0.129410 8.000000
v -1.521209 -0.000000 8.276737
v -2.565940 -0.000000 8.444028
v -2.451942 0.756324 8.444028
v -1.513649 0.151463 8.276737
v -2.253464 1.227171 8.444028
v -1.401757 0.590890 8.276737
v -1.965624 1.649354 8.444028
v -1.256881 0.856927 8.276737
v -1.599837 2.006133 8.444028
v -1.170609 2.283358 8.444028
v -0.948458 1.189329 8.276737
v -0.937443 2.388566 8.444028
v -0.555760 1.416053 8.276737
v -0.445571 2.526958 8.444028
v -0.264155 1.498098 8.276737
v 0.063971 2.565142 8.444028
v 0.570975 2.501606 8.444028
v 0.189153 1.509403 8.276737
v 0.484485 1.441995 8.276737
v 1.880967 1.745282 8.444028
v 0.887996 1.235127 8.276737
v 2.189493 1.337971 8.444028
v 1.212605 0.918512 8.276737
v 2.411195 0.877603 8.444028
v 1.370562 0.660028 8.276737
v 2.537281 0.382434 8.444028
v 2.562750 -0.127902 8.444028
v 1.504218 0.226724 8.276737
v 2.537281 -0.382434 8.444028
v 1.504218 -0.226724 8.276737
v 2.411195 -0.877603 8.444028
v 1.429468 -0.520284 8.276737
v 2.189493 -1.337971 8.444028
v 1.880967 -1.745282 8.444028
v 1.212605 -0.918512 8.276737
v 1.006562 -1.140574 8.276737
v 0.570975 -2.501606 8.444028
v 0.625653 -1.386590 8.276737
v 0.063971 -2.565142 8.444028
v 0.189153 -1.509403 8.276737
v -0.445571 -2.526958 8.444028
v -0.113680 -1.516955 8.276737
v -0.937443 -2.388566 8.444028
v -1.392141 -2.155456 8.444028
v -0.555760 -1.416053 8.276737
v -1.599837 -2.006133 8.444028
v -0.948458 -1.189329 8.276737
v -1.965624 -1.649354 8.444028
v -1.165313 -0.977814 8.276737
v -2.253464 -1.227171 8.444028
v -2.451942 -0.756324 8.444028
v -1.401757 -0.590890 8.276737
v -1.491047 -0.301422 8.276737
v -2.553189 0.255485 8.444028
v -1.453625 0.448384 8.276737
v -2.515064 0.508431 8.444028
v -1.491047 0.301422 8.276737
v -2.120079 1.445445 8.444028
v -1.335958 0.727524 8.276737
v -1.062164 1.088983 8.276737
v -1.791634 1.836871 8.444028
v -1.165313 0.977814 8.276737
v -0.693992 1.353681 8.276737
v -1.392141 2.155456 8.444028
v -0.825326 1.277855 8.276737
v -0.694960 2.470036 8.444028
v -0.412005 1.464352 8.276737
v 0.037925 1.520736 8.276737
v -0.191753 2.558765 8.444028
v -0.113680 1.516955 8.276737
v 0.817218 2.432325 8.444028
v 0.338501 1.483069 8.276737
v 1.497851 2.083384 8.444028
v 1.282970 2.222169 8.444028
v 0.760604 1.317405 8.276737
v 1.115125 1.034685 8.276737
v 1.697846 1.923894 8.444028
v 1.006562 1.140574 8.276737
v 2.311832 1.113320 8.444028
v 1.298033 0.793212 8.276737
v 1.474169 0.375369 8.276737
v 2.486594 0.633165 8.444028
v 1.429468 0.520284 8.276737
v 1.519318 -0.075826 8.276737
v 2.562750 0.127902 8.444028
v 1.519318 0.075826 8.276737
v 2.486594 -0.633165 8.444028
v 1.474169 -0.375369 8.276737
v 1.298033 -0.793212 8.276737
v 2.311832 -1.113320 8.444028
v 1.370562 -0.660028 8.276737
v 1.697846 -1.923894 8.444028
v 1.115125 -1.034685 8.276737
v 1.055338 -2.338869 8.444028
v 1.282970 -2.222169 8.444028
v 0.760604 -1.317405 8.276737
v 0.338501 -1.483069 8.276737
v 0.817218 -2.432325 8.444028
v 0.484485 -1.441995 8.276737
v -0.191753 -2.558765 8.444028
v 0.037925 -1.520736 8.276737
v -0.412005 -1.464352 8.276737
v -0.694960 -2.470036 8.444028
v -0.264155 -1.498098 8.276737
v -0.825326 -1.277855 8.276737
v -1.170609 -2.283358 8.444028
v -0.693992 -1.353681 8.276737
v -1.791634 -1.836871 8.444028
v -1.062164 -1.088983 8.276737
v -1.335958 -0.727524 8.276737
v -2.120079 -1.445445 8.444028
v -1.256881 -0.856927 8.276737
v -2.515064 -0.508431 8.444028
v -1.453625 -0.448384 8.276737
v -2.553189 -0.255485 8.444028
v -1.513649 -0.151463 8.276737
v -2.364453 -0.996700 8.444028
v 0.319058 -2.546026 8.444028
v 1.497851 -2.083384 8.444028
v 0.887996 -1.235127 8.276737
v 2.045394 -1.549326 8.444028
v 2.045394 1.549326 8.444028
v 1.055338 2.338869 8.444028
v 0.625653 1.386590 8.276737
v 0.319058 2.546026 8.444028
v -2.364453 0.996700 8.444028
vt -1.000000 0.000000 0.000000
vt -0.000000 0.000000 0.000000
vt -1.000000 0.285300 0.000000
vt -0.000000 0.285300 0.000000
vt -1.000000 0.570599 0.000000
vt -0.000000 0.570599 0.000000
vt -1.000000 0.855899 0.000000
vt -0.000000 0.855899 0.000000
vt -1.000000 1.141199 0.000000
vt -0.000000 1.141199 0.000000
vt -1.000000 1.426498 0.000000
vt -0.000000 1.426498 0.000000
vt -1.000000 1.711798 0.000000
vt -0.000000 1.711798 0.000000
vt 0.000000 1.000000 0.000000
vt 0.088328 0.729369 0.000000
vt 3.000000 1.000000 0.000000
vt 0.235599 0.485741 0.000000
vt 0.434175 0.281754 0.000000
vt 1.224745 0.000000 0.000000
vt 0.673756 0.127988 0.000000
vt 0.941916 0.032417 0.000000
vt 3.000000 0.000000 0.000000
vt 0.500000 3.775255 0.000000
vt -0.500000 3.775255 0.000000
vt 0.500000 2.000000 0.000000
vt -0.500000 2.000000 0.000000
vt 0.551111 1.611771 0.000000
vt -0.551111 1.611771 0.000000
vt -0.000000 1.250000 0.000000
vt -0.323524 1.207407 0.000000
vt -0.700962 1.250000 0.000000
vt -0.625000 1.082532 0.000000
vt -0.939340 0.939340 0.000000
vt -0.883883 0.883883 0.000000
vt -1.082532 0.625000 0.000000
vt -1.250000 0.700962 0.000000
vt -1.207407 0.323524 0.000000
vt -1.611771 0.551111 0.000000
vt -1.250000 0.000000 0.000000
vt -2.000000 0.500000 0.000000
vt -2.000000 -0.500000 0.000000
vt -3.775255 -0.500000 0.000000
vt -3.775255 0.500000 0.000000
vt -1.611771 -0.551111 0.000000
vt -1.207407 -0.323524 0.000000
vt -1.250000 -0.700962 0.000000
vt -1.082532 -0.625000 0.000000
vt -0.939340 -0.939340 0.000000
vt -0.883883 -0.883883 0.000000
vt -0.625000 -1.082532 0.000000
vt -0.700962 -1.250000 0.000000
vt -0.323524 -1.207407 0.000000
vt -0.551111 -1.611771 0.000000
vt -0.000000 -1.250000 0.000000
vt 0.551111 -1.611771 0.000000
vt 0.323524 -1.207407 0.000000
vt 0.700962 -1.250000 0.000000
vt 0.625000 -1.082532 0.000000
vt 0.939340 -0.939340 0.000000
vt 0.883883 -0.883883 0.000000
vt 1.082532 -0.625000 0.000000
vt 1.250000 -0.700962 0.000000
vt 1.207407 -0.323524 0.000000
vt 1.611771 -0.551111 0.000000
vt 1.250000 0.000000 0.000000
vt 2.000000 -0.500000 0.000000
vt 2.000000 0.500000 0.000000
vt 4.116117 0.000000 0.000000
vt 4.116117 0.500000 0.000000
vt 0.500000 -2.000000 0.000000
vt -0.500000 -2.000000 0.000000
vt 0.500000 -3.775255 0.000000
vt -0.500000 -3.775255 0.000000
vt 4.116117 -0.500000 0.000000
vt 1.611771 0.551111 0.000000
vt 1.207407 0.323524 0.000000
vt 1.250000 0.700962 0.000000
vt 1.082532 0.625000 0.000000
vt 0.939340 0.939340 0.000000
vt 0.883883 0.883883 0.000000
vt 0.625000 1.082532 0.000000
vt 0.700962 1.250000 0.000000
vt 0.323524 1.207407 0.000000
vt -1.000000 0.000000 0.000000
vt -0.000000 0.000000 0.000000
vt -1.000000 0.285300 0.000000
vt -0.000000 0.285300 0.000000
vt -1.000000 0.570599 0.000000
vt -0.000000 0.570599 0.000000
vt -1.000000 0.855899 0.000000
vt -0.000000 0.855899 0.000000
vt -1.000000 1.141199 0.000000
vt -0.000000 1.141199 0.000000
vt -1.000000 1.426498 0.000000
vt -0.000000 1.426498 0.000000
vt -1.000000 1.711798 0.000000
vt -0.000000 1.711798 0.000000
vt 0.000000 1.000000 0.000000
vt 0.088328 0.729369 0.000000
vt 3.000000 1.000000 0.000000
vt 0.235599 0.485741 0.000000
vt 0.434175 0.281754 0.000000
vt 1.224745 0.000000 0.000000
vt 0.673756 0.127988 0.000000
vt 0.941916 0.032417 0.000000
vt 3.000000 0.000000 0.000000
vt -1.000000 0.000000 0.000000
vt -0.000000 0.000000 0.000000
vt -1.000000 0.285300 0.000000
vt -0.000000 0.285300 0.000000
vt -1.000000 0.570599 0.000000
vt -0.000000 0.570599 0.000000
vt -1.000000 0.855899 0.000000
vt -0.000000 0.855899 0.000000
vt -1.000000 1.141199 0.000000
vt -0.000000 1.141199 0.000000
vt -1.000000 1.426498 0.000000
vt -0.000000 1.426498 0.000000
vt -1.000000 1.711798 0.000000
vt -0.000000 1.711798 0.000000
vt 0.000000 1.000000 0.000000
vt 0.088328 0.729369 0.000000
vt 3.000000 1.000000 0.000000
vt 0.235599 0.485741 0.000000
vt 0.434175 0.281754 0.000000
vt 1.224745 0.000000 0.000000
vt 0.673756 0.127988 0.000000
vt 0.941916 0.032417 0.000000
vt 3.000000 0.000000 0.000000
vt 1.035534 0.500000 0.000000
vt 1.035534 1.000001 0.000000
vt 0.910015 0.750001 0.000000
vt 0.803129 1.000001 0.000000
vt 0.768805 0.750001 0.000000
vt 0.660690 1.000001 0.000000
vt 0.627596 0.750001 0.000000
vt 0.587766 1.000001 0.000000
vt 0.556992 0.750001 0.000000
vt 0.514885 1.000001 0.000000
vt 0.486387 0.750001 0.000000
vt 0.443120 1.000001 0.000000
vt 0.415783 0.750001 0.000000
vt 0.373080 1.000001 0.000000
vt 0.345178 0.750001 0.000000
vt 0.282418 0.750001 0.000000
vt 0.345178 0.500000 0.000000
vt 0.282418 0.500000 0.000000
vt 0.345178 0.375000 0.000000
vt 0.282418 0.375000 0.000000
vt 0.345178 0.250000 0.000000
vt 0.282418 0.250000 0.000000
vt 0.345178 0.187500 0.000000
vt 0.282418 0.187500 0.000000
vt 0.345178 0.125000 0.000000
vt 0.282418 0.125000 0.000000
vt 0.345178 0.062500 0.000000
vt 0.282418 0.062500 0.000000
vt 0.374844 0.000000 0.000000
vt 0.232405 -0.000000 0.000000
vt 0.141209 0.062500 0.000000
vt 0.000000 0.000000 0.000000
vt 0.141209 0.125000 0.000000
vt 0.141209 0.187500 0.000000
vt 0.236112 1.000001 0.000000
vt 0.141209 0.750001 0.000000
vt 0.141209 0.500000 0.000000
vt 0.141209 0.375000 0.000000
vt 0.141209 0.250000 0.000000
vt 0.108967 1.000001 0.000000
vt 0.000000 1.000001 0.000000
vt 0.000000 0.500000 0.000000
vt 0.415783 0.062500 0.000000
vt 0.447768 0.000000 0.000000
vt 0.486387 0.062500 0.000000
vt 0.520649 0.000000 0.000000
vt 0.556992 0.062500 0.000000
vt 0.592414 0.000000 0.000000
vt 0.627596 0.062500 0.000000
vt 0.662453 0.000000 0.000000
vt 0.768805 0.062500 0.000000
vt 0.799422 0.000000 0.000000
vt 0.910015 0.062500 0.000000
vt 0.926566 -0.000000 0.000000
vt 1.035534 -0.000000 0.000000
vt 0.910015 0.250000 0.000000
vt 0.910015 0.187500 0.000000
vt 0.910015 0.125000 0.000000
vt 0.768805 0.187500 0.000000
vt 0.768805 0.125000 0.000000
vt 0.627596 0.187500 0.000000
vt 0.627596 0.125000 0.000000
vt 0.556992 0.187500 0.000000
vt 0.556992 0.125000 0.000000
vt 0.486387 0.187500 0.000000
vt 0.486387 0.125000 0.000000
vt 0.415783 0.187500 0.000000
vt 0.415783 0.125000 0.000000
vt 0.910015 0.375000 0.000000
vt 0.910015 0.500000 0.000000
vt 0.768805 0.500000 0.000000
vt 0.415783 0.500000 0.000000
vt 0.415783 0.375000 0.000000
vt 0.415783 0.250000 0.000000
vt 0.486387 0.500000 0.000000
vt 0.486387 0.375000 0.000000
vt 0.486387 0.250000 0.000000
vt 0.556992 0.500000 0.000000
vt 0.556992 0.375000 0.000000
vt 0.556992 0.250000 0.000000
vt 0.627596 0.500000 0.000000
vt 0.627596 0.375000 0.000000
vt 0.627596 0.250000 0.000000
vt 0.768805 0.375000 0.000000
vt 0.768805 0.250000 0.000000
vt 0.000000 1.000000 0.000000
vt 0.000000 0.883883 0.000000
vt 3.000000 1.000000 0.000000
vt 0.009045 0.656445 0.000000
vt 0.040103 0.459728 0.000000
vt 0.883883 0.000000 0.000000
vt 0.096334 0.303731 0.000000
vt 0.134560 0.240504 0.000000
vt 0.181028 0.185104 0.000000
vt 0.236643 0.137338 0.000000
vt 0.302016 0.097214 0.000000
vt 0.464661 0.038908 0.000000
vt 3.000000 0.000000 0.000000
vt -1.178097 -2.072501 0.000000
vt -1.374447 -2.072501 0.000000
vt -1.178097 -2.260910 0.000000
vt -1.374447 -2.260910 0.000000
vt -1.178097 2.260910 0.000000
vt -1.374447 2.260910 0.000000
vt -1.178097 2.072501 0.000000
vt -1.374447 2.072501 0.000000
vt -1.178097 1.884091 0.000000
vt -1.374447 1.884091 0.000000
vt -1.178097 1.695682 0.000000
vt -1.374447 1.695682 0.000000
vt -1.178097 1.507273 0.000000
vt -1.374447 1.507273 0.000000
vt -1.178097 1.318864 0.000000
vt -1.374447 1.318864 0.000000
vt -1.178097 1.130455 0.000000
vt -1.374447 1.130455 0.000000
vt -1.178097 0.942046 0.000000
vt -1.374447 0.942046 0.000000
vt -1.178097 0.753637 0.000000
vt -1.374447 0.753637 0.000000
vt -1.178097 0.565227 0.000000
vt -1.374447 0.565227 0.000000
vt -1.178097 0.376818 0.000000
vt -1.374447 0.376818 0.000000
vt -1.178097 0.188409 0.000000
vt -1.374447 0.188409 0.000000
vt -1.178097 0.000000 0.000000
vt -1.374447 0.000000 0.000000
vt -1.178097 -0.188409 0.000000
vt -1.374447 -0.188409 0.000000
vt -1.178097 -0.376818 0.000000
vt -1.374447 -0.376818 0.000000
vt -1.178097 -0.565227 0.000000
vt -1.374447 -0.565227 0.000000
vt -1.178097 -0.753637 0.000000
vt -1.374447 -0.753637 0.000000
vt -1.178097 -0.942046 0.000000
vt -1.374447 -0.942046 0.000000
vt -1.178097 -1.130455 0.000000
vt -1.374447 -1.130455 0.000000
vt -1.178097 -1.318864 0.000000
vt -1.374447 -1.318864 0.000000
vt -1.178097 -1.507273 0.000000
vt -1.374447 -1.507273 0.000000
vt -1.178097 -1.695682 0.000000
vt -1.374447 -1.695682 0.000000
vt -1.178097 -1.884091 0.000000
vt -1.374447 -1.884091 0.000000
vt -2.356194 2.072501 0.000000
vt -2.159845 2.072501 0.000000
vt -2.356194 2.260910 0.000000
vt -2.159845 2.260910 0.000000
vt -2.356194 -2.260910 0.000000
vt -2.159845 -2.260910 0.000000
vt -2.356194 -2.072501 0.000000
vt -2.159845 -2.072501 0.000000
vt -2.356194 -1.884091 0.000000
vt -2.159845 -1.884091 0.000000
vt -2.356194 -1.695682 0.000000
vt -2.159845 -1.695682 0.000000
vt -2.356194 -1.507273 0.000000
vt -2.159845 -1.507273 0.000000
vt -2.356194 -1.318864 0.000000
vt -2.159845 -1.318864 0.000000
vt -2.356194 -1.130455 0.000000
vt -2.159845 -1.130455 0.000000
vt -2.356194 -0.942046 0.000000
vt -2.159845 -0.942046 0.000000
vt -2.356194 -0.753637 0.000000
vt -2.159845 -0.753637 0.000000
vt -2.356194 -0.565227 0.000000
vt -2.159845 -0.565227 0.000000
vt -2.356194 -0.376818 0.000000
vt -2.159845 -0.376818 0.000000
vt -2.356194 -0.188409 0.000000
vt -2.159845 -0.188409 0.000000
vt -2.356194 0.000000 0.000000
vt -2.159845 0.000000 0.000000
vt -2.356194 0.188409 0.000000
vt -2.159845 0.188409 0.000000
vt -2.356194 0.376818 0.000000
vt -2.159845 0.376818 0.000000
vt -2.356194 0.565227 0.000000
vt -2.159845 0.565227 0.000000
vt -2.356194 0.753637 0.000000
vt -2.159845 0.753637 0.000000
vt -2.356194 0.942046 0.000000
vt -2.159845 0.942046 0.000000
vt -2.356194 1.130455 0.000000
vt -2.159845 1.130455 0.000000
vt -2.356194 1.318864 0.000000
vt -2.159845 1.318864 0.000000
vt -2.356194 1.507273 0.000000
vt -2.159845 1.507273 0.000000
vt -2.356194 1.695682 0.000000
vt -2.159845 1.695682 0.000000
vt -2.356194 1.884091 0.000000
vt -2.159845 1.884091 0.000000
vt -1.570796 2.260910 0.000000
vt -1.570796 2.072501 0.000000
vt -1.570796 1.884091 0.000000
vt -1.570796 1.695682 0.000000
vt -1.570796 1.507273 0.000000
vt -1.570796 1.318864 0.000000
vt -1.570796 1.130455 0.000000
vt -1.570796 0.942046 0.000000
vt -1.570796 0.753637 0.000000
vt -1.570796 0.565227 0.000000
vt -1.570796 0.376818 0.000000
vt -1.570796 0.188409 0.000000
vt -1.570796 0.000000 0.000000
vt -1.570796 -0.188409 0.000000
vt -1.570796 -0.376818 0.000000
vt -1.570796 -0.565227 0.000000
vt -1.570796 -0.753637 0.000000
vt -1.570796 -0.942046 0.000000
vt -1.570796 -1.130455 0.000000
vt -1.570796 -1.318864 0.000000
vt -1.570796 -1.507273 0.000000
vt -1.570796 -1.695682 0.000000
vt -1.570796 -1.884091 0.000000
vt -1.570796 -2.072501 0.000000
vt -1.570796 -2.260910 0.000000
vt -1.767146 2.260910 0.000000
vt -1.767146 2.072501 0.000000
vt -1.767146 1.884091 0.000000
vt -1.767146 1.695682 0.000000
vt -1.767146 1.507273 0.000000
vt -1.767146 1.318864 0.000000
vt -1.767146 1.130455 0.000000
vt -1.767146 0.942046 0.000000
vt -1.767146 0.753637 0.000000
vt -1.767146 0.565227 0.000000
vt -1.767146 0.376818 0.000000
vt -1.767146 0.188409 0.000000
vt -1.767146 0.000000 0.000000
vt -1.767146 -0.188409 0.000000
vt -1.767146 -0.376818 0.000000
vt -1.767146 -0.565227 0.000000
vt -1.767146 -0.753637 0.000000
vt -1.767146 -0.942046 0.000000
vt -1.767146 -1.130455 0.000000
vt -1.767146 -1.318864 0.000000
vt -1.767146 -1.507273 0.000000
vt -1.767146 -1.695682 0.000000
vt -1.767146 -1.884091 0.000000
vt -1.767146 -2.072501 0.000000
vt -1.767146 -2.260910 0.000000
vt -1.963495 2.260910 0.000000
vt -1.963495 2.072501 0.000000
vt -1.963495 1.884091 0.000000
vt -1.963495 1.695682 0.000000
vt -1.963495 1.507273 0.000000
vt -1.963495 1.318864 0.000000
vt -1.963495 1.130455 0.000000
vt -1.963495 0.942046 0.000000
vt -1.963495 0.753637 0.000000
vt -1.963495 0.565227 0.000000
vt -1.963495 0.376818 0.000000
vt -1.963495 0.188409 0.000000
vt -1.963495 0.000000 0.000000
vt -1.963495 -0.188409 0.000000
vt -1.963495 -0.376818 0.000000
vt -1.963495 -0.565227 0.000000
vt -1.963495 -0.753637 0.000000
vt -1.963495 -0.942046 0.000000
vt -1.963495 -1.130455 0.000000
vt -1.963495 -1.318864 0.000000
vt -1.963495 -1.507273 0.000000
vt -1.963495 -1.695682 0.000000
vt -1.963495 -1.884091 0.000000
vt -1.963495 -2.072501 0.000000
vt -1.963495 -2.260910 0.000000
vt -4.500000 1.439897 0.000000
vt -2.625000 1.439897 0.000000
vt -4.500000 1.570796 0.000000
vt -2.625000 1.570796 0.000000
vt -4.500000 -1.570796 0.000000
vt -2.625000 -1.570796 0.000000
vt -4.500000 -1.439897 0.000000
vt -2.625000 -1.439897 0.000000
vt -4.500000 -1.308997 0.000000
vt -2.625000 -1.308997 0.000000
vt -4.500000 -1.178097 0.000000
vt -2.625000 -1.178097 0.000000
vt -4.500000 -1.047198 0.000000
vt -2.625000 -1.047198 0.000000
vt -4.500000 -0.916298 0.000000
vt -2.625000 -0.916298 0.000000
vt -4.500000 -0.785398 0.000000
vt -2.625000 -0.785398 0.000000
vt -4.500000 -0.654498 0.000000
vt -2.625000 -0.654498 0.000000
vt -4.500000 -0.523599 0.000000
vt -2.625000 -0.523599 0.000000
vt -4.500000 -0.392699 0.000000
vt -2.625000 -0.392699 0.000000
vt -4.500000 -0.261799 0.000000
vt -2.625000 -0.261799 0.000000
vt -4.500000 -0.130900 0.000000
vt -2.625000 -0.130900 0.000000
vt -4.500000 0.000000 0.000000
vt -2.625000 0.000000 0.000000
vt -4.500000 0.130900 0.000000
vt -2.625000 0.130900 0.000000
vt -4.500000 0.261799 0.000000
vt -2.625000 0.261799 0.000000
vt -4.500000 0.392699 0.000000
vt -2.625000 0.392699 0.000000
vt -4.500000 0.523599 0.000000
vt -2.625000 0.523599 0.000000
vt -4.500000 0.654498 0.000000
vt -2.625000 0.654498 0.000000
vt -4.500000 0.785398 0.000000
vt -2.625000 0.785398 0.000000
vt -4.500000 0.916298 0.000000
vt -2.625000 0.916298 0.000000
vt -4.500000 1.047198 0.000000
vt -2.625000 1.047198 0.000000
vt -4.500000 1.178097 0.000000
vt -2.625000 1.178097 0.000000
vt -4.500000 1.308997 0.000000
vt -2.625000 1.308997 0.000000
vt -0.750000 -1.439897 0.000000
vt -0.750000 -1.570796 0.000000
vt -0.750000 1.570796 0.000000
vt -0.750000 1.439897 0.000000
vt -0.750000 1.308997 0.000000
vt -0.750000 1.178097 0.000000
vt -0.750000 1.047198 0.000000
vt -0.750000 0.916298 0.000000
vt -0.750000 0.785398 0.000000
vt -0.750000 0.654498 0.000000
vt -0.750000 0.523599 0.000000
vt -0.750000 0.392699 0.000000
vt -0.750000 0.261799 0.000000
vt -0.750000 0.130900 0.000000
vt -0.750000 0.000000 0.000000
vt -0.750000 -0.130900 0.000000
vt -0.750000 -0.261799 0.000000
vt -0.750000 -0.392699 0.000000
vt -0.750000 -0.523599 0.000000
vt -0.750000 -0.654498 0.000000
vt -0.750000 -0.785398 0.000000
vt -0.750000 -0.916298 0.000000
vt -0.750000 -1.047198 0.000000
vt -0.750000 -1.178097 0.000000
vt -0.750000 -1.308997 0.000000
vt 1.000000 1.178097 0.000000
vt 0.000000 1.178097 0.000000
vt 1.000000 0.785398 0.000000
vt 0.000000 0.785398 0.000000
vt 1.000000 0.392699 0.000000
vt 0.000000 0.392699 0.000000
vt 1.000000 0.000000 0.000000
vt 0.000000 0.000000 0.000000
vt 1.000000 -0.392699 0.000000
vt 0.000000 -0.392699 0.000000
vt 1.000000 -0.785398 0.000000
vt 0.000000 -0.785398 0.000000
vt 1.000000 -1.178097 0.000000
vt 0.000000 -1.178097 0.000000
vt 3.843555 0.009045 0.000000
vt 4.196269 0.096334 0.000000
vt 3.616117 0.000000 0.000000
vt 4.259496 0.134560 0.000000
vt 4.314896 0.181028 0.000000
vt 4.040272 0.040103 0.000000
vt 4.362662 0.236643 0.000000
vt 4.402786 0.302016 0.000000
vt 4.461092 0.464661 0.000000
vt 1.500000 1.000000 0.000000
vt 4.500000 0.883883 0.000000
vt 4.500000 1.000000 0.000000
vt 1.500000 0.000000 0.000000
vt 1.000000 1.178097 0.000000
vt 0.000000 1.178097 0.000000
vt 1.000000 0.785398 0.000000
vt 0.000000 0.785398 0.000000
vt 1.000000 0.392699 0.000000
vt 0.000000 0.392699 0.000000
vt 1.000000 0.000000 0.000000
vt 0.000000 0.000000 0.000000
vt 1.000000 -0.392699 0.000000
vt 0.000000 -0.392699 0.000000
vt 1.000000 -0.785398 0.000000
vt 0.000000 -0.785398 0.000000
vt 1.000000 -1.178097 0.000000
vt -0.000000 -1.178097 0.000000
vt 3.558084 0.032417 0.000000
vt 3.826244 0.127988 0.000000
vt 3.275255 0.000000 0.000000
vt 4.065825 0.281754 0.000000
vt 1.500000 1.000000 0.000000
vt 4.264401 0.485741 0.000000
vt 4.411672 0.729369 0.000000
vt 4.500000 1.000000 0.000000
vt 1.500000 0.000000 0.000000
vt 1.000000 1.178097 0.000000
vt 0.000000 1.178097 0.000000
vt 1.000000 0.785398 0.000000
vt 0.000000 0.785398 0.000000
vt 1.000000 0.392699 0.000000
vt 0.000000 0.392699 0.000000
vt 1.000000 0.000000 0.000000
vt 0.000000 0.000000 0.000000
vt 1.000000 -0.392699 0.000000
vt 0.000000 -0.392699 0.000000
vt 1.000000 -0.785398 0.000000
vt 0.000000 -0.785398 0.000000
vt 1.000000 -1.178097 0.000000
vt -0.000000 -1.178097 0.000000
vt 3.558084 0.032417 0.000000
vt 3.826244 0.127988 0.000000
vt 3.275255 0.000000 0.000000
vt 4.065825 0.281754 0.000000
vt 1.500000 1.000000 0.000000
vt 4.264401 0.485741 0.000000
vt 4.411672 0.729369 0.000000
vt 4.500000 1.000000 0.000000
vt 1.500000 0.000000 0.000000
vt 1.000000 1.178097 0.000000
vt -0.000000 1.178097 0.000000
vt 1.000000 0.785398 0.000000
vt 0.000000 0.785398 0.000000
vt 1.000000 0.392699 0.000000
vt 0.000000 0.392699 0.000000
vt 1.000000 0.000000 0.000000
vt 0.000000 0.000000 0.000000
vt 1.000000 -0.392699 0.000000
vt 0.000000 -0.392699 0.000000
vt 1.000000 -0.785398 0.000000
vt 0.000000 -0.785398 0.000000
vt 1.000000 -1.178097 0.000000
vt 0.000000 -1.178097 0.000000
vt 3.558084 0.032417 0.000000
vt 3.826244 0.127988 0.000000
vt 3.275255 0.000000 0.000000
vt 4.065825 0.281754 0.000000
vt 1.500000 1.000000 0.000000
vt 4.264401 0.485741 0.000000
vt 4.411672 0.729369 0.000000
vt 4.500000 1.000000 0.000000
vt 1.500000 0.000000 0.000000
vt 0.000000 0.883883 0.000000
vt 0.500000 0.883883 0.000000
vt 0.000000 1.000000 0.000000
vt 1.000000 1.000000 0.000000
vt 1.000000 0.883883 0.000000
vt 0.500000 5.000000 0.000000
vt -0.500000 5.000000 0.000000
vt 0.500000 2.000000 0.000000
vt -0.500000 2.000000 0.000000
vt 0.551111 1.611771 0.000000
vt -0.551111 1.611771 0.000000
vt 0.700962 1.250000 0.000000
vt -0.700962 1.250000 0.000000
vt 0.939340 0.939340 0.000000
vt -0.939340 0.939340 0.000000
vt 0.939340 -0.939340 0.000000
vt -0.939340 -0.939340 0.000000
vt 0.700962 -1.250000 0.000000
vt -0.700962 -1.250000 0.000000
vt 0.551111 -1.611771 0.000000
vt -0.551111 -1.611771 0.000000
vt 0.500000 -2.000000 0.000000
vt -0.500000 -2.000000 0.000000
vt 0.500000 -5.000000 0.000000
vt -0.500000 -5.000000 0.000000
vt -1.250000 0.700962 0.000000
vt -1.250000 -0.700962 0.000000
vt -1.611771 0.551111 0.000000
vt -1.611771 -0.551111 0.000000
vt -2.000000 0.500000 0.000000
vt -2.000000 -0.500000 0.000000
vt -5.000000 0.500000 0.000000
vt -5.000000 -0.500000 0.000000
vt 1.250000 -0.700962 0.000000
vt 1.250000 0.700962 0.000000
vt 1.611771 0.551111 0.000000
vt 1.611771 -0.551111 0.000000
vt 2.000000 0.500000 0.000000
vt 2.000000 -0.500000 0.000000
vt 5.000000 -0.500000 0.000000
vt 5.000000 0.500000 0.000000
vt 9.424778 -3.970312 0.000000
vt 8.835729 -4.134375 0.000000
vt 9.424778 -4.331250 0.000000
vt 8.835729 -4.331250 0.000000
vt 9.424778 4.331250 0.000000
vt 8.835729 4.331250 0.000000
vt 8.835729 4.134375 0.000000
vt 8.246681 4.331250 0.000000
vt 8.246681 4.134375 0.000000
vt 7.657632 4.331250 0.000000
vt 7.657632 4.134375 0.000000
vt 7.068583 4.331250 0.000000
vt 7.068583 4.134375 0.000000
vt 6.479535 4.331250 0.000000
vt 6.479535 4.134375 0.000000
vt 5.890486 4.331250 0.000000
vt 5.890486 4.134375 0.000000
vt 5.301438 4.331250 0.000000
vt 5.301438 4.134375 0.000000
vt 4.712389 4.331250 0.000000
vt 4.712389 4.060547 0.000000
vt 8.835729 -3.937500 0.000000
vt 9.424778 -3.609375 0.000000
vt 8.835729 -3.740625 0.000000
vt 8.835729 -3.543750 0.000000
vt 8.246681 -3.543750 0.000000
vt 8.246681 -3.346875 0.000000
vt 7.657632 -3.346875 0.000000
vt 7.657632 -3.150000 0.000000
vt 7.068583 -3.150000 0.000000
vt 7.068583 -2.953125 0.000000
vt 6.479535 -2.953125 0.000000
vt 6.479535 -2.756250 0.000000
vt 5.890486 -2.756250 0.000000
vt 5.890486 -2.559375 0.000000
vt 5.301438 -2.559375 0.000000
vt 5.301438 -2.362500 0.000000
vt 4.712389 -2.436328 0.000000
vt 4.712389 -2.165625 0.000000
vt 5.301438 -2.165625 0.000000
vt 5.301438 -1.968750 0.000000
vt 5.890486 -2.165625 0.000000
vt 5.890486 -1.968750 0.000000
vt 6.479535 -2.165625 0.000000
vt 6.479535 -1.968750 0.000000
vt 7.068583 -2.165625 0.000000
vt 7.068583 -1.968750 0.000000
vt 7.657632 -2.165625 0.000000
vt 7.657632 -1.968750 0.000000
vt 8.246681 -2.165625 0.000000
vt 8.246681 -1.968750 0.000000
vt 8.835729 -2.165625 0.000000
vt 8.835729 -1.968750 0.000000
vt 9.424778 -2.165625 0.000000
vt 9.424778 -1.804687 0.000000
vt 9.424778 -3.248437 0.000000
vt 8.835729 -3.346875 0.000000
vt 8.246681 -3.150000 0.000000
vt 7.657632 -2.953125 0.000000
vt 7.068583 -2.756250 0.000000
vt 6.479535 -2.559375 0.000000
vt 5.890486 -2.362500 0.000000
vt 8.835729 -3.150000 0.000000
vt 9.424778 -2.887500 0.000000
vt 8.835729 -2.953125 0.000000
vt 8.835729 -2.756250 0.000000
vt 8.246681 -2.756250 0.000000
vt 8.246681 -2.559375 0.000000
vt 7.657632 -2.559375 0.000000
vt 7.657632 -2.362500 0.000000
vt 7.068583 -2.362500 0.000000
vt 9.424778 -2.526562 0.000000
vt 8.835729 -2.559375 0.000000
vt 8.246681 -2.362500 0.000000
vt 8.835729 -2.362500 0.000000
vt 8.835729 -1.771875 0.000000
vt 9.424778 -1.443750 0.000000
vt 8.835729 -1.575000 0.000000
vt 8.835729 -1.378125 0.000000
vt 8.246681 -1.378125 0.000000
vt 8.246681 -1.181250 0.000000
vt 7.657632 -1.181250 0.000000
vt 7.657632 -0.984375 0.000000
vt 7.068583 -0.984375 0.000000
vt 7.068583 -0.787500 0.000000
vt 6.479535 -0.787500 0.000000
vt 6.479535 -0.590625 0.000000
vt 5.890486 -0.590625 0.000000
vt 5.890486 -0.393750 0.000000
vt 5.301438 -0.393750 0.000000
vt 5.301438 -0.196875 0.000000
vt 4.712389 -0.270703 0.000000
vt 4.712389 0.000000 0.000000
vt 5.301438 0.000000 0.000000
vt 5.301438 0.196875 0.000000
vt 5.890486 0.000000 0.000000
vt 5.890486 0.196875 0.000000
vt 6.479535 0.000000 0.000000
vt 6.479535 0.196875 0.000000
vt 7.068583 0.000000 0.000000
vt 7.068583 0.196875 0.000000
vt 7.657632 0.000000 0.000000
vt 7.657632 0.196875 0.000000
vt 8.246681 0.000000 0.000000
vt 8.246681 0.196875 0.000000
vt 8.835729 0.000000 0.000000
vt 8.835729 0.196875 0.000000
vt 9.424778 0.000000 0.000000
vt 9.424778 0.360937 0.000000
vt 9.424778 -1.082812 0.000000
vt 8.835729 -1.181250 0.000000
vt 8.246681 -0.984375 0.000000
vt 7.657632 -0.787500 0.000000
vt 7.068583 -0.590625 0.000000
vt 6.479535 -0.393750 0.000000
vt 5.890486 -0.196875 0.000000
vt 8.835729 -0.984375 0.000000
vt 9.424778 -0.721875 0.000000
vt 8.835729 -0.787500 0.000000
vt 8.835729 -0.590625 0.000000
vt 8.246681 -0.590625 0.000000
vt 8.246681 -0.393750 0.000000
vt 7.657632 -0.393750 0.000000
vt 7.657632 -0.196875 0.000000
vt 7.068583 -0.196875 0.000000
vt 9.424778 -0.360937 0.000000
vt 8.835729 -0.393750 0.000000
vt 8.246681 -0.196875 0.000000
vt 8.835729 -0.196875 0.000000
vt 8.835729 0.393750 0.000000
vt 9.424778 0.721875 0.000000
vt 8.835729 0.590625 0.000000
vt 8.835729 0.787500 0.000000
vt 8.246681 0.787500 0.000000
vt 8.246681 0.984375 0.000000
vt 7.657632 0.984375 0.000000
vt 7.657632 1.181250 0.000000
vt 7.068583 1.181250 0.000000
vt 7.068583 1.378125 0.000000
vt 6.479535 1.378125 0.000000
vt 6.479535 1.575000 0.000000
vt 5.890486 1.575000 0.000000
vt 5.890486 1.771875 0.000000
vt 5.301438 1.771875 0.000000
vt 5.301438 1.968750 0.000000
vt 4.712389 1.894922 0.000000
vt 4.712389 2.165625 0.000000
vt 5.301438 2.165625 0.000000
vt 5.301438 2.362500 0.000000
vt 5.890486 2.165625 0.000000
vt 5.890486 2.362500 0.000000
vt 6.479535 2.165625 0.000000
vt 6.479535 2.362500 0.000000
vt 7.068583 2.165625 0.000000
vt 7.068583 2.362500 0.000000
vt 7.657632 2.165625 0.000000
vt 7.657632 2.362500 0.000000
vt 8.246681 2.165625 0.000000
vt 8.246681 2.362500 0.000000
vt 8.835729 2.165625 0.000000
vt 8.835729 2.362500 0.000000
vt 9.424778 2.165625 0.000000
vt 9.424778 2.526562 0.000000
vt 9.424778 1.082812 0.000000
vt 8.835729 0.984375 0.000000
vt 8.246681 1.181250 0.000000
vt 7.657632 1.378125 0.000000
vt 7.068583 1.575000 0.000000
vt 6.479535 1.771875 0.000000
vt 5.890486 1.968750 0.000000
vt 8.835729 1.181250 0.000000
vt 9.424778 1.443750 0.000000
vt 8.835729 1.378125 0.000000
vt 8.835729 1.575000 0.000000
vt 8.246681 1.575000 0.000000
vt 8.246681 1.771875 0.000000
vt 7.657632 1.771875 0.000000
vt 7.657632 1.968750 0.000000
vt 7.068583 1.968750 0.000000
vt 9.424778 1.804687 0.000000
vt 8.835729 1.771875 0.000000
vt 8.246681 1.968750 0.000000
vt 8.835729 1.968750 0.000000
vt 8.835729 2.559375 0.000000
vt 9.424778 2.887500 0.000000
vt 8.835729 2.756250 0.000000
vt 8.835729 2.953125 0.000000
vt 8.246681 2.953125 0.000000
vt 8.246681 3.150000 0.000000
vt 7.657632 3.150000 0.000000
vt 7.657632 3.346875 0.000000
vt 7.068583 3.346875 0.000000
vt 7.068583 3.543750 0.000000
vt 6.479535 3.543750 0.000000
vt 6.479535 3.740625 0.000000
vt 5.890486 3.740625 0.000000
vt 5.890486 3.937500 0.000000
vt 5.301438 3.937500 0.000000
vt 9.424778 3.248437 0.000000
vt 8.835729 3.150000 0.000000
vt 8.246681 3.346875 0.000000
vt 7.657632 3.543750 0.000000
vt 7.068583 3.740625 0.000000
vt 6.479535 3.937500 0.000000
vt 8.835729 3.346875 0.000000
vt 9.424778 3.609375 0.000000
vt 8.835729 3.543750 0.000000
vt 8.835729 3.740625 0.000000
vt 8.246681 3.740625 0.000000
vt 8.246681 3.937500 0.000000
vt 7.657632 3.937500 0.000000
vt 9.424778 3.970312 0.000000
vt 8.835729 3.937500 0.000000
vt 4.712389 3.789844 0.000000
vt 5.301438 3.740625 0.000000
vt 5.890486 3.543750 0.000000
vt 6.479535 3.346875 0.000000
vt 7.068583 3.150000 0.000000
vt 7.657632 2.953125 0.000000
vt 8.246681 2.756250 0.000000
vt 4.712389 3.519141 0.000000
vt 5.301438 3.543750 0.000000
vt 5.890486 3.346875 0.000000
vt 6.479535 3.150000 0.000000
vt 7.068583 2.953125 0.000000
vt 7.657632 2.756250 0.000000
vt 8.246681 2.559375 0.000000
vt 5.301438 3.346875 0.000000
vt 4.712389 3.248437 0.000000
vt 5.301438 3.150000 0.000000
vt 4.712389 2.977734 0.000000
vt 5.301438 2.953125 0.000000
vt 5.301438 2.756250 0.000000
vt 5.890486 2.756250 0.000000
vt 5.890486 2.559375 0.000000
vt 6.479535 2.559375 0.000000
vt 4.712389 2.707031 0.000000
vt 5.301438 2.559375 0.000000
vt 4.712389 2.436328 0.000000
vt 4.712389 1.624219 0.000000
vt 5.301438 1.575000 0.000000
vt 5.890486 1.378125 0.000000
vt 6.479535 1.181250 0.000000
vt 7.068583 0.984375 0.000000
vt 7.657632 0.787500 0.000000
vt 8.246681 0.590625 0.000000
vt 4.712389 1.353516 0.000000
vt 5.301438 1.378125 0.000000
vt 5.890486 1.181250 0.000000
vt 6.479535 0.984375 0.000000
vt 7.068583 0.787500 0.000000
vt 7.657632 0.590625 0.000000
vt 8.246681 0.393750 0.000000
vt 5.301438 1.181250 0.000000
vt 4.712389 1.082812 0.000000
vt 5.301438 0.984375 0.000000
vt 4.712389 0.812109 0.000000
vt 5.301438 0.787500 0.000000
vt 5.301438 0.590625 0.000000
vt 5.890486 0.590625 0.000000
vt 5.890486 0.393750 0.000000
vt 6.479535 0.393750 0.000000
vt 4.712389 0.541406 0.000000
vt 5.301438 0.393750 0.000000
vt 4.712389 0.270703 0.000000
vt 4.712389 -0.541406 0.000000
vt 5.301438 -0.590625 0.000000
vt 5.890486 -0.787500 0.000000
vt 6.479535 -0.984375 0.000000
vt 7.068583 -1.181250 0.000000
vt 7.657632 -1.378125 0.000000
vt 8.246681 -1.575000 0.000000
vt 4.712389 -0.812109 0.000000
vt 5.301438 -0.787500 0.000000
vt 5.890486 -0.984375 0.000000
vt 6.479535 -1.181250 0.000000
vt 7.068583 -1.378125 0.000000
vt 7.657632 -1.575000 0.000000
vt 8.246681 -1.771875 0.000000
vt 5.301438 -0.984375 0.000000
vt 4.712389 -1.082812 0.000000
vt 5.301438 -1.181250 0.000000
vt 4.712389 -1.353516 0.000000
vt 5.301438 -1.378125 0.000000
vt 5.301438 -1.575000 0.000000
vt 5.890486 -1.575000 0.000000
vt 5.890486 -1.771875 0.000000
vt 6.479535 -1.771875 0.000000
vt 4.712389 -1.624219 0.000000
vt 5.301438 -1.771875 0.000000
vt 4.712389 -1.894922 0.000000
vt 4.712389 -2.707031 0.000000
vt 5.301438 -2.756250 0.000000
vt 5.890486 -2.953125 0.000000
vt 6.479535 -3.150000 0.000000
vt 7.068583 -3.346875 0.000000
vt 7.657632 -3.543750 0.000000
vt 8.246681 -3.740625 0.000000
vt 4.712389 -2.977734 0.000000
vt 5.301438 -2.953125 0.000000
vt 5.890486 -3.150000 0.000000
vt 6.479535 -3.346875 0.000000
vt 7.068583 -3.543750 0.000000
vt 7.657632 -3.740625 0.000000
vt 8.246681 -3.937500 0.000000
vt 5.301438 -3.150000 0.000000
vt 4.712389 -3.248437 0.000000
vt 5.301438 -3.346875 0.000000
vt 4.712389 -3.519141 0.000000
vt 5.301438 -3.543750 0.000000
vt 5.301438 -3.740625 0.000000
vt 5.890486 -3.740625 0.000000
vt 5.890486 -3.937500 0.000000
vt 6.479535 -3.937500 0.000000
vt 6.479535 -4.134375 0.000000
vt 7.068583 -4.134375 0.000000
vt 7.068583 -4.331250 0.000000
vt 7.657632 -4.331250 0.000000
vt 4.712389 -3.789844 0.000000
vt 5.301438 -3.937500 0.000000
vt 5.890486 -4.134375 0.000000
vt 6.479535 -4.331250 0.000000
vt 4.712389 -4.060547 0.000000
vt 5.301438 -4.134375 0.000000
vt 5.890486 -4.331250 0.000000
vt 4.712389 -4.331250 0.000000
vt 5.301438 -4.331250 0.000000
vt 8.246681 -4.331250 0.000000
vt 8.246681 -4.134375 0.000000
vt 7.657632 -4.134375 0.000000
vt 7.657632 -3.937500 0.000000
vt 7.068583 -3.937500 0.000000
vt 6.479535 -3.740625 0.000000
vt 5.890486 -3.543750 0.000000
vt 7.068583 -3.740625 0.000000
vt 6.479535 -3.543750 0.000000
vt 5.890486 -3.346875 0.000000
vt 8.246681 -2.953125 0.000000
vt 7.657632 -2.756250 0.000000
vt 7.068583 -2.559375 0.000000
vt 6.479535 -2.362500 0.000000
vt 7.657632 -1.771875 0.000000
vt 7.068583 -1.771875 0.000000
vt 7.068583 -1.575000 0.000000
vt 6.479535 -1.575000 0.000000
vt 6.479535 -1.378125 0.000000
vt 5.890486 -1.378125 0.000000
vt 5.890486 -1.181250 0.000000
vt 8.246681 -0.787500 0.000000
vt 7.657632 -0.590625 0.000000
vt 7.068583 -0.393750 0.000000
vt 6.479535 -0.196875 0.000000
vt 7.657632 0.393750 0.000000
vt 7.068583 0.393750 0.000000
vt 7.068583 0.590625 0.000000
vt 6.479535 0.590625 0.000000
vt 6.479535 0.787500 0.000000
vt 5.890486 0.787500 0.000000
vt 5.890486 0.984375 0.000000
vt 8.246681 1.378125 0.000000
vt 7.657632 1.575000 0.000000
vt 7.068583 1.771875 0.000000
vt 6.479535 1.968750 0.000000
vt 7.657632 2.559375 0.000000
vt 7.068583 2.559375 0.000000
vt 7.068583 2.756250 0.000000
vt 6.479535 2.756250 0.000000
vt 6.479535 2.953125 0.000000
vt 5.890486 2.953125 0.000000
vt 5.890486 3.150000 0.000000
vt 8.246681 3.543750 0.000000
vt 7.657632 3.740625 0.000000
vt 7.068583 3.937500 0.000000
vt 4.935251 -0.802056 0.000000
vt 5.000000 -0.000000 0.000000
vt 3.500000 0.000000 0.000000
vt 4.935251 0.802056 0.000000
vt 3.432748 0.682816 0.000000
vt 4.742682 1.583340 0.000000
vt 3.233578 1.339392 0.000000
vt 4.427280 2.323616 0.000000
vt 2.910144 1.944496 0.000000
vt 3.997214 3.003711 0.000000
vt 2.474874 2.474874 0.000000
vt 3.463622 3.606012 0.000000
vt 1.944496 2.910144 0.000000
vt 2.840324 4.114919 0.000000
vt 2.143463 4.517252 0.000000
vt 1.339392 3.233578 0.000000
vt 1.391087 4.802591 0.000000
vt 0.682816 3.432748 0.000000
vt 0.602683 4.963544 0.000000
vt 0.000000 3.500000 0.000000
vt -0.201330 4.995945 0.000000
vt -0.682816 3.432748 0.000000
vt -1.000128 4.898953 0.000000
vt -1.773024 4.675081 0.000000
vt -1.339392 3.233578 0.000000
vt -2.500000 4.330127 0.000000
vt -1.944496 2.910144 0.000000
vt -3.162227 3.873025 0.000000
vt -2.474874 2.474874 0.000000
vt -3.742554 3.315613 0.000000
vt -2.910144 1.944496 0.000000
vt -4.225950 2.672329 0.000000
vt -3.233578 1.339392 0.000000
vt -4.599897 1.959833 0.000000
vt -4.854709 1.196578 0.000000
vt -3.432748 0.682816 0.000000
vt -4.983787 0.402333 0.000000
vt -3.500000 -0.000000 0.000000
vt -4.983787 -0.402333 0.000000
vt -3.432748 -0.682816 0.000000
vt -4.854709 -1.196578 0.000000
vt -3.233578 -1.339392 0.000000
vt -4.599897 -1.959833 0.000000
vt -4.225950 -2.672329 0.000000
vt -2.910144 -1.944496 0.000000
vt -3.742554 -3.315613 0.000000
vt -2.474874 -2.474874 0.000000
vt -3.162227 -3.873025 0.000000
vt -1.944496 -2.910144 0.000000
vt -2.500000 -4.330127 0.000000
vt -1.339392 -3.233578 0.000000
vt -1.773024 -4.675081 0.000000
vt -0.682816 -3.432748 0.000000
vt -1.000128 -4.898953 0.000000
vt -0.201330 -4.995945 0.000000
vt 0.000000 -3.500000 0.000000
vt 0.602683 -4.963544 0.000000
vt 0.682816 -3.432748 0.000000
vt 1.391087 -4.802591 0.000000
vt 1.339392 -3.233578 0.000000
vt 2.143463 -4.517252 0.000000
vt 1.944496 -2.910144 0.000000
vt 2.840324 -4.114919 0.000000
vt 3.463622 -3.606012 0.000000
vt 2.474874 -2.474874 0.000000
vt 3.997214 -3.003711 0.000000
vt 2.910144 -1.944496 0.000000
vt 4.427280 -2.323616 0.000000
vt 3.233578 -1.339392 0.000000
vt 4.742682 -1.583340 0.000000
vt 3.432748 -0.682816 0.000000
vt -0.000000 -0.781943 0.000000
vt -0.000000 0.000000 0.000000
vt -0.130900 0.000000 0.000000
vt -0.000000 0.781943 0.000000
vt -0.130900 0.802520 0.000000
vt -0.000000 1.563886 0.000000
vt -0.130900 1.605041 0.000000
vt -0.000000 2.345829 0.000000
vt -0.130900 2.407561 0.000000
vt -0.000000 3.127772 0.000000
vt -0.130900 3.210082 0.000000
vt -0.000000 3.909715 0.000000
vt -0.130900 4.012602 0.000000
vt -0.000000 4.691658 0.000000
vt -0.130900 4.815122 0.000000
vt -0.000000 5.473601 0.000000
vt -0.130900 5.617643 0.000000
vt -0.000000 6.255544 0.000000
vt -0.130900 6.420163 0.000000
vt -0.000000 7.037487 0.000000
vt -0.130900 7.222684 0.000000
vt -0.000000 7.819430 0.000000
vt -0.130900 8.025204 0.000000
vt -0.000000 8.601373 0.000000
vt -0.130900 8.827724 0.000000
vt -0.000000 9.383315 0.000000
vt -0.130900 9.630245 0.000000
vt -0.000000 10.165258 0.000000
vt -0.130900 10.432765 0.000000
vt -0.000000 10.947201 0.000000
vt -0.130900 11.235286 0.000000
vt -0.000000 11.729144 0.000000
vt -0.130900 12.037806 0.000000
vt -0.000000 12.511087 0.000000
vt -0.130900 12.840326 0.000000
vt -0.000000 13.293030 0.000000
vt -0.130900 13.642847 0.000000
vt -0.000000 14.074973 0.000000
vt -0.130900 14.445367 0.000000
vt -0.000000 14.856916 0.000000
vt -0.130900 15.247888 0.000000
vt -0.130900 -15.247888 0.000000
vt 0.000000 -15.638859 0.000000
vt -0.000000 -14.856916 0.000000
vt -0.130900 -14.445367 0.000000
vt -0.000000 -14.074973 0.000000
vt -0.130900 -13.642847 0.000000
vt -0.000000 -13.293030 0.000000
vt -0.130900 -12.840326 0.000000
vt -0.000000 -12.511087 0.000000
vt -0.130900 -12.037806 0.000000
vt -0.000000 -11.729144 0.000000
vt -0.130900 -11.235286 0.000000
vt -0.000000 -10.947201 0.000000
vt -0.130900 -10.432765 0.000000
vt -0.000000 -10.165258 0.000000
vt -0.130900 -9.630245 0.000000
vt -0.000000 -9.383315 0.000000
vt -0.130900 -8.827724 0.000000
vt -0.000000 -8.601373 0.000000
vt -0.130900 -8.025204 0.000000
vt -0.000000 -7.819430 0.000000
vt -0.130900 -7.222684 0.000000
vt -0.000000 -7.037487 0.000000
vt -0.130900 -6.420163 0.000000
vt -0.000000 -6.255544 0.000000
vt -0.130900 -5.617643 0.000000
vt -0.000000 -5.473601 0.000000
vt -0.130900 -4.815122 0.000000
vt -0.000000 -4.691658 0.000000
vt -0.130900 -4.012602 0.000000
vt -0.000000 -3.909715 0.000000
vt -0.130900 -3.210082 0.000000
vt -0.000000 -3.127772 0.000000
vt -0.130900 -2.407561 0.000000
vt -0.000000 -2.345829 0.000000
vt -0.130900 -1.605041 0.000000
vt -0.000000 -1.563886 0.000000
vt -0.130900 -0.802520 0.000000
vt -0.785398 -0.824210 0.000000
vt -0.654498 -0.802520 0.000000
vt -0.785398 -0.000000 0.000000
vt -0.654498 -0.000000 0.000000
vt -0.654498 0.802520 0.000000
vt -0.523599 -0.000000 0.000000
vt -0.523599 0.802520 0.000000
vt -0.392699 -0.000000 0.000000
vt -0.392699 0.802520 0.000000
vt -0.261799 0.000000 0.000000
vt -0.261799 0.802520 0.000000
vt -0.654498 -1.605041 0.000000
vt -0.785398 -1.648420 0.000000
vt -0.654498 -2.407561 0.000000
vt -0.785398 -2.472630 0.000000
vt -0.654498 -3.210082 0.000000
vt -0.785398 -3.296841 0.000000
vt -0.654498 -4.012602 0.000000
vt -0.785398 -4.121051 0.000000
vt -0.654498 -4.815122 0.000000
vt -0.785398 -4.945261 0.000000
vt -0.654498 -5.617643 0.000000
vt -0.785398 -5.769471 0.000000
vt -0.654498 -6.420163 0.000000
vt -0.785398 -6.593681 0.000000
vt -0.654498 -7.222684 0.000000
vt -0.785398 -7.417891 0.000000
vt -0.654498 -8.025204 0.000000
vt -0.785398 -8.242101 0.000000
vt -0.654498 -8.827724 0.000000
vt -0.785398 -9.066312 0.000000
vt -0.654498 -9.630245 0.000000
vt -0.785398 -9.890522 0.000000
vt -0.654498 -10.432765 0.000000
vt -0.785398 -10.714732 0.000000
vt -0.654498 -11.235286 0.000000
vt -0.785398 -11.538942 0.000000
vt -0.654498 -12.037806 0.000000
vt -0.785398 -12.363152 0.000000
vt -0.654498 -12.840326 0.000000
vt -0.785398 -13.187362 0.000000
vt -0.654498 -13.642847 0.000000
vt -0.785398 -14.011572 0.000000
vt -0.654498 -14.445367 0.000000
vt -0.785398 -14.835783 0.000000
vt -0.654498 -15.247888 0.000000
vt -0.654498 15.247888 0.000000
vt -0.785398 15.659993 0.000000
vt -0.785398 14.835783 0.000000
vt -0.654498 14.445367 0.000000
vt -0.785398 14.011572 0.000000
vt -0.654498 13.642847 0.000000
vt -0.785398 13.187362 0.000000
vt -0.654498 12.840326 0.000000
vt -0.785398 12.363152 0.000000
vt -0.654498 12.037806 0.000000
vt -0.785398 11.538942 0.000000
vt -0.654498 11.235286 0.000000
vt -0.785398 10.714732 0.000000
vt -0.654498 10.432765 0.000000
vt -0.785398 9.890522 0.000000
vt -0.654498 9.630245 0.000000
vt -0.785398 9.066312 0.000000
vt -0.654498 8.827724 0.000000
vt -0.785398 8.242101 0.000000
vt -0.654498 8.025204 0.000000
vt -0.785398 7.417891 0.000000
vt -0.654498 7.222684 0.000000
vt -0.785398 6.593681 0.000000
vt -0.654498 6.420163 0.000000
vt -0.785398 5.769471 0.000000
vt -0.654498 5.617643 0.000000
vt -0.785398 4.945261 0.000000
vt -0.654498 4.815122 0.000000
vt -0.785398 4.121051 0.000000
vt -0.654498 4.012602 0.000000
vt -0.785398 3.296841 0.000000
vt -0.654498 3.210082 0.000000
vt -0.785398 2.472630 0.000000
vt -0.654498 2.407561 0.000000
vt -0.785398 1.648420 0.000000
vt -0.654498 1.605041 0.000000
vt -0.785398 0.824210 0.000000
vt -0.261799 15.247888 0.000000
vt -0.261799 14.445367 0.000000
vt -0.261799 13.642847 0.000000
vt -0.261799 12.840326 0.000000
vt -0.261799 12.037806 0.000000
vt -0.261799 11.235286 0.000000
vt -0.261799 10.432765 0.000000
vt -0.261799 9.630245 0.000000
vt -0.261799 8.827724 0.000000
vt -0.261799 8.025204 0.000000
vt -0.261799 7.222684 0.000000
vt -0.261799 6.420163 0.000000
vt -0.261799 5.617643 0.000000
vt -0.261799 4.815122 0.000000
vt -0.261799 4.012602 0.000000
vt -0.261799 3.210082 0.000000
vt -0.261799 2.407561 0.000000
vt -0.261799 1.605041 0.000000
vt -0.392699 15.247888 0.000000
vt -0.392699 14.445367 0.000000
vt -0.392699 13.642847 0.000000
vt -0.392699 12.840326 0.000000
vt -0.392699 12.037806 0.000000
vt -0.392699 11.235286 0.000000
vt -0.392699 10.432765 0.000000
vt -0.392699 9.630245 0.000000
vt -0.392699 8.827724 0.000000
vt -0.392699 8.025204 0.000000
vt -0.392699 7.222684 0.000000
vt -0.392699 6.420163 0.000000
vt -0.392699 5.617643 0.000000
vt -0.392699 4.815122 0.000000
vt -0.392699 4.012602 0.000000
vt -0.392699 3.210082 0.000000
vt -0.392699 2.407561 0.000000
vt -0.392699 1.605041 0.000000
vt -0.261799 -15.247888 0.000000
vt -0.261799 -14.445367 0.000000
vt -0.261799 -13.642847 0.000000
vt -0.261799 -12.840326 0.000000
vt -0.261799 -12.037806 0.000000
vt -0.261799 -11.235286 0.000000
vt -0.261799 -10.432765 0.000000
vt -0.261799 -9.630245 0.000000
vt -0.261799 -8.827724 0.000000
vt -0.261799 -8.025204 0.000000
vt -0.261799 -7.222684 0.000000
vt -0.261799 -6.420163 0.000000
vt -0.261799 -5.617643 0.000000
vt -0.261799 -4.815122 0.000000
vt -0.261799 -4.012602 0.000000
vt -0.261799 -3.210082 0.000000
vt -0.261799 -2.407561 0.000000
vt -0.261799 -1.605041 0.000000
vt -0.261799 -0.802520 0.000000
vt -0.523599 15.247888 0.000000
vt -0.523599 14.445367 0.000000
vt -0.523599 13.642847 0.000000
vt -0.523599 12.840326 0.000000
vt -0.523599 12.037806 0.000000
vt -0.523599 11.235286 0.000000
vt -0.523599 10.432765 0.000000
vt -0.523599 9.630245 0.000000
vt -0.523599 8.827724 0.000000
vt -0.523599 8.025204 0.000000
vt -0.523599 7.222684 0.000000
vt -0.523599 6.420163 0.000000
vt -0.523599 5.617643 0.000000
vt -0.523599 4.815122 0.000000
vt -0.523599 4.012602 0.000000
vt -0.523599 3.210082 0.000000
vt -0.523599 2.407561 0.000000
vt -0.523599 1.605041 0.000000
vt -0.392699 -15.247888 0.000000
vt -0.392699 -14.445367 0.000000
vt -0.392699 -13.642847 0.000000
vt -0.392699 -12.840326 0.000000
vt -0.392699 -12.037806 0.000000
vt -0.392699 -11.235286 0.000000
vt -0.392699 -10.432765 0.000000
vt -0.392699 -9.630245 0.000000
vt -0.392699 -8.827724 0.000000
vt -0.392699 -8.025204 0.000000
vt -0.392699 -7.222684 0.000000
vt -0.392699 -6.420163 0.000000
vt -0.392699 -5.617643 0.000000
vt -0.392699 -4.815122 0.000000
vt -0.392699 -4.012602 0.000000
vt -0.392699 -3.210082 0.000000
vt -0.392699 -2.407561 0.000000
vt -0.392699 -1.605041 0.000000
vt -0.392699 -0.802520 0.000000
vt -0.523599 -15.247888 0.000000
vt -0.523599 -14.445367 0.000000
vt -0.523599 -13.642847 0.000000
vt -0.523599 -12.840326 0.000000
vt -0.523599 -12.037806 0.000000
vt -0.523599 -11.235286 0.000000
vt -0.523599 -10.432765 0.000000
vt -0.523599 -9.630245 0.000000
vt -0.523599 -8.827724 0.000000
vt -0.523599 -8.025204 0.000000
vt -0.523599 -7.222684 0.000000
vt -0.523599 -6.420163 0.000000
vt -0.523599 -5.617643 0.000000
vt -0.523599 -4.815122 0.000000
vt -0.523599 -4.012602 0.000000
vt -0.523599 -3.210082 0.000000
vt -0.523599 -2.407561 0.000000
vt -0.523599 -1.605041 0.000000
vt -0.523599 -0.802520 0.000000
vt 3.557036 -0.685562 0.000000
vt 4.483789 -0.381627 0.000000
vt 3.622499 0.000000 0.000000
vt 4.483789 0.381627 0.000000
vt 3.557036 0.685562 0.000000
vt 4.354798 1.133901 0.000000
vt 3.363012 1.346347 0.000000
vt 4.100528 1.853556 0.000000
vt 3.047440 1.958471 0.000000
vt 3.728293 2.519887 0.000000
vt 2.621726 2.499811 0.000000
vt 3.248802 3.113725 0.000000
vt 2.675849 3.617987 0.000000
vt 4.354798 -1.133901 0.000000
vt 3.363012 -1.346347 0.000000
vt 4.100528 -1.853556 0.000000
vt 3.047440 -1.958471 0.000000
vt 3.728293 -2.519887 0.000000
vt 2.621726 -2.499811 0.000000
vt 3.248802 -3.113725 0.000000
vt 2.675849 -3.617987 0.000000
vt 2.101256 -2.950801 0.000000
vt 2.025917 -4.018166 0.000000
vt 1.504840 -3.295141 0.000000
vt 1.317702 -4.302750 0.000000
vt 0.854037 -3.520386 0.000000
vt 0.571580 -4.463552 0.000000
vt 0.172365 -3.618396 0.000000
vt -0.190985 -4.495945 0.000000
vt -0.515535 -3.585627 0.000000
vt -0.948057 -4.398999 0.000000
vt -1.184803 -3.423265 0.000000
vt -1.677854 -4.175501 0.000000
vt -1.811249 -3.137176 0.000000
vt -2.359383 -3.831881 0.000000
vt -2.372232 -2.737702 0.000000
vt -2.973036 -3.378025 0.000000
vt -3.501161 -2.826990 0.000000
vt -2.847477 -2.239280 0.000000
vt -3.928564 -2.194627 0.000000
vt -3.219806 -1.659925 0.000000
vt -4.242949 -1.499129 0.000000
vt -3.475762 -1.020576 0.000000
vt -4.435272 -0.760504 0.000000
vt -3.606096 -0.344340 0.000000
vt -4.500000 0.000000 0.000000
vt -3.606096 0.344340 0.000000
vt -4.435272 0.760504 0.000000
vt -3.475762 1.020576 0.000000
vt -4.242949 1.499129 0.000000
vt -3.219806 1.659925 0.000000
vt -3.928564 2.194627 0.000000
vt -2.847477 2.239280 0.000000
vt -3.501161 2.826990 0.000000
vt -2.372232 2.737702 0.000000
vt -2.973036 3.378025 0.000000
vt -2.359383 3.831881 0.000000
vt -1.811249 3.137176 0.000000
vt -1.677854 4.175501 0.000000
vt -1.184803 3.423265 0.000000
vt -0.948057 4.398999 0.000000
vt -0.515535 3.585627 0.000000
vt -0.190985 4.495945 0.000000
vt 0.172365 3.618396 0.000000
vt 0.571580 4.463552 0.000000
vt 0.854037 3.520386 0.000000
vt 1.317702 4.302750 0.000000
vt 1.504840 3.295141 0.000000
vt 2.025917 4.018166 0.000000
vt 2.101256 2.950801 0.000000
vt -0.000000 -14.902427 0.000000
vt -0.500000 -14.902427 0.000000
vt -0.000000 -15.707963 0.000000
vt -0.500000 -15.707963 0.000000
vt -0.000000 15.707963 0.000000
vt -0.500000 15.707963 0.000000
vt -0.000000 14.902427 0.000000
vt -0.500000 14.902427 0.000000
vt -0.500000 14.096890 0.000000
vt -0.000000 -14.096890 0.000000
vt -0.500000 -14.096890 0.000000
vt -0.000000 -13.291354 0.000000
vt -0.500000 -13.291354 0.000000
vt -0.000000 -12.485817 0.000000
vt -0.500000 -12.485817 0.000000
vt -0.000000 -11.680280 0.000000
vt -0.500000 -11.680280 0.000000
vt -0.000000 -10.874744 0.000000
vt -0.500000 -10.874744 0.000000
vt -0.000000 -10.069207 0.000000
vt -0.500000 -10.069207 0.000000
vt -0.000000 -9.263671 0.000000
vt -0.500000 -9.263671 0.000000
vt -0.000000 -8.458134 0.000000
vt -0.500000 -8.458134 0.000000
vt -0.000000 -7.652597 0.000000
vt -0.500000 -7.652597 0.000000
vt -0.000000 -6.847061 0.000000
vt -0.500000 -6.847061 0.000000
vt -0.000000 -6.041524 0.000000
vt -0.500000 -6.041524 0.000000
vt -0.000000 -5.235988 0.000000
vt -0.500000 -5.235988 0.000000
vt -0.000000 -4.430451 0.000000
vt -0.500000 -4.430451 0.000000
vt -0.000000 -3.624915 0.000000
vt -0.500000 -3.624915 0.000000
vt -0.000000 -2.819378 0.000000
vt -0.500000 -2.819378 0.000000
vt -0.000000 -2.013841 0.000000
vt -0.500000 -2.013841 0.000000
vt -0.000000 -1.208305 0.000000
vt -0.500000 -1.208305 0.000000
vt -0.000000 -0.402768 0.000000
vt -0.500000 -0.402768 0.000000
vt -0.000000 0.402768 0.000000
vt -0.500000 0.402768 0.000000
vt -0.000000 1.208305 0.000000
vt -0.500000 1.208305 0.000000
vt -0.000000 2.013841 0.000000
vt -0.500000 2.013841 0.000000
vt -0.000000 2.819378 0.000000
vt -0.500000 2.819378 0.000000
vt -0.000000 3.624915 0.000000
vt -0.500000 3.624915 0.000000
vt -0.000000 4.430451 0.000000
vt -0.500000 4.430451 0.000000
vt -0.000000 5.235988 0.000000
vt -0.500000 5.235988 0.000000
vt -0.000000 6.041524 0.000000
vt -0.500000 6.041524 0.000000
vt -0.000000 6.847061 0.000000
vt -0.500000 6.847061 0.000000
vt -0.000000 7.652597 0.000000
vt -0.500000 7.652597 0.000000
vt -0.000000 8.458134 0.000000
vt -0.500000 8.458134 0.000000
vt -0.000000 9.263671 0.000000
vt -0.500000 9.263671 0.000000
vt -0.000000 10.069207 0.000000
vt -0.500000 10.069207 0.000000
vt -0.000000 10.874744 0.000000
vt -0.500000 10.874744 0.000000
vt -0.000000 11.680280 0.000000
vt -0.500000 11.680280 0.000000
vt -0.000000 12.485817 0.000000
vt -0.500000 12.485817 0.000000
vt -0.000000 13.291354 0.000000
vt -0.500000 13.291354 0.000000
vt -0.000000 14.096890 0.000000
vt 18.883568 -5.878695 0.000000
vt 17.825033 -6.209531 0.000000
vt 18.883568 -6.413122 0.000000
vt 17.825033 -6.413122 0.000000
vt 18.883568 6.413122 0.000000
vt 17.825033 6.413122 0.000000
vt 17.825033 6.209531 0.000000
vt 16.766498 6.413122 0.000000
vt 16.766498 6.209531 0.000000
vt 15.707963 6.413122 0.000000
vt 15.707963 6.024448 0.000000
vt 18.883568 -5.344268 0.000000
vt 17.825033 -5.802349 0.000000
vt 17.825033 -6.005940 0.000000
vt 16.766498 -6.005940 0.000000
vt 16.766498 -6.209531 0.000000
vt 15.707963 -6.024448 0.000000
vt 15.707963 -6.413122 0.000000
vt 18.883568 -4.809842 0.000000
vt 17.825033 -5.191575 0.000000
vt 17.825033 -5.395166 0.000000
vt 17.825033 -5.598757 0.000000
vt 16.766498 -5.395166 0.000000
vt 16.766498 -5.598757 0.000000
vt 15.707963 -5.635774 0.000000
vt 16.766498 -5.802349 0.000000
vt 18.883568 -4.275415 0.000000
vt 17.825033 -4.784393 0.000000
vt 17.825033 -4.987984 0.000000
vt 16.766498 -4.987984 0.000000
vt 16.766498 -5.191575 0.000000
vt 15.707963 -5.247100 0.000000
vt 18.883568 -3.740988 0.000000
vt 17.825033 -4.173619 0.000000
vt 17.825033 -4.377210 0.000000
vt 17.825033 -4.580802 0.000000
vt 16.766498 -4.377210 0.000000
vt 16.766498 -4.580802 0.000000
vt 15.707963 -4.469752 0.000000
vt 15.707963 -4.858426 0.000000
vt 18.883568 -3.206561 0.000000
vt 17.825033 -3.562846 0.000000
vt 17.825033 -3.766437 0.000000
vt 17.825033 -3.970028 0.000000
vt 16.766498 -3.766437 0.000000
vt 16.766498 -3.970028 0.000000
vt 15.707963 -3.692404 0.000000
vt 15.707963 -4.081078 0.000000
vt 18.883568 -2.672134 0.000000
vt 17.825033 -3.155663 0.000000
vt 17.825033 -3.359254 0.000000
vt 16.766498 -3.359254 0.000000
vt 16.766498 -3.562846 0.000000
vt 15.707963 -3.303730 0.000000
vt 18.883568 -2.137707 0.000000
vt 17.825033 -2.544890 0.000000
vt 17.825033 -2.748481 0.000000
vt 17.825033 -2.952072 0.000000
vt 16.766498 -2.748481 0.000000
vt 16.766498 -2.952072 0.000000
vt 15.707963 -2.915056 0.000000
vt 16.766498 -3.155663 0.000000
vt 18.883568 -1.603281 0.000000
vt 17.825033 -1.934116 0.000000
vt 17.825033 -2.137707 0.000000
vt 17.825033 -2.341299 0.000000
vt 16.766498 -2.137707 0.000000
vt 16.766498 -2.341299 0.000000
vt 15.707963 -2.137707 0.000000
vt 15.707963 -2.526381 0.000000
vt 18.883568 -1.068854 0.000000
vt 17.825033 -1.526934 0.000000
vt 17.825033 -1.730525 0.000000
vt 16.766498 -1.730525 0.000000
vt 16.766498 -1.934116 0.000000
vt 15.707963 -1.749033 0.000000
vt 18.883568 -0.534427 0.000000
vt 17.825033 -0.916160 0.000000
vt 17.825033 -1.119751 0.000000
vt 17.825033 -1.323343 0.000000
vt 16.766498 -1.119751 0.000000
vt 16.766498 -1.323343 0.000000
vt 15.707963 -1.360359 0.000000
vt 16.766498 -1.526934 0.000000
vt 18.883568 -0.000000 0.000000
vt 17.825033 -0.508978 0.000000
vt 17.825033 -0.712569 0.000000
vt 16.766498 -0.712569 0.000000
vt 16.766498 -0.916160 0.000000
vt 15.707963 -0.971685 0.000000
vt 18.883568 0.534427 0.000000
vt 17.825033 0.101796 0.000000
vt 17.825033 -0.101796 0.000000
vt 17.825033 -0.305387 0.000000
vt 16.766498 -0.101796 0.000000
vt 16.766498 -0.305387 0.000000
vt 15.707963 -0.194337 0.000000
vt 15.707963 -0.583011 0.000000
vt 18.883568 1.068854 0.000000
vt 17.825033 0.712569 0.000000
vt 17.825033 0.508978 0.000000
vt 17.825033 0.305387 0.000000
vt 16.766498 0.508978 0.000000
vt 16.766498 0.305387 0.000000
vt 15.707963 0.583011 0.000000
vt 15.707963 0.194337 0.000000
vt 18.883568 1.603281 0.000000
vt 17.825033 1.119751 0.000000
vt 17.825033 0.916160 0.000000
vt 16.766498 0.916160 0.000000
vt 16.766498 0.712569 0.000000
vt 15.707963 0.971685 0.000000
vt 18.883568 2.137707 0.000000
vt 17.825033 1.730525 0.000000
vt 17.825033 1.526934 0.000000
vt 17.825033 1.323343 0.000000
vt 16.766498 1.526934 0.000000
vt 16.766498 1.323343 0.000000
vt 15.707963 1.360359 0.000000
vt 16.766498 1.119751 0.000000
vt 18.883568 2.672134 0.000000
vt 17.825033 2.341299 0.000000
vt 17.825033 2.137707 0.000000
vt 17.825033 1.934116 0.000000
vt 16.766498 2.137707 0.000000
vt 16.766498 1.934116 0.000000
vt 15.707963 2.137707 0.000000
vt 15.707963 1.749033 0.000000
vt 18.883568 3.206561 0.000000
vt 17.825033 2.748481 0.000000
vt 17.825033 2.544890 0.000000
vt 16.766498 2.544890 0.000000
vt 16.766498 2.341299 0.000000
vt 15.707963 2.526381 0.000000
vt 18.883568 3.740988 0.000000
vt 17.825033 3.359254 0.000000
vt 17.825033 3.155663 0.000000
vt 17.825033 2.952072 0.000000
vt 16.766498 3.155663 0.000000
vt 16.766498 2.952072 0.000000
vt 15.707963 2.915056 0.000000
vt 16.766498 2.748481 0.000000
vt 18.883568 4.275415 0.000000
vt 17.825033 3.766437 0.000000
vt 17.825033 3.562846 0.000000
vt 16.766498 3.562846 0.000000
vt 16.766498 3.359254 0.000000
vt 15.707963 3.303730 0.000000
vt 18.883568 4.809842 0.000000
vt 17.825033 4.377210 0.000000
vt 17.825033 4.173619 0.000000
vt 17.825033 3.970028 0.000000
vt 16.766498 4.173619 0.000000
vt 16.766498 3.970028 0.000000
vt 15.707963 4.081078 0.000000
vt 15.707963 3.692404 0.000000
vt 18.883568 5.344268 0.000000
vt 17.825033 4.987984 0.000000
vt 17.825033 4.784393 0.000000
vt 17.825033 4.580802 0.000000
vt 16.766498 4.784393 0.000000
vt 16.766498 4.580802 0.000000
vt 15.707963 4.858426 0.000000
vt 15.707963 4.469752 0.000000
vt 18.883568 5.878695 0.000000
vt 17.825033 5.395166 0.000000
vt 17.825033 5.191575 0.000000
vt 16.766498 5.191575 0.000000
vt 16.766498 4.987984 0.000000
vt 15.707963 5.247100 0.000000
vt 17.825033 6.005940 0.000000
vt 17.825033 5.802349 0.000000
vt 17.825033 5.598757 0.000000
vt 16.766498 5.802349 0.000000
vt 16.766498 5.598757 0.000000
vt 15.707963 5.635774 0.000000
vt 16.766498 5.395166 0.000000
vt 16.766498 6.005940 0.000000
vt 16.766498 4.377210 0.000000
vt 16.766498 3.766437 0.000000
vt 16.766498 1.730525 0.000000
vt 16.766498 0.101796 0.000000
vt 16.766498 -0.508978 0.000000
vt 16.766498 -2.544890 0.000000
vt 16.766498 -4.173619 0.000000
vt 16.766498 -4.784393 0.000000
vt 16.766498 -6.413122 0.000000
vt -0.482963 -0.129410 0.000000
vt 0.482963 -0.129410 0.000000
vt -0.500000 -0.000000 0.000000
vt 0.500000 0.000000 0.000000
vt -0.482963 0.129410 0.000000
vt 0.482963 0.129410 0.000000
vt -0.433013 0.250000 0.000000
vt 0.433013 0.250000 0.000000
vt -0.353553 0.353553 0.000000
vt 0.353553 0.353553 0.000000
vt -0.250000 0.433013 0.000000
vt 0.250000 0.433013 0.000000
vt -0.129410 0.482963 0.000000
vt 0.129410 0.482963 0.000000
vt -0.000000 0.500000 0.000000
vt 0.433013 -0.250000 0.000000
vt -0.433013 -0.250000 0.000000
vt 0.353553 -0.353553 0.000000
vt -0.353553 -0.353553 0.000000
vt 0.250000 -0.433013 0.000000
vt -0.250000 -0.433013 0.000000
vt 0.129410 -0.482963 0.000000
vt -0.129410 -0.482963 0.000000
vt 0.000000 -0.500000 0.000000
vn 0.000000 -0.979796 0.200000
vn 0.000000 -0.979796 0.200000
vn 0.000000 -0.909133 0.416505
vn 0.000000 -0.909133 0.416505
vn 0.000000 -0.791316 0.611407
vn 0.000000 -0.791316 0.611407
vn 0.000000 -0.632456 0.774597
vn 0.000000 -0.632456 0.774597
vn 0.000000 -0.440791 0.897610
vn 0.000000 -0.440791 0.897610
vn 0.000000 -0.226263 0.974066
vn 0.000000 -0.226263 0.974066
vn 0.000000 0.000000 1.000000
vn 0.000000 0.000000 1.000000
vn -1.000000 0.000000 0.000000
vn -1.000000 0.000000 0.000000
vn -1.000000 0.000000 0.000000
vn -1.000000 0.000000 0.000000
vn -1.000000 0.000000 0.000000
vn -1.000000 0.000000 0.000000
vn -1.000000 0.000000 0.000000
vn -1.000000 0.000000 0.000000
vn -1.000000 0.000000 0.000000
vn -0.000000 -0.000000 1.000000
vn -0.000000 -0.000000 1.000000
vn -0.000000 -0.000000 1.000000
vn -0.000000 -0.000000 1.000000
vn -0.000000 -0.000000 1.000000
vn -0.000000 -0.000000 1.000000
vn -0.000000 -0.000000 1.000000
vn -0.000000 -0.000000 1.000000
vn -0.000000 -0.000000 1.000000
vn -0.000000 -0.000000 1.000000
vn -0.000000 -0.000000 1.000000
vn -0.000000 -0.000000 1.000000
vn -0.000000 -0.000000 1.000000
vn -0.000000 -0.000000 1.000000
vn -0.000000 -0.000000 1.000000
vn -0.000000 -0.000000 1.000000
vn -0.000000 -0.000000 1.000000
vn -0.000000 -0.000000 1.000000
vn -0.000000 -0.000000 1.000000
vn -0.000000 -0.000000 1.000000
vn -0.000000 -0.000000 1.000000
vn -0.000000 -0.000000 1.000000
vn -0.000000 -0.000000 1.000000
vn -0.000000 -0.000000 1.000000
vn -0.000000 -0.000000 1.000000
vn -0.000000 -0.000000 1.000000
vn -0.000000 -0.000000 1.000000
vn -0.000000 -0.000000 1.000000
vn -0.000000 -0.000000 1.000000
vn -0.000000 -0.000000 1.000000
vn -0.000000 -0.000000 1.000000
vn -0.000000 -0.000000 1.000000
vn -0.000000 -0.000000 1.000000
vn -0.000000 -0.000000 1.000000
vn -0.000000 -0.000000 1.000000
vn -0.000000 -0.000000 1.000000
vn -0.000000 -0.000000 1.000000
vn -0.000000 -0.000000 1.000000
vn -0.000000 -0.000000 1.000000
vn -0.000000 -0.000000 1.000000
vn -0.000000 -0.000000 1.000000
vn -0.000000 -0.000000 1.000000
vn -0.000000 -0.000000 1.000000
vn -0.000000 -0.000000 1.000000
vn -0.000000 -0.000000 1.000000
vn -0.000000 -0.000000 1.000000
vn -0.000000 -0.000000 1.000000
vn -0.000000 -0.000000 1.000000
vn -0.000000 -0.000000 1.000000
vn -0.000000 -0.000000 1.000000
vn -0.000000 -0.000000 1.000000
vn -0.000000 -0.000000 1.000000
vn -0.000000 -0.000000 1.000000
vn -0.000000 -0.000000 1.000000
vn -0.000000 -0.000000 1.000000
vn -0.000000 -0.000000 1.000000
vn -0.000000 -0.000000 1.000000
vn -0.000000 -0.000000 1.000000
vn -0.000000 -0.000000 1.000000
vn -0.000000 0.979796 0.200000
vn -0.000000 0.979796 0.200000
vn -0.000000 0.909133 0.416505
vn -0.000000 0.909133 0.416505
vn -0.000000 0.791316 0.611407
vn -0.000000 0.791316 0.611407
vn -0.000000 0.632456 0.774597
vn -0.000000 0.632456 0.774597
vn -0.000000 0.440791 0.897610
vn -0.000000 0.440791 0.897610
vn -0.000000 0.226263 0.974066
vn -0.000000 0.226263 0.974066
vn 1.000000 0.000000 0.000000
vn 1.000000 0.000000 0.000000
vn 1.000000 0.000000 0.000000
vn 1.000000 0.000000 0.000000
vn 1.000000 0.000000 0.000000
vn 1.000000 0.000000 0.000000
vn 1.000000 0.000000 0.000000
vn 1.000000 0.000000 0.000000
vn 1.000000 0.000000 0.000000
vn 0.979796 0.000000 0.200000
vn 0.979796 0.000000 0.200000
vn 0.909133 0.000000 0.416505
vn 0.909133 0.000000 0.416505
vn 0.791316 0.000000 0.611407
vn 0.791316 0.000000 0.611407
vn 0.632456 0.000000 0.774597
vn 0.632456 0.000000 0.774597
vn 0.440791 0.000000 0.897610
vn 0.440791 0.000000 0.897610
vn 0.226263 0.000000 0.974066
vn 0.226263 0.000000 0.974066
vn -0.000000 -1.000000 -0.000000
vn -0.000000 -1.000000 -0.000000
vn -0.000000 -1.000000 -0.000000
vn -0.000000 -1.000000 -0.000000
vn -0.000000 -1.000000 -0.000000
vn -0.000000 -1.000000 -0.000000
vn -0.000000 -1.000000 -0.000000
vn -0.000000 -1.000000 -0.000000
vn -0.000000 -1.000000 -0.000000
vn -0.105605 0.000000 0.994408
vn -0.232798 0.000000 0.972525
vn -0.281753 0.000000 0.959487
vn -0.458583 0.000000 0.888652
vn -0.517230 0.000000 0.855846
vn -0.588172 0.000000 0.808736
vn -0.641891 0.000000 0.766796
vn -0.711704 0.000000 0.702480
vn -0.755383 0.000000 0.655283
vn -0.814660 0.000000 0.579940
vn -0.847227 0.000000 0.531231
vn -0.890241 0.000000 0.455489
vn -0.913317 0.000000 0.407250
vn -0.952219 0.000000 0.305416
vn -0.913317 0.000000 0.407250
vn -0.952219 0.000000 0.305416
vn -0.913317 0.000000 0.407250
vn -0.952219 0.000000 0.305416
vn -0.913317 0.000000 0.407250
vn -0.952219 0.000000 0.305416
vn -0.913317 0.000000 0.407250
vn -0.952219 0.000000 0.305416
vn -0.913317 0.000000 0.407250
vn -0.952219 0.000000 0.305416
vn -0.913317 0.000000 0.407250
vn -0.952219 0.000000 0.305416
vn -0.888652 0.000000 0.458583
vn -0.972525 0.000000 0.232798
vn -0.992537 0.000000 0.121945
vn -1.000000 0.000000 0.000000
vn -0.992537 0.000000 0.121945
vn -0.992537 0.000000 0.121945
vn -0.971291 0.000000 0.237896
vn -0.992537 0.000000 0.121945
vn -0.992537 0.000000 0.121945
vn -0.992537 0.000000 0.121945
vn -0.992537 0.000000 0.121945
vn -0.996015 0.000000 0.089186
vn -1.000000 0.000000 0.000000
vn -1.000000 0.000000 0.000000
vn -0.847227 0.000000 0.531231
vn -0.808736 0.000000 0.588172
vn -0.755383 0.000000 0.655283
vn -0.702480 0.000000 0.711704
vn -0.641891 0.000000 0.766796
vn -0.579940 0.000000 0.814660
vn -0.517230 0.000000 0.855846
vn -0.455489 0.000000 0.890241
vn -0.281753 0.000000 0.959487
vn -0.237896 0.000000 0.971291
vn -0.105605 0.000000 0.994408
vn -0.089186 0.000000 0.996015
vn -0.105605 0.000000 0.994408
vn -0.105605 0.000000 0.994408
vn -0.105605 0.000000 0.994408
vn -0.281753 0.000000 0.959487
vn -0.281753 0.000000 0.959487
vn -0.517230 0.000000 0.855846
vn -0.517230 0.000000 0.855846
vn -0.641891 0.000000 0.766796
vn -0.641891 0.000000 0.766796
vn -0.755383 0.000000 0.655283
vn -0.755383 0.000000 0.655283
vn -0.847227 0.000000 0.531231
vn -0.847227 0.000000 0.531231
vn -0.105605 0.000000 0.994408
vn -0.105605 0.000000 0.994408
vn -0.281753 0.000000 0.959487
vn -0.847227 0.000000 0.531231
vn -0.847227 0.000000 0.531231
vn -0.847227 0.000000 0.531231
vn -0.755383 0.000000 0.655283
vn -0.755383 0.000000 0.655283
vn -0.755383 0.000000 0.655283
vn -0.641891 0.000000 0.766796
vn -0.641891 0.000000 0.766796
vn -0.641891 0.000000 0.766796
vn -0.517230 0.000000 0.855846
vn -0.517230 0.000000 0.855846
vn -0.517230 0.000000 0.855846
vn -0.281753 0.000000 0.959487
vn -0.281753 0.000000 0.959487
vn -0.000000 1.000000 0.000000
vn -0.000000 1.000000 0.000000
vn -0.000000 1.000000 0.000000
vn -0.000000 1.000000 0.000000
vn -0.000000 1.000000 0.000000
vn -0.000000 1.000000 0.000000
vn -0.000000 1.000000 0.000000
vn -0.000000 1.000000 0.000000
vn -0.000000 1.000000 0.000000
vn -0.000000 1.000000 0.000000
vn -0.000000 1.000000 0.000000
vn -0.000000 1.000000 0.000000
vn -0.000000 1.000000 0.000000
vn -0.250000 -0.066987 0.965926
vn -0.258819 -0.000000 0.965926
vn -0.250000 0.066987 0.965926
vn -0.224144 0.129410 0.965926
vn -0.183013 0.183013 0.965926
vn -0.129410 0.224144 0.965926
vn -0.066987 0.250000 0.965926
vn 0.000000 0.258819 0.965926
vn 0.066987 0.250000 0.965926
vn 0.129410 0.224144 0.965926
vn 0.183013 0.183013 0.965926
vn 0.224144 0.129410 0.965926
vn 0.250000 0.066987 0.965926
vn 0.258819 -0.000000 0.965926
vn 0.250000 -0.066987 0.965926
vn 0.224144 -0.129410 0.965926
vn 0.183013 -0.183013 0.965926
vn 0.129410 -0.224144 0.965926
vn 0.066987 -0.250000 0.965926
vn 0.000000 -0.258819 0.965926
vn -0.066987 -0.250000 0.965926
vn -0.129410 -0.224144 0.965926
vn -0.183013 -0.183013 0.965926
vn -0.224144 -0.129410 0.965926
vn -0.965926 0.258819 0.000000
vn -0.933013 0.250000 0.258819
vn -1.000000 0.000000 0.000000
vn -0.965926 0.000000 0.258819
vn -0.965926 -0.258819 0.000000
vn -0.933013 -0.250000 0.258819
vn -0.866025 -0.500000 0.000000
vn -0.836516 -0.482963 0.258819
vn -0.707107 -0.707107 0.000000
vn -0.683013 -0.683013 0.258819
vn -0.500000 -0.866025 0.000000
vn -0.482963 -0.836516 0.258819
vn -0.258819 -0.965926 0.000000
vn -0.250000 -0.933013 0.258819
vn 0.000000 -1.000000 0.000000
vn 0.000000 -0.965926 0.258819
vn 0.258819 -0.965926 0.000000
vn 0.250000 -0.933013 0.258819
vn 0.500000 -0.866025 0.000000
vn 0.482963 -0.836516 0.258819
vn 0.707107 -0.707107 0.000000
vn 0.683013 -0.683013 0.258819
vn 0.866025 -0.500000 0.000000
vn 0.836516 -0.482963 0.258819
vn 0.965926 -0.258819 0.000000
vn 0.933013 -0.250000 0.258819
vn 1.000000 -0.000000 0.000000
vn 0.965926 -0.000000 0.258819
vn 0.965926 0.258819 0.000000
vn 0.933013 0.250000 0.258819
vn 0.866025 0.500000 0.000000
vn 0.836516 0.482963 0.258819
vn 0.707107 0.707107 0.000000
vn 0.683013 0.683013 0.258819
vn 0.500000 0.866025 0.000000
vn 0.482963 0.836516 0.258819
vn 0.258819 0.965926 0.000000
vn 0.250000 0.933013 0.258819
vn 0.000000 1.000000 0.000000
vn 0.000000 0.965926 0.258819
vn -0.258819 0.965926 0.000000
vn -0.250000 0.933013 0.258819
vn -0.500000 0.866025 0.000000
vn -0.482963 0.836516 0.258819
vn -0.707107 0.707107 0.000000
vn -0.683013 0.683013 0.258819
vn -0.866025 0.500000 0.000000
vn -0.836516 0.482963 0.258819
vn -0.500000 0.000000 0.866025
vn -0.482963 0.129410 0.866025
vn -0.433013 0.250000 0.866025
vn -0.353553 0.353553 0.866025
vn -0.250000 0.433013 0.866025
vn -0.129410 0.482963 0.866025
vn 0.000000 0.500000 0.866025
vn 0.129410 0.482963 0.866025
vn 0.250000 0.433013 0.866025
vn 0.353553 0.353553 0.866025
vn 0.433013 0.250000 0.866025
vn 0.482963 0.129410 0.866025
vn 0.500000 -0.000000 0.866025
vn 0.482963 -0.129410 0.866025
vn 0.433013 -0.250000 0.866025
vn 0.353553 -0.353553 0.866025
vn 0.250000 -0.433013 0.866025
vn 0.129410 -0.482963 0.866025
vn 0.000000 -0.500000 0.866025
vn -0.129410 -0.482963 0.866025
vn -0.250000 -0.433013 0.866025
vn -0.353553 -0.353553 0.866025
vn -0.433013 -0.250000 0.866025
vn -0.482963 -0.129410 0.866025
vn -0.707107 0.000000 0.707107
vn -0.683013 0.183013 0.707107
vn -0.612372 0.353553 0.707107
vn -0.500000 0.500000 0.707107
vn -0.353553 0.612372 0.707107
vn -0.183013 0.683013 0.707107
vn 0.000000 0.707107 0.707107
vn 0.183013 0.683013 0.707107
vn 0.353553 0.612372 0.707107
vn 0.500000 0.500000 0.707107
vn 0.612372 0.353553 0.707107
vn 0.683013 0.183013 0.707107
vn 0.707107 -0.000000 0.707107
vn 0.683013 -0.183013 0.707107
vn 0.612372 -0.353553 0.707107
vn 0.500000 -0.500000 0.707107
vn 0.353553 -0.612372 0.707107
vn 0.183013 -0.683013 0.707107
vn 0.000000 -0.707107 0.707107
vn -0.183013 -0.683013 0.707107
vn -0.353553 -0.612372 0.707107
vn -0.500000 -0.500000 0.707107
vn -0.612372 -0.353553 0.707107
vn -0.683013 -0.183013 0.707107
vn -0.866025 0.000000 0.500000
vn -0.836516 0.224144 0.500000
vn -0.750000 0.433013 0.500000
vn -0.612372 0.612372 0.500000
vn -0.433013 0.750000 0.500000
vn -0.224144 0.836516 0.500000
vn 0.000000 0.866025 0.500000
vn 0.224144 0.836516 0.500000
vn 0.433013 0.750000 0.500000
vn 0.612372 0.612372 0.500000
vn 0.750000 0.433013 0.500000
vn 0.836516 0.224144 0.500000
vn 0.866025 -0.000000 0.500000
vn 0.836516 -0.224144 0.500000
vn 0.750000 -0.433013 0.500000
vn 0.612372 -0.612372 0.500000
vn 0.433013 -0.750000 0.500000
vn 0.224144 -0.836516 0.500000
vn 0.000000 -0.866025 0.500000
vn -0.224144 -0.836516 0.500000
vn -0.433013 -0.750000 0.500000
vn -0.612372 -0.612372 0.500000
vn -0.750000 -0.433013 0.500000
vn -0.836516 -0.224144 0.500000
vn -0.965926 0.258819 -0.000000
vn -0.965926 0.258819 -0.000000
vn -1.000000 0.000000 -0.000000
vn -1.000000 0.000000 -0.000000
vn -0.965926 -0.258819 0.000000
vn -0.965926 -0.258819 0.000000
vn -0.866025 -0.500000 0.000000
vn -0.866025 -0.500000 0.000000
vn -0.707107 -0.707107 0.000000
vn -0.707107 -0.707107 0.000000
vn -0.500000 -0.866025 0.000000
vn -0.500000 -0.866025 0.000000
vn -0.258819 -0.965926 0.000000
vn -0.258819 -0.965926 0.000000
vn 0.000000 -1.000000 -0.000000
vn 0.000000 -1.000000 -0.000000
vn 0.258819 -0.965926 -0.000000
vn 0.258819 -0.965926 -0.000000
vn 0.500000 -0.866025 -0.000000
vn 0.500000 -0.866025 -0.000000
vn 0.707107 -0.707107 -0.000000
vn 0.707107 -0.707107 -0.000000
vn 0.866025 -0.500000 -0.000000
vn 0.866025 -0.500000 -0.000000
vn 0.965926 -0.258819 -0.000000
vn 0.965926 -0.258819 -0.000000
vn 1.000000 -0.000000 -0.000000
vn 1.000000 -0.000000 -0.000000
vn 0.965926 0.258819 -0.000000
vn 0.965926 0.258819 -0.000000
vn 0.866025 0.500000 -0.000000
vn 0.866025 0.500000 -0.000000
vn 0.707107 0.707107 -0.000000
vn 0.707107 0.707107 -0.000000
vn 0.500000 0.866025 -0.000000
vn 0.500000 0.866025 -0.000000
vn 0.258819 0.965926 -0.000000
vn 0.258819 0.965926 -0.000000
vn 0.000000 1.000000 -0.000000
vn 0.000000 1.000000 -0.000000
vn -0.258819 0.965926 -0.000000
vn -0.258819 0.965926 -0.000000
vn -0.500000 0.866025 -0.000000
vn -0.500000 0.866025 -0.000000
vn -0.707107 0.707107 -0.000000
vn -0.707107 0.707107 -0.000000
vn -0.866025 0.500000 -0.000000
vn -0.866025 0.500000 -0.000000
vn -0.965926 -0.258819 0.000000
vn -0.965926 -0.258819 0.000000
vn -0.866025 -0.500000 0.000000
vn -0.866025 -0.500000 0.000000
vn -0.707107 -0.707107 0.000000
vn -0.707107 -0.707107 0.000000
vn -0.500000 -0.866025 0.000000
vn -0.500000 -0.866025 0.000000
vn -0.258819 -0.965926 0.000000
vn -0.258819 -0.965926 0.000000
vn -0.000000 -1.000000 0.000000
vn -0.000000 -1.000000 0.000000
vn -0.000000 -1.000000 -0.000000
vn -0.000000 -1.000000 -0.000000
vn -0.000000 -1.000000 -0.000000
vn -0.000000 -1.000000 -0.000000
vn -0.000000 -1.000000 -0.000000
vn -0.000000 -1.000000 -0.000000
vn -0.000000 -1.000000 -0.000000
vn -0.000000 -1.000000 -0.000000
vn -0.000000 -1.000000 -0.000000
vn -0.000000 -1.000000 -0.000000
vn -0.000000 -1.000000 -0.000000
vn 0.965926 0.258819 0.000000
vn 0.965926 0.258819 0.000000
vn 0.866025 0.500000 0.000000
vn 0.866025 0.500000 0.000000
vn 0.707107 0.707107 0.000000
vn 0.707107 0.707107 0.000000
vn 0.500000 0.866025 0.000000
vn 0.500000 0.866025 0.000000
vn 0.258819 0.965926 0.000000
vn 0.258819 0.965926 0.000000
vn 0.000000 1.000000 0.000000
vn 0.000000 1.000000 0.000000
vn -0.000000 1.000000 0.000000
vn -0.000000 1.000000 0.000000
vn -0.000000 1.000000 0.000000
vn -0.000000 1.000000 0.000000
vn -0.000000 1.000000 0.000000
vn -0.000000 1.000000 0.000000
vn -0.000000 1.000000 0.000000
vn -0.258819 0.965926 0.000000
vn -0.258819 0.965926 0.000000
vn -0.500000 0.866025 0.000000
vn -0.500000 0.866025 0.000000
vn -0.707107 0.707107 0.000000
vn -0.707107 0.707107 0.000000
vn -0.866025 0.500000 0.000000
vn -0.866025 0.500000 0.000000
vn -0.965926 0.258819 0.000000
vn -0.965926 0.258819 0.000000
vn -1.000000 0.000000 0.000000
vn -1.000000 0.000000 0.000000
vn -1.000000 0.000000 0.000000
vn -1.000000 0.000000 0.000000
vn -1.000000 0.000000 0.000000
vn -1.000000 0.000000 0.000000
vn -1.000000 0.000000 0.000000
vn -1.000000 0.000000 0.000000
vn -1.000000 0.000000 0.000000
vn 0.258819 -0.965926 0.000000
vn 0.258819 -0.965926 0.000000
vn 0.500000 -0.866025 0.000000
vn 0.500000 -0.866025 0.000000
vn 0.707107 -0.707107 0.000000
vn 0.707107 -0.707107 0.000000
vn 0.866025 -0.500000 0.000000
vn 0.866025 -0.500000 0.000000
vn 0.965926 -0.258819 0.000000
vn 0.965926 -0.258819 0.000000
vn 1.000000 -0.000000 0.000000
vn 1.000000 -0.000000 0.000000
vn 1.000000 0.000000 0.000000
vn 1.000000 0.000000 0.000000
vn 1.000000 0.000000 0.000000
vn 1.000000 0.000000 0.000000
vn 1.000000 0.000000 0.000000
vn 1.000000 0.000000 0.000000
vn 1.000000 0.000000 0.000000
vn -1.000000 0.000000 0.000000
vn -1.000000 0.000000 0.000000
vn 0.000000 0.000000 -1.000000
vn 0.000000 0.000000 -1.000000
vn 0.000000 0.000000 -1.000000
vn 0.000000 0.000000 -1.000000
vn 0.000000 0.000000 -1.000000
vn 0.000000 0.000000 -1.000000
vn 0.000000 0.000000 -1.000000
vn 0.000000 0.000000 -1.000000
vn 0.000000 0.000000 -1.000000
vn 0.000000 0.000000 -1.000000
vn 0.000000 0.000000 -1.000000
vn 0.000000 0.000000 -1.000000
vn 0.000000 0.000000 -1.000000
vn 0.000000 0.000000 -1.000000
vn 0.000000 0.000000 -1.000000
vn 0.000000 0.000000 -1.000000
vn 0.000000 0.000000 -1.000000
vn 0.000000 0.000000 -1.000000
vn 0.000000 0.000000 -1.000000
vn 0.000000 0.000000 -1.000000
vn 0.000000 0.000000 -1.000000
vn 0.000000 0.000000 -1.000000
vn 0.000000 0.000000 -1.000000
vn 0.000000 0.000000 -1.000000
vn 0.000000 0.000000 -1.000000
vn 0.000000 0.000000 -1.000000
vn 0.000000 0.000000 -1.000000
vn 0.000000 0.000000 -1.000000
vn 0.000000 0.000000 -1.000000
vn 0.000000 0.000000 -1.000000
vn 0.000000 0.000000 -1.000000
vn 0.000000 0.000000 -1.000000
vn 0.000000 0.000000 -1.000000
vn 0.000000 0.000000 -1.000000
vn 0.000000 0.000000 -1.000000
vn 0.000000 0.000000 -1.000000
vn -0.970802 -0.139580 -0.195090
vn -0.980785 -0.000000 -0.195090
vn -0.970802 0.139580 -0.195090
vn -0.923880 0.000000 -0.382683
vn -0.914476 0.131482 -0.382683
vn -0.831470 0.000000 -0.555570
vn -0.823006 0.118330 -0.555570
vn -0.707107 0.000000 -0.707107
vn -0.699909 0.100632 -0.707107
vn -0.555570 0.000000 -0.831470
vn -0.549915 0.079066 -0.831470
vn -0.382683 0.000000 -0.923880
vn -0.378788 0.054462 -0.923880
vn -0.195090 0.000000 -0.980785
vn -0.193105 0.027764 -0.980785
vn 0.000000 -0.000000 -1.000000
vn 0.000000 -0.000000 -1.000000
vn -0.941057 -0.276319 -0.195090
vn -0.892154 -0.407433 -0.195090
vn -0.825089 -0.530253 -0.195090
vn -0.777217 -0.499487 -0.382683
vn -0.698222 -0.605012 -0.382683
vn -0.628383 -0.544497 -0.555570
vn -0.544497 -0.628383 -0.555570
vn -0.463056 -0.534396 -0.707107
vn -0.382291 -0.594856 -0.707107
vn -0.300364 -0.467375 -0.831470
vn -0.230792 -0.505364 -0.831470
vn -0.158972 -0.348101 -0.923880
vn -0.107814 -0.367182 -0.923880
vn -0.054963 -0.187188 -0.980785
vn -0.027764 -0.193105 -0.980785
vn 0.000000 0.000000 -1.000000
vn -0.000000 0.000000 -1.000000
vn 0.000000 -0.195090 -0.980785
vn 0.027764 -0.193105 -0.980785
vn 0.000000 -0.382683 -0.923880
vn 0.054462 -0.378788 -0.923880
vn 0.000000 -0.555570 -0.831470
vn 0.079066 -0.549915 -0.831470
vn 0.000000 -0.707107 -0.707107
vn 0.100632 -0.699909 -0.707107
vn 0.000000 -0.831470 -0.555570
vn 0.118330 -0.823006 -0.555570
vn 0.000000 -0.923880 -0.382683
vn 0.131482 -0.914476 -0.382683
vn 0.000000 -0.980785 -0.195090
vn 0.139580 -0.970802 -0.195090
vn -0.741228 -0.642278 -0.195090
vn -0.605012 -0.698222 -0.382683
vn -0.449526 -0.699477 -0.555570
vn -0.293743 -0.643207 -0.707107
vn -0.156522 -0.533066 -0.831470
vn -0.054462 -0.378788 -0.923880
vn -0.642278 -0.741228 -0.195090
vn -0.530253 -0.825089 -0.195090
vn -0.407433 -0.892154 -0.195090
vn -0.383793 -0.840390 -0.382683
vn -0.260287 -0.886456 -0.382683
vn -0.234252 -0.797789 -0.555570
vn -0.118330 -0.823006 -0.555570
vn -0.100632 -0.699909 -0.707107
vn -0.276319 -0.941057 -0.195090
vn -0.131482 -0.914476 -0.382683
vn -0.139580 -0.970802 -0.195090
vn 0.276319 -0.941057 -0.195090
vn 0.407433 -0.892154 -0.195090
vn 0.530253 -0.825089 -0.195090
vn 0.499487 -0.777217 -0.382683
vn 0.605012 -0.698222 -0.382683
vn 0.544497 -0.628383 -0.555570
vn 0.628383 -0.544497 -0.555570
vn 0.534396 -0.463056 -0.707107
vn 0.594856 -0.382291 -0.707107
vn 0.467375 -0.300364 -0.831470
vn 0.505364 -0.230792 -0.831470
vn 0.348101 -0.158972 -0.923880
vn 0.367182 -0.107814 -0.923880
vn 0.187188 -0.054963 -0.980785
vn 0.193105 -0.027764 -0.980785
vn -0.000000 0.000000 -1.000000
vn -0.000000 0.000000 -1.000000
vn 0.195090 0.000000 -0.980785
vn 0.193105 0.027764 -0.980785
vn 0.382683 0.000000 -0.923880
vn 0.378788 0.054462 -0.923880
vn 0.555570 0.000000 -0.831470
vn 0.549915 0.079066 -0.831470
vn 0.707107 0.000000 -0.707107
vn 0.699909 0.100632 -0.707107
vn 0.831470 0.000000 -0.555570
vn 0.823006 0.118330 -0.555570
vn 0.923880 0.000000 -0.382683
vn 0.914476 0.131482 -0.382683
vn 0.980785 0.000000 -0.195090
vn 0.970802 0.139580 -0.195090
vn 0.642278 -0.741228 -0.195090
vn 0.698222 -0.605012 -0.382683
vn 0.699477 -0.449526 -0.555570
vn 0.643207 -0.293743 -0.707107
vn 0.533066 -0.156522 -0.831470
vn 0.378788 -0.054462 -0.923880
vn 0.741228 -0.642278 -0.195090
vn 0.825089 -0.530253 -0.195090
vn 0.892154 -0.407433 -0.195090
vn 0.840390 -0.383793 -0.382683
vn 0.886456 -0.260287 -0.382683
vn 0.797789 -0.234252 -0.555570
vn 0.823006 -0.118330 -0.555570
vn 0.699909 -0.100632 -0.707107
vn 0.941057 -0.276319 -0.195090
vn 0.914476 -0.131482 -0.382683
vn 0.970802 -0.139580 -0.195090
vn 0.941057 0.276319 -0.195090
vn 0.892154 0.407433 -0.195090
vn 0.825089 0.530253 -0.195090
vn 0.777217 0.499487 -0.382683
vn 0.698222 0.605012 -0.382683
vn 0.628383 0.544497 -0.555570
vn 0.544497 0.628383 -0.555570
vn 0.463056 0.534396 -0.707107
vn 0.382291 0.594856 -0.707107
vn 0.300364 0.467375 -0.831470
vn 0.230792 0.505364 -0.831470
vn 0.158972 0.348101 -0.923880
vn 0.107814 0.367182 -0.923880
vn 0.054963 0.187188 -0.980785
vn 0.027764 0.193105 -0.980785
vn -0.000000 -0.000000 -1.000000
vn -0.000000 -0.000000 -1.000000
vn 0.000000 0.195090 -0.980785
vn -0.027764 0.193105 -0.980785
vn 0.000000 0.382683 -0.923880
vn -0.054462 0.378788 -0.923880
vn 0.000000 0.555570 -0.831470
vn -0.079066 0.549915 -0.831470
vn 0.000000 0.707107 -0.707107
vn -0.100632 0.699909 -0.707107
vn 0.000000 0.831470 -0.555570
vn -0.118330 0.823006 -0.555570
vn 0.000000 0.923880 -0.382683
vn -0.131482 0.914476 -0.382683
vn 0.000000 0.980785 -0.195090
vn -0.139580 0.970802 -0.195090
vn 0.741228 0.642278 -0.195090
vn 0.605012 0.698222 -0.382683
vn 0.449526 0.699477 -0.555570
vn 0.293743 0.643207 -0.707107
vn 0.156522 0.533066 -0.831470
vn 0.054462 0.378788 -0.923880
vn 0.642278 0.741228 -0.195090
vn 0.530253 0.825089 -0.195090
vn 0.407433 0.892154 -0.195090
vn 0.383793 0.840390 -0.382683
vn 0.260287 0.886456 -0.382683
vn 0.234252 0.797789 -0.555570
vn 0.118330 0.823006 -0.555570
vn 0.100632 0.699909 -0.707107
vn 0.276319 0.941057 -0.195090
vn 0.131482 0.914476 -0.382683
vn 0.139580 0.970802 -0.195090
vn -0.276319 0.941057 -0.195090
vn -0.407433 0.892154 -0.195090
vn -0.530253 0.825089 -0.195090
vn -0.499487 0.777217 -0.382683
vn -0.605012 0.698222 -0.382683
vn -0.544497 0.628383 -0.555570
vn -0.628383 0.544497 -0.555570
vn -0.534396 0.463056 -0.707107
vn -0.594856 0.382291 -0.707107
vn -0.467375 0.300364 -0.831470
vn -0.505364 0.230792 -0.831470
vn -0.348101 0.158972 -0.923880
vn -0.367182 0.107814 -0.923880
vn -0.187188 0.054963 -0.980785
vn -0.642278 0.741228 -0.195090
vn -0.698222 0.605012 -0.382683
vn -0.699477 0.449526 -0.555570
vn -0.643207 0.293743 -0.707107
vn -0.533066 0.156522 -0.831470
vn -0.741228 0.642278 -0.195090
vn -0.825089 0.530253 -0.195090
vn -0.892154 0.407433 -0.195090
vn -0.840390 0.383793 -0.382683
vn -0.886456 0.260287 -0.382683
vn -0.797789 0.234252 -0.555570
vn -0.941057 0.276319 -0.195090
vn 0.000000 -0.000000 -1.000000
vn -0.177460 0.081043 -0.980785
vn -0.321934 0.206894 -0.923880
vn -0.419872 0.363821 -0.831470
vn -0.463056 0.534396 -0.707107
vn -0.449526 0.699477 -0.555570
vn -0.383793 0.840390 -0.382683
vn 0.000000 -0.000000 -1.000000
vn -0.164120 0.105474 -0.980785
vn -0.289213 0.250604 -0.923880
vn -0.363821 0.419872 -0.831470
vn -0.382291 0.594856 -0.707107
vn -0.345405 0.756331 -0.555570
vn -0.260287 0.886456 -0.382683
vn -0.147439 0.127757 -0.980785
vn -0.000000 0.000000 -1.000000
vn -0.127757 0.147439 -0.980785
vn 0.000000 -0.000000 -1.000000
vn -0.105474 0.164120 -0.980785
vn -0.081043 0.177460 -0.980785
vn -0.158972 0.348101 -0.923880
vn -0.107814 0.367182 -0.923880
vn -0.156522 0.533066 -0.831470
vn 0.000000 -0.000000 -1.000000
vn -0.054963 0.187188 -0.980785
vn 0.000000 -0.000000 -1.000000
vn -0.000000 -0.000000 -1.000000
vn 0.081043 0.177460 -0.980785
vn 0.206894 0.321934 -0.923880
vn 0.363821 0.419872 -0.831470
vn 0.534396 0.463056 -0.707107
vn 0.699477 0.449526 -0.555570
vn 0.840390 0.383793 -0.382683
vn -0.000000 -0.000000 -1.000000
vn 0.105474 0.164120 -0.980785
vn 0.250604 0.289213 -0.923880
vn 0.419872 0.363821 -0.831470
vn 0.594856 0.382291 -0.707107
vn 0.756331 0.345405 -0.555570
vn 0.886456 0.260287 -0.382683
vn 0.127757 0.147439 -0.980785
vn 0.000000 0.000000 -1.000000
vn 0.147439 0.127757 -0.980785
vn -0.000000 -0.000000 -1.000000
vn 0.164120 0.105474 -0.980785
vn 0.177460 0.081043 -0.980785
vn 0.348101 0.158972 -0.923880
vn 0.367182 0.107814 -0.923880
vn 0.533066 0.156522 -0.831470
vn -0.000000 -0.000000 -1.000000
vn 0.187188 0.054963 -0.980785
vn -0.000000 -0.000000 -1.000000
vn -0.000000 0.000000 -1.000000
vn 0.177460 -0.081043 -0.980785
vn 0.321934 -0.206894 -0.923880
vn 0.419872 -0.363821 -0.831470
vn 0.463056 -0.534396 -0.707107
vn 0.449526 -0.699477 -0.555570
vn 0.383793 -0.840390 -0.382683
vn -0.000000 0.000000 -1.000000
vn 0.164120 -0.105474 -0.980785
vn 0.289213 -0.250604 -0.923880
vn 0.363821 -0.419872 -0.831470
vn 0.382291 -0.594856 -0.707107
vn 0.345405 -0.756331 -0.555570
vn 0.260287 -0.886456 -0.382683
vn 0.147439 -0.127757 -0.980785
vn 0.000000 -0.000000 -1.000000
vn 0.127757 -0.147439 -0.980785
vn -0.000000 0.000000 -1.000000
vn 0.105474 -0.164120 -0.980785
vn 0.081043 -0.177460 -0.980785
vn 0.158972 -0.348101 -0.923880
vn 0.107814 -0.367182 -0.923880
vn 0.156522 -0.533066 -0.831470
vn -0.000000 0.000000 -1.000000
vn 0.054963 -0.187188 -0.980785
vn -0.000000 0.000000 -1.000000
vn 0.000000 0.000000 -1.000000
vn -0.081043 -0.177460 -0.980785
vn -0.206894 -0.321934 -0.923880
vn -0.363821 -0.419872 -0.831470
vn -0.534396 -0.463056 -0.707107
vn -0.699477 -0.449526 -0.555570
vn -0.840390 -0.383793 -0.382683
vn 0.000000 0.000000 -1.000000
vn -0.105474 -0.164120 -0.980785
vn -0.250604 -0.289213 -0.923880
vn -0.419872 -0.363821 -0.831470
vn -0.594856 -0.382291 -0.707107
vn -0.756331 -0.345405 -0.555570
vn -0.886456 -0.260287 -0.382683
vn -0.127757 -0.147439 -0.980785
vn -0.000000 -0.000000 -1.000000
vn -0.147439 -0.127757 -0.980785
vn 0.000000 0.000000 -1.000000
vn -0.164120 -0.105474 -0.980785
vn -0.177460 -0.081043 -0.980785
vn -0.348101 -0.158972 -0.923880
vn -0.367182 -0.107814 -0.923880
vn -0.533066 -0.156522 -0.831470
vn -0.549915 -0.079066 -0.831470
vn -0.699909 -0.100632 -0.707107
vn 0.000000 0.000000 -1.000000
vn -0.187188 -0.054963 -0.980785
vn -0.378788 -0.054462 -0.923880
vn 0.000000 0.000000 -1.000000
vn -0.193105 -0.027764 -0.980785
vn -0.914476 -0.131482 -0.382683
vn -0.823006 -0.118330 -0.555570
vn -0.797789 -0.234252 -0.555570
vn -0.678464 -0.199215 -0.707107
vn -0.505364 -0.230792 -0.831470
vn -0.321934 -0.206894 -0.923880
vn -0.643207 -0.293743 -0.707107
vn -0.467375 -0.300364 -0.831470
vn -0.289213 -0.250604 -0.923880
vn -0.499487 -0.777217 -0.382683
vn -0.345405 -0.756331 -0.555570
vn -0.199215 -0.678464 -0.707107
vn -0.079066 -0.549915 -0.831470
vn 0.234252 -0.797789 -0.555570
vn 0.199215 -0.678464 -0.707107
vn 0.293743 -0.643207 -0.707107
vn 0.230792 -0.505364 -0.831470
vn 0.300364 -0.467375 -0.831470
vn 0.206894 -0.321934 -0.923880
vn 0.250604 -0.289213 -0.923880
vn 0.777217 -0.499487 -0.382683
vn 0.756331 -0.345405 -0.555570
vn 0.678464 -0.199215 -0.707107
vn 0.549915 -0.079066 -0.831470
vn 0.797789 0.234252 -0.555570
vn 0.678464 0.199215 -0.707107
vn 0.643207 0.293743 -0.707107
vn 0.505364 0.230792 -0.831470
vn 0.467375 0.300364 -0.831470
vn 0.321934 0.206894 -0.923880
vn 0.289213 0.250604 -0.923880
vn 0.499487 0.777217 -0.382683
vn 0.345405 0.756331 -0.555570
vn 0.199215 0.678464 -0.707107
vn 0.079066 0.549915 -0.831470
vn -0.234252 0.797789 -0.555570
vn -0.199215 0.678464 -0.707107
vn -0.293743 0.643207 -0.707107
vn -0.230792 0.505364 -0.831470
vn -0.300364 0.467375 -0.831470
vn -0.206894 0.321934 -0.923880
vn -0.250604 0.289213 -0.923880
vn -0.777217 0.499487 -0.382683
vn -0.756331 0.345405 -0.555570
vn -0.678464 0.199215 -0.707107
vn -0.000000 -0.000000 -1.000000
vn -0.000000 -0.000000 -1.000000
vn -0.000000 -0.000000 -1.000000
vn -0.000000 -0.000000 -1.000000
vn -0.000000 -0.000000 -1.000000
vn -0.000000 -0.000000 -1.000000
vn -0.000000 -0.000000 -1.000000
vn -0.000000 -0.000000 -1.000000
vn -0.000000 -0.000000 -1.000000
vn -0.000000 -0.000000 -1.000000
vn -0.000000 -0.000000 -1.000000
vn -0.000000 -0.000000 -1.000000
vn -0.000000 -0.000000 -1.000000
vn -0.000000 -0.000000 -1.000000
vn -0.000000 -0.000000 -1.000000
vn -0.000000 -0.000000 -1.000000
vn -0.000000 -0.000000 -1.000000
vn -0.000000 -0.000000 -1.000000
vn -0.000000 -0.000000 -1.000000
vn -0.000000 -0.000000 -1.000000
vn -0.000000 -0.000000 -1.000000
vn -0.000000 -0.000000 -1.000000
vn -0.000000 -0.000000 -1.000000
vn -0.000000 -0.000000 -1.000000
vn -0.000000 -0.000000 -1.000000
vn -0.000000 -0.000000 -1.000000
vn -0.000000 -0.000000 -1.000000
vn -0.000000 -0.000000 -1.000000
vn -0.000000 -0.000000 -1.000000
vn -0.000000 -0.000000 -1.000000
vn -0.000000 -0.000000 -1.000000
vn -0.000000 -0.000000 -1.000000
vn -0.000000 -0.000000 -1.000000
vn -0.000000 -0.000000 -1.000000
vn -0.000000 -0.000000 -1.000000
vn -0.000000 -0.000000 -1.000000
vn -0.000000 -0.000000 -1.000000
vn -0.000000 -0.000000 -1.000000
vn -0.000000 -0.000000 -1.000000
vn 0.987050 -0.160411 -0.000000
vn 1.000000 0.000000 -0.000000
vn 0.965926 0.000000 0.258819
vn 0.987050 0.160411 -0.000000
vn 0.952752 0.158986 0.258819
vn 0.948536 0.316668 -0.000000
vn 0.913589 0.313636 0.258819
vn 0.885456 0.464723 -0.000000
vn 0.849506 0.459730 0.258819
vn 0.799443 0.600742 -0.000000
vn 0.762251 0.593284 0.258819
vn 0.692724 0.721202 -0.000000
vn 0.654204 0.710655 0.258819
vn 0.568065 0.822984 -0.000000
vn 0.528311 0.808641 0.258819
vn 0.428693 0.903450 -0.000000
vn 0.388008 0.884569 0.258819
vn 0.278217 0.960518 -0.000000
vn 0.237121 0.936369 0.258819
vn 0.120537 0.992709 -0.000000
vn 0.079766 0.962627 0.258819
vn -0.040266 0.999189 -0.000000
vn -0.079766 0.962627 0.258819
vn -0.200026 0.979791 -0.000000
vn -0.237121 0.936369 0.258819
vn -0.354605 0.935016 -0.000000
vn -0.388008 0.884569 0.258819
vn -0.500000 0.866025 -0.000000
vn -0.528311 0.808641 0.258819
vn -0.632445 0.774605 -0.000000
vn -0.654204 0.710655 0.258819
vn -0.748511 0.663123 -0.000000
vn -0.762251 0.593284 0.258819
vn -0.845190 0.534466 -0.000000
vn -0.849506 0.459730 0.258819
vn -0.919979 0.391967 -0.000000
vn -0.913589 0.313636 0.258819
vn -0.970942 0.239316 -0.000000
vn -0.952752 0.158986 0.258819
vn -0.996757 0.080467 -0.000000
vn -0.965926 0.000000 0.258819
vn -0.996757 -0.080467 0.000000
vn -0.952752 -0.158986 0.258819
vn -0.970942 -0.239316 0.000000
vn -0.913589 -0.313636 0.258819
vn -0.919979 -0.391967 0.000000
vn -0.849506 -0.459730 0.258819
vn -0.845190 -0.534466 0.000000
vn -0.762251 -0.593284 0.258819
vn -0.748511 -0.663123 0.000000
vn -0.654204 -0.710655 0.258819
vn -0.632445 -0.774605 0.000000
vn -0.528311 -0.808641 0.258819
vn -0.500000 -0.866025 0.000000
vn -0.388008 -0.884569 0.258819
vn -0.354605 -0.935016 0.000000
vn -0.237121 -0.936369 0.258819
vn -0.200026 -0.979791 0.000000
vn -0.079766 -0.962627 0.258819
vn -0.040266 -0.999189 0.000000
vn 0.079766 -0.962627 0.258819
vn 0.120537 -0.992709 -0.000000
vn 0.237121 -0.936369 0.258819
vn 0.278217 -0.960518 -0.000000
vn 0.388008 -0.884569 0.258819
vn 0.428693 -0.903450 -0.000000
vn 0.528311 -0.808641 0.258819
vn 0.568065 -0.822984 -0.000000
vn 0.654204 -0.710655 0.258819
vn 0.692724 -0.721202 -0.000000
vn 0.762251 -0.593284 0.258819
vn 0.799443 -0.600742 -0.000000
vn 0.849506 -0.459730 0.258819
vn 0.885456 -0.464723 -0.000000
vn 0.913589 -0.313636 0.258819
vn 0.948536 -0.316668 -0.000000
vn 0.952752 -0.158986 0.258819
vn 0.000000 -0.000000 1.000000
vn 0.255289 -0.042600 0.965926
vn 0.000000 -0.000000 1.000000
vn 0.258819 -0.000000 0.965926
vn 0.255289 0.042600 0.965926
vn 0.500000 -0.000000 0.866025
vn 0.493181 0.082297 0.866025
vn 0.707107 -0.000000 0.707107
vn 0.697463 0.116386 0.707107
vn 0.866025 0.000000 0.500000
vn 0.854214 0.142543 0.500000
vn 0.244796 -0.084038 0.965926
vn 0.000000 -0.000000 1.000000
vn 0.227625 -0.123184 0.965926
vn 0.000000 -0.000000 1.000000
vn 0.204245 -0.158970 0.965926
vn 0.000000 -0.000000 1.000000
vn 0.175293 -0.190419 0.965926
vn 0.000000 -0.000000 1.000000
vn 0.141561 -0.216675 0.965926
vn 0.000000 -0.000000 1.000000
vn 0.103966 -0.237020 0.965926
vn 0.000000 -0.000000 1.000000
vn 0.063536 -0.250899 0.965926
vn 0.000000 -0.000000 1.000000
vn 0.021373 -0.257935 0.965926
vn -0.000000 0.000000 1.000000
vn -0.021373 -0.257935 0.965926
vn -0.000000 -0.000000 1.000000
vn -0.063536 -0.250899 0.965926
vn -0.000000 -0.000000 1.000000
vn -0.103966 -0.237020 0.965926
vn -0.000000 -0.000000 1.000000
vn -0.141561 -0.216675 0.965926
vn -0.000000 -0.000000 1.000000
vn -0.175293 -0.190419 0.965926
vn -0.000000 -0.000000 1.000000
vn -0.204245 -0.158970 0.965926
vn -0.000000 -0.000000 1.000000
vn -0.227625 -0.123184 0.965926
vn -0.000000 -0.000000 1.000000
vn -0.244796 -0.084038 0.965926
vn -0.000000 -0.000000 1.000000
vn -0.255289 -0.042600 0.965926
vn -0.000000 -0.000000 1.000000
vn -0.258819 -0.000000 0.965926
vn -0.000000 0.000000 1.000000
vn -0.255289 0.042600 0.965926
vn -0.000000 0.000000 1.000000
vn -0.244796 0.084038 0.965926
vn -0.000000 0.000000 1.000000
vn -0.227625 0.123184 0.965926
vn -0.000000 0.000000 1.000000
vn -0.204245 0.158970 0.965926
vn -0.000000 0.000000 1.000000
vn -0.175293 0.190419 0.965926
vn -0.000000 0.000000 1.000000
vn -0.141561 0.216675 0.965926
vn -0.000000 0.000000 1.000000
vn -0.103966 0.237020 0.965926
vn -0.000000 0.000000 1.000000
vn -0.063536 0.250899 0.965926
vn -0.000000 0.000000 1.000000
vn -0.021373 0.257935 0.965926
vn -0.000000 -0.000000 1.000000
vn 0.021373 0.257935 0.965926
vn 0.000000 0.000000 1.000000
vn 0.063536 0.250899 0.965926
vn 0.000000 0.000000 1.000000
vn 0.103966 0.237020 0.965926
vn 0.000000 0.000000 1.000000
vn 0.141561 0.216675 0.965926
vn 0.000000 0.000000 1.000000
vn 0.175293 0.190419 0.965926
vn 0.000000 0.000000 1.000000
vn 0.204245 0.158970 0.965926
vn 0.000000 0.000000 1.000000
vn 0.227625 0.123184 0.965926
vn 0.000000 0.000000 1.000000
vn 0.244796 0.084038 0.965926
vn 0.000000 0.000000 1.000000
vn -0.866025 0.000000 0.500000
vn -0.854214 0.142543 0.500000
vn -0.819102 0.281198 0.500000
vn -0.761647 0.412183 0.500000
vn -0.683416 0.531924 0.500000
vn -0.586543 0.637156 0.500000
vn -0.473671 0.725007 0.500000
vn -0.347878 0.793083 0.500000
vn -0.212597 0.839525 0.500000
vn -0.071516 0.863067 0.500000
vn 0.071516 0.863067 0.500000
vn 0.212597 0.839525 0.500000
vn 0.347878 0.793083 0.500000
vn 0.473671 0.725007 0.500000
vn 0.586543 0.637156 0.500000
vn 0.683416 0.531924 0.500000
vn 0.761647 0.412183 0.500000
vn 0.819102 0.281198 0.500000
vn -0.707107 0.000000 0.707107
vn -0.697463 0.116386 0.707107
vn -0.668794 0.229597 0.707107
vn -0.621882 0.336546 0.707107
vn -0.558007 0.434314 0.707107
vn -0.478910 0.520235 0.707107
vn -0.386751 0.591966 0.707107
vn -0.284042 0.647550 0.707107
vn -0.173584 0.685470 0.707107
vn -0.058392 0.704692 0.707107
vn 0.058392 0.704692 0.707107
vn 0.173584 0.685470 0.707107
vn 0.284042 0.647550 0.707107
vn 0.386751 0.591966 0.707107
vn 0.478910 0.520235 0.707107
vn 0.558007 0.434314 0.707107
vn 0.621882 0.336546 0.707107
vn 0.668794 0.229597 0.707107
vn -0.854214 -0.142543 0.500000
vn -0.819102 -0.281198 0.500000
vn -0.761647 -0.412183 0.500000
vn -0.683416 -0.531924 0.500000
vn -0.586543 -0.637156 0.500000
vn -0.473671 -0.725007 0.500000
vn -0.347878 -0.793083 0.500000
vn -0.212597 -0.839525 0.500000
vn -0.071516 -0.863067 0.500000
vn 0.071516 -0.863067 0.500000
vn 0.212597 -0.839525 0.500000
vn 0.347878 -0.793083 0.500000
vn 0.473671 -0.725007 0.500000
vn 0.586543 -0.637156 0.500000
vn 0.683416 -0.531924 0.500000
vn 0.761647 -0.412183 0.500000
vn 0.819102 -0.281198 0.500000
vn 0.854214 -0.142543 0.500000
vn -0.500000 0.000000 0.866025
vn -0.493181 0.082297 0.866025
vn -0.472909 0.162350 0.866025
vn -0.439737 0.237974 0.866025
vn -0.394570 0.307106 0.866025
vn -0.338641 0.367862 0.866025
vn -0.273474 0.418583 0.866025
vn -0.200848 0.457887 0.866025
vn -0.122743 0.484700 0.866025
vn -0.041290 0.498292 0.866025
vn 0.041290 0.498292 0.866025
vn 0.122743 0.484700 0.866025
vn 0.200848 0.457887 0.866025
vn 0.273474 0.418583 0.866025
vn 0.338641 0.367862 0.866025
vn 0.394570 0.307106 0.866025
vn 0.439737 0.237974 0.866025
vn 0.472909 0.162350 0.866025
vn -0.697463 -0.116386 0.707107
vn -0.668794 -0.229597 0.707107
vn -0.621882 -0.336546 0.707107
vn -0.558007 -0.434314 0.707107
vn -0.478910 -0.520235 0.707107
vn -0.386751 -0.591966 0.707107
vn -0.284042 -0.647550 0.707107
vn -0.173584 -0.685470 0.707107
vn -0.058392 -0.704692 0.707107
vn 0.058392 -0.704692 0.707107
vn 0.173584 -0.685470 0.707107
vn 0.284042 -0.647550 0.707107
vn 0.386751 -0.591966 0.707107
vn 0.478910 -0.520235 0.707107
vn 0.558007 -0.434314 0.707107
vn 0.621882 -0.336546 0.707107
vn 0.668794 -0.229597 0.707107
vn 0.697463 -0.116386 0.707107
vn -0.493181 -0.082297 0.866025
vn -0.472909 -0.162350 0.866025
vn -0.439737 -0.237974 0.866025
vn -0.394570 -0.307106 0.866025
vn -0.338641 -0.367862 0.866025
vn -0.273474 -0.418583 0.866025
vn -0.200848 -0.457887 0.866025
vn -0.122743 -0.484700 0.866025
vn -0.041290 -0.498292 0.866025
vn 0.041290 -0.498292 0.866025
vn 0.122743 -0.484700 0.866025
vn 0.200848 -0.457887 0.866025
vn 0.273474 -0.418583 0.866025
vn 0.338641 -0.367862 0.866025
vn 0.394570 -0.307106 0.866025
vn 0.439737 -0.237974 0.866025
vn 0.472909 -0.162350 0.866025
vn 0.493181 -0.082297 0.866025
vn 0.000000 0.000000 1.000000
vn 0.000000 0.000000 1.000000
vn 0.000000 0.000000 1.000000
vn 0.000000 0.000000 1.000000
vn 0.000000 0.000000 1.000000
vn 0.000000 0.000000 1.000000
vn 0.000000 0.000000 1.000000
vn 0.000000 0.000000 1.000000
vn 0.000000 0.000000 1.000000
vn 0.000000 0.000000 1.000000
vn 0.000000 0.000000 1.000000
vn 0.000000 0.000000 1.000000
vn 0.000000 0.000000 1.000000
vn 0.000000 0.000000 1.000000
vn 0.000000 0.000000 1.000000
vn 0.000000 0.000000 1.000000
vn 0.000000 0.000000 1.000000
vn 0.000000 0.000000 1.000000
vn 0.000000 0.000000 1.000000
vn 0.000000 0.000000 1.000000
vn 0.000000 0.000000 1.000000
vn 0.000000 0.000000 1.000000
vn 0.000000 0.000000 1.000000
vn 0.000000 0.000000 1.000000
vn 0.000000 0.000000 1.000000
vn 0.000000 0.000000 1.000000
vn 0.000000 0.000000 1.000000
vn 0.000000 0.000000 1.000000
vn 0.000000 0.000000 1.000000
vn 0.000000 0.000000 1.000000
vn 0.000000 0.000000 1.000000
vn 0.000000 0.000000 1.000000
vn 0.000000 0.000000 1.000000
vn 0.987050 0.160411 -0.000000
vn 1.000000 0.000000 -0.000000
vn 0.987050 -0.160411 -0.000000
vn 0.948536 0.316668 -0.000000
vn 0.885456 0.464723 -0.000000
vn 0.799443 0.600742 -0.000000
vn 0.692724 0.721202 -0.000000
vn 0.568065 0.822984 -0.000000
vn 0.428693 0.903450 -0.000000
vn 0.278217 0.960518 -0.000000
vn 0.120537 0.992709 -0.000000
vn -0.040266 0.999189 -0.000000
vn -0.200026 0.979791 -0.000000
vn -0.354605 0.935016 -0.000000
vn -0.500000 0.866025 -0.000000
vn -0.632445 0.774605 -0.000000
vn -0.748511 0.663123 -0.000000
vn -0.845190 0.534466 -0.000000
vn -0.919979 0.391967 -0.000000
vn -0.970942 0.239316 -0.000000
vn -0.996757 0.080467 -0.000000
vn -0.996757 -0.080467 0.000000
vn -0.970942 -0.239316 0.000000
vn -0.919979 -0.391967 0.000000
vn -0.845190 -0.534466 0.000000
vn -0.748511 -0.663123 0.000000
vn -0.632445 -0.774605 0.000000
vn -0.500000 -0.866025 0.000000
vn -0.354605 -0.935016 0.000000
vn -0.200026 -0.979791 0.000000
vn -0.040266 -0.999189 0.000000
vn 0.120537 -0.992709 -0.000000
vn 0.278217 -0.960518 -0.000000
vn 0.428693 -0.903450 -0.000000
vn 0.568065 -0.822984 -0.000000
vn 0.692724 -0.721202 -0.000000
vn 0.799443 -0.600742 -0.000000
vn 0.885456 -0.464723 -0.000000
vn 0.948536 -0.316668 -0.000000
vn 0.301610 -0.080816 0.950000
vn 0.209085 -0.020922 0.977674
vn 0.312250 -0.000000 0.950000
vn 0.210129 -0.000000 0.977674
vn 0.209085 0.020922 0.977674
vn 0.105656 0.000000 0.994403
vn 0.105131 0.010520 0.994403
vn 0.270416 -0.156125 0.950000
vn 0.200794 -0.061937 0.977674
vn 0.205963 -0.041636 0.977674
vn 0.103561 -0.020935 0.994403
vn 0.105131 -0.010520 0.994403
vn 0.220794 -0.220794 0.950000
vn 0.173617 -0.118370 0.977674
vn 0.184540 -0.100495 0.977674
vn 0.193629 -0.081621 0.977674
vn 0.092789 -0.050530 0.994403
vn 0.097359 -0.041040 0.994403
vn 0.100962 -0.031143 0.994403
vn 0.156125 -0.270416 0.950000
vn 0.146720 -0.150424 0.977674
vn 0.160968 -0.135068 0.977674
vn 0.080937 -0.067914 0.994403
vn 0.087297 -0.059518 0.994403
vn 0.080816 -0.301610 0.950000
vn 0.095863 -0.186988 0.977674
vn 0.114005 -0.176514 0.977674
vn 0.131013 -0.164286 0.977674
vn 0.057323 -0.088754 0.994403
vn 0.065875 -0.082605 0.994403
vn 0.000000 -0.312250 0.950000
vn 0.036489 -0.206937 0.977674
vn 0.056911 -0.202275 0.977674
vn 0.076769 -0.195604 0.977674
vn 0.028616 -0.101707 0.994403
vn 0.038600 -0.098352 0.994403
vn -0.080816 -0.301610 0.950000
vn -0.005239 -0.210064 0.977674
vn 0.015703 -0.209541 0.977674
vn 0.007896 -0.105360 0.994403
vn 0.018347 -0.104051 0.994403
vn -0.156125 -0.270416 0.950000
vn -0.066923 -0.199187 0.977674
vn -0.046758 -0.204861 0.977674
vn -0.026128 -0.208498 0.977674
vn -0.023511 -0.103007 0.994403
vn -0.013138 -0.104836 0.994403
vn -0.002634 -0.105623 0.994403
vn -0.220794 -0.220794 0.950000
vn -0.122662 -0.170612 0.977674
vn -0.105065 -0.181977 0.977674
vn -0.086423 -0.191534 0.977674
vn -0.052828 -0.091501 0.994403
vn -0.043455 -0.096306 0.994403
vn -0.270416 -0.156125 0.950000
vn -0.154035 -0.142924 0.977674
vn -0.139039 -0.157551 0.977674
vn -0.069911 -0.079219 0.994403
vn -0.061676 -0.085786 0.994403
vn -0.301610 -0.080816 0.950000
vn -0.189320 -0.091172 0.977674
vn -0.179301 -0.109569 0.977674
vn -0.167501 -0.126877 0.977674
vn -0.090155 -0.055093 0.994403
vn -0.084222 -0.063796 0.994403
vn -0.077451 -0.071864 0.994403
vn -0.312250 -0.000000 0.950000
vn -0.203631 -0.051851 0.977674
vn -0.197457 -0.071868 0.977674
vn -0.099284 -0.036136 0.994403
vn -0.095193 -0.045842 0.994403
vn -0.301610 0.080816 0.950000
vn -0.209868 0.010474 0.977674
vn -0.209868 -0.010474 0.977674
vn -0.207782 -0.031318 0.977674
vn -0.105525 -0.005267 0.994403
vn -0.104476 -0.015747 0.994403
vn -0.270416 0.156125 0.950000
vn -0.197457 0.071868 0.977674
vn -0.203631 0.051851 0.977674
vn -0.207782 0.031318 0.977674
vn -0.102389 0.026071 0.994403
vn -0.104476 0.015747 0.994403
vn -0.220794 0.220794 0.950000
vn -0.179301 0.109569 0.977674
vn -0.189320 0.091172 0.977674
vn -0.095193 0.045842 0.994403
vn -0.099284 0.036136 0.994403
vn -0.156125 0.270416 0.950000
vn -0.139039 0.157551 0.977674
vn -0.154035 0.142924 0.977674
vn -0.167501 0.126877 0.977674
vn -0.077451 0.071864 0.994403
vn -0.084222 0.063796 0.994403
vn -0.090155 0.055093 0.994403
vn -0.080816 0.301610 0.950000
vn -0.086423 0.191534 0.977674
vn -0.105065 0.181977 0.977674
vn -0.122662 0.170612 0.977674
vn -0.052828 0.091501 0.994403
vn -0.061676 0.085786 0.994403
vn -0.000000 0.312250 0.950000
vn -0.046758 0.204861 0.977674
vn -0.066923 0.199187 0.977674
vn -0.033650 0.100154 0.994403
vn -0.043455 0.096306 0.994403
vn 0.080816 0.301610 0.950000
vn 0.015703 0.209541 0.977674
vn -0.005239 0.210064 0.977674
vn -0.026128 0.208498 0.977674
vn -0.002634 0.105623 0.994403
vn -0.013138 0.104836 0.994403
vn -0.023511 0.103007 0.994403
vn 0.156125 0.270416 0.950000
vn 0.056911 0.202275 0.977674
vn 0.036489 0.206937 0.977674
vn 0.018347 0.104051 0.994403
vn 0.007896 0.105360 0.994403
vn 0.220794 0.220794 0.950000
vn 0.114005 0.176514 0.977674
vn 0.095863 0.186988 0.977674
vn 0.076769 0.195604 0.977674
vn 0.048201 0.094020 0.994403
vn 0.038600 0.098352 0.994403
vn 0.270416 0.156125 0.950000
vn 0.160968 0.135068 0.977674
vn 0.146720 0.150424 0.977674
vn 0.131013 0.164286 0.977674
vn 0.073773 0.075636 0.994403
vn 0.065875 0.082605 0.994403
vn 0.301610 0.080816 0.950000
vn 0.184540 0.100495 0.977674
vn 0.173617 0.118370 0.977674
vn 0.087297 0.059518 0.994403
vn 0.080937 0.067914 0.994403
vn 0.205963 0.041636 0.977674
vn 0.200794 0.061937 0.977674
vn 0.193629 0.081621 0.977674
vn 0.100962 0.031143 0.994403
vn 0.097359 0.041040 0.994403
vn 0.092789 0.050530 0.994403
vn 0.103561 0.020935 0.994403
vn 0.057323 0.088754 0.994403
vn 0.028616 0.101707 0.994403
vn -0.069911 0.079219 0.994403
vn -0.105525 0.005267 0.994403
vn -0.102389 -0.026071 0.994403
vn -0.033650 -0.100154 0.994403
vn 0.048201 -0.094020 0.994403
vn 0.073773 -0.075636 0.994403
vn 0.000000 0.000000 1.000000
vn 0.000000 0.000000 1.000000
vn 0.000000 0.000000 1.000000
vn 0.000000 0.000000 1.000000
vn 0.000000 0.000000 1.000000
vn 0.000000 0.000000 1.000000
vn 0.000000 0.000000 1.000000
vn 0.000000 0.000000 1.000000
vn 0.000000 0.000000 1.000000
vn 0.000000 0.000000 1.000000
vn 0.000000 0.000000 1.000000
vn 0.000000 0.000000 1.000000
vn 0.000000 0.000000 1.000000
vn 0.000000 0.000000 1.000000
vn 0.000000 0.000000 1.000000
vn 0.000000 0.000000 1.000000
vn 0.000000 0.000000 1.000000
vn 0.000000 0.000000 1.000000
vn 0.000000 0.000000 1.000000
vn 0.000000 0.000000 1.000000
vn 0.000000 0.000000 1.000000
vn 0.000000 0.000000 1.000000
vn 0.000000 0.000000 1.000000
vn 0.000000 0.000000 1.000000
usemtl Steel_-_Satin
f 14/1/1 1/2/2 13/3/3
f 13/3/3 1/2/2 2/4/4
f 13/3/3 2/4/4 12/5/5
f 12/5/5 2/4/4 3/6/6
f 12/5/5 3/6/6 11/7/7
f 11/7/7 3/6/6 4/8/8
f 11/7/7 4/8/8 10/9/9
f 10/9/9 4/8/8 5/10/10
f 10/9/9 5/10/10 9/11/11
f 9/11/11 5/10/10 6/12/12
f 9/11/11 6/12/12 8/13/13
f 8/13/13 6/12/12 7/14/14
f 14/15/15 13/16/16 16/17/17
f 16/17/17 13/16/16 12/18/18
f 16/17/17 12/18/18 11/19/19
f 16/17/17 11/19/19 8/20/20
f 8/20/20 11/19/19 10/21/21
f 8/20/20 10/21/21 9/22/22
f 8/20/20 15/23/23 16/17/17
f 8/24/13 7/25/14 15/26/24
f 15/26/24 7/25/14 17/27/25
f 15/26/24 17/27/25 50/28/26
f 50/28/26 17/27/25 18/29/27
f 50/28/26 18/29/27 69/30/28
f 69/30/28 18/29/27 68/31/29
f 68/31/29 18/29/27 19/32/30
f 68/31/29 19/32/30 67/33/31
f 67/33/31 19/32/30 20/34/32
f 67/33/31 20/34/32 66/35/33
f 66/35/33 20/34/32 65/36/34
f 65/36/34 20/34/32 21/37/35
f 65/36/34 21/37/35 64/38/36
f 64/38/36 21/37/35 22/39/37
f 64/38/36 22/39/37 63/40/38
f 63/40/38 22/39/37 23/41/39
f 63/40/38 23/41/39 26/42/40
f 26/42/40 23/41/39 25/43/41
f 25/43/41 23/41/39 24/44/42
f 26/42/40 27/45/43 63/40/38
f 63/40/38 27/45/43 62/46/44
f 62/46/44 27/45/43 28/47/45
f 62/46/44 28/47/45 61/48/46
f 61/48/46 28/47/45 29/49/47
f 61/48/46 29/49/47 60/50/48
f 60/50/48 29/49/47 59/51/49
f 59/51/49 29/49/47 30/52/50
f 59/51/49 30/52/50 58/53/51
f 58/53/51 30/52/50 31/54/52
f 58/53/51 31/54/52 57/55/53
f 57/55/53 31/54/52 36/56/54
f 57/55/53 36/56/54 56/57/55
f 56/57/55 36/56/54 37/58/56
f 56/57/55 37/58/56 55/59/57
f 55/59/57 37/58/56 38/60/58
f 55/59/57 38/60/58 54/61/59
f 54/61/59 38/60/58 53/62/60
f 53/62/60 38/60/58 39/63/61
f 53/62/60 39/63/61 52/64/62
f 52/64/62 39/63/61 40/65/63
f 52/64/62 40/65/63 51/66/64
f 51/66/64 40/65/63 41/67/65
f 51/66/64 41/67/65 45/68/66
f 45/68/66 41/67/65 43/69/67
f 45/68/66 43/69/67 44/70/68
f 36/56/54 31/54/52 35/71/69
f 35/71/69 31/54/52 32/72/70
f 35/71/69 32/72/70 34/73/71
f 34/73/71 32/72/70 33/74/72
f 41/67/65 42/75/73 43/69/67
f 45/68/66 46/76/74 51/66/64
f 51/66/64 46/76/74 74/77/75
f 74/77/75 46/76/74 47/78/76
f 74/77/75 47/78/76 73/79/77
f 73/79/77 47/78/76 48/80/78
f 73/79/77 48/80/78 72/81/79
f 72/81/79 48/80/78 71/82/80
f 71/82/80 48/80/78 49/83/81
f 71/82/80 49/83/81 70/84/82
f 70/84/82 49/83/81 50/28/26
f 70/84/82 50/28/26 69/30/28
f 86/85/83 75/86/84 85/87/85
f 85/87/85 75/86/84 76/88/86
f 85/87/85 76/88/86 84/89/87
f 84/89/87 76/88/86 77/90/88
f 84/89/87 77/90/88 83/91/89
f 83/91/89 77/90/88 78/92/90
f 83/91/89 78/92/90 82/93/91
f 82/93/91 78/92/90 79/94/92
f 82/93/91 79/94/92 81/95/93
f 81/95/93 79/94/92 80/96/94
f 81/95/93 80/96/94 33/97/72
f 33/97/72 80/96/94 34/98/71
f 86/99/95 85/100/96 87/101/97
f 87/101/97 85/100/96 84/102/98
f 87/101/97 84/102/98 83/103/99
f 87/101/97 83/103/99 33/104/100
f 33/104/100 83/103/99 82/105/101
f 33/104/100 82/105/101 81/106/102
f 33/104/100 32/107/103 87/101/97
f 99/108/104 88/109/105 98/110/106
f 98/110/106 88/109/105 89/111/107
f 98/110/106 89/111/107 97/112/108
f 97/112/108 89/111/107 90/113/109
f 97/112/108 90/113/109 96/114/110
f 96/114/110 90/113/109 91/115/111
f 96/114/110 91/115/111 95/116/112
f 95/116/112 91/115/111 92/117/113
f 95/116/112 92/117/113 94/118/114
f 94/118/114 92/117/113 93/119/115
f 94/118/114 93/119/115 24/120/42
f 24/120/42 93/119/115 25/121/41
f 99/122/116 98/123/117 100/124/118
f 100/124/118 98/123/117 97/125/119
f 100/124/118 97/125/119 96/126/120
f 100/124/118 96/126/120 24/127/121
f 24/127/121 96/126/120 95/128/122
f 24/127/121 95/128/122 94/129/123
f 24/127/121 23/130/124 100/124/118
f 43/131/67 42/132/73 130/133/125
f 130/133/125 42/132/73 101/134/126
f 130/133/125 101/134/126 129/135/127
f 129/135/127 101/134/126 102/136/128
f 129/135/127 102/136/128 128/137/129
f 128/137/129 102/136/128 103/138/130
f 128/137/129 103/138/130 127/139/131
f 127/139/131 103/138/130 104/140/132
f 127/139/131 104/140/132 126/141/133
f 126/141/133 104/140/132 105/142/134
f 126/141/133 105/142/134 125/143/135
f 125/143/135 105/142/134 106/144/136
f 125/143/135 106/144/136 124/145/137
f 124/145/137 106/144/136 123/146/138
f 124/145/137 123/146/138 146/147/139
f 146/147/139 123/146/138 147/148/140
f 146/147/139 147/148/140 133/149/141
f 133/149/141 147/148/140 132/150/142
f 133/149/141 132/150/142 160/151/143
f 160/151/143 132/150/142 159/152/144
f 160/151/143 159/152/144 169/153/145
f 169/153/145 159/152/144 168/154/146
f 169/153/145 168/154/146 176/155/147
f 176/155/147 168/154/146 175/156/148
f 176/155/147 175/156/148 155/157/149
f 155/157/149 175/156/148 156/158/150
f 155/157/149 156/158/150 113/159/151
f 113/159/151 156/158/150 112/160/152
f 112/160/152 156/158/150 157/161/153
f 112/160/152 157/161/153 111/162/154
f 111/162/154 157/161/153 120/163/155
f 111/162/154 120/163/155 167/164/156
f 167/164/156 120/163/155 175/156/148
f 167/164/156 175/156/148 168/154/146
f 106/144/136 107/165/157 123/146/138
f 123/146/138 107/165/157 122/166/158
f 123/146/138 122/166/158 147/148/140
f 147/148/140 122/166/158 148/167/159
f 147/148/140 148/167/159 132/150/142
f 132/150/142 148/167/159 131/168/160
f 132/150/142 131/168/160 159/152/144
f 159/152/144 131/168/160 158/169/161
f 159/152/144 158/169/161 168/154/146
f 168/154/146 158/169/161 167/164/156
f 107/165/157 108/170/162 122/166/158
f 122/166/158 108/170/162 109/171/163
f 122/166/158 109/171/163 110/172/164
f 111/162/154 158/169/161 110/172/164
f 110/172/164 158/169/161 131/168/160
f 110/172/164 131/168/160 148/167/159
f 155/157/149 113/159/151 154/173/165
f 154/173/165 113/159/151 114/174/166
f 154/173/165 114/174/166 153/175/167
f 153/175/167 114/174/166 115/176/168
f 153/175/167 115/176/168 152/177/169
f 152/177/169 115/176/168 116/178/170
f 152/177/169 116/178/170 151/179/171
f 151/179/171 116/178/170 117/180/172
f 151/179/171 117/180/172 150/181/173
f 150/181/173 117/180/172 118/182/174
f 150/181/173 118/182/174 149/183/175
f 149/183/175 118/182/174 119/184/176
f 149/183/175 119/184/176 44/185/68
f 43/131/67 121/186/177 44/185/68
f 44/185/68 121/186/177 166/187/178
f 44/185/68 166/187/178 182/188/179
f 182/188/179 166/187/178 174/189/180
f 182/188/179 174/189/180 181/190/181
f 181/190/181 174/189/180 173/191/182
f 181/190/181 173/191/182 180/192/183
f 180/192/183 173/191/182 172/193/184
f 180/192/183 172/193/184 179/194/185
f 179/194/185 172/193/184 171/195/186
f 179/194/185 171/195/186 178/196/187
f 178/196/187 171/195/186 170/197/188
f 178/196/187 170/197/188 177/198/189
f 177/198/189 170/197/188 169/153/145
f 177/198/189 169/153/145 176/155/147
f 149/183/175 44/185/68 182/188/179
f 121/186/177 43/131/67 139/199/190
f 139/199/190 43/131/67 140/200/191
f 139/199/190 140/200/191 141/201/192
f 141/201/192 140/200/191 129/135/127
f 141/201/192 129/135/127 128/137/129
f 110/172/164 148/167/159 122/166/158
f 125/143/135 124/145/137 145/202/193
f 145/202/193 124/145/137 146/147/139
f 145/202/193 146/147/139 134/203/194
f 134/203/194 146/147/139 133/149/141
f 134/203/194 133/149/141 161/204/195
f 161/204/195 133/149/141 160/151/143
f 161/204/195 160/151/143 170/197/188
f 170/197/188 160/151/143 169/153/145
f 126/141/133 125/143/135 144/205/196
f 144/205/196 125/143/135 145/202/193
f 144/205/196 145/202/193 135/206/197
f 135/206/197 145/202/193 134/203/194
f 135/206/197 134/203/194 162/207/198
f 162/207/198 134/203/194 161/204/195
f 162/207/198 161/204/195 171/195/186
f 171/195/186 161/204/195 170/197/188
f 127/139/131 126/141/133 143/208/199
f 143/208/199 126/141/133 144/205/196
f 143/208/199 144/205/196 136/209/200
f 136/209/200 144/205/196 135/206/197
f 136/209/200 135/206/197 163/210/201
f 163/210/201 135/206/197 162/207/198
f 163/210/201 162/207/198 172/193/184
f 172/193/184 162/207/198 171/195/186
f 128/137/129 127/139/131 142/211/202
f 142/211/202 127/139/131 143/208/199
f 142/211/202 143/208/199 137/212/203
f 137/212/203 143/208/199 136/209/200
f 137/212/203 136/209/200 164/213/204
f 164/213/204 136/209/200 163/210/201
f 164/213/204 163/210/201 173/191/182
f 173/191/182 163/210/201 172/193/184
f 43/131/67 130/133/125 140/200/191
f 140/200/191 130/133/125 129/135/127
f 137/212/203 138/214/205 142/211/202
f 142/211/202 138/214/205 141/201/192
f 142/211/202 141/201/192 128/137/129
f 121/186/177 139/199/190 138/214/205
f 138/214/205 139/199/190 141/201/192
f 138/214/205 137/212/203 165/215/206
f 165/215/206 137/212/203 164/213/204
f 165/215/206 164/213/204 174/189/180
f 174/189/180 164/213/204 173/191/182
f 182/188/179 181/190/181 149/183/175
f 149/183/175 181/190/181 150/181/173
f 181/190/181 180/192/183 150/181/173
f 150/181/173 180/192/183 151/179/171
f 180/192/183 179/194/185 151/179/171
f 151/179/171 179/194/185 152/177/169
f 179/194/185 178/196/187 152/177/169
f 152/177/169 178/196/187 153/175/167
f 176/155/147 155/157/149 154/173/165
f 178/196/187 177/198/189 153/175/167
f 153/175/167 177/198/189 154/173/165
f 177/198/189 176/155/147 154/173/165
f 120/163/155 157/161/153 156/158/150
f 120/163/155 156/158/150 175/156/148
f 158/169/161 111/162/154 167/164/156
f 166/187/178 121/186/177 165/215/206
f 165/215/206 121/186/177 138/214/205
f 166/187/178 165/215/206 174/189/180
f 184/216/207 109/217/208 183/218/209
f 183/218/209 109/217/208 108/219/210
f 183/218/209 108/219/210 107/220/211
f 183/218/209 107/220/211 42/221/212
f 42/221/212 107/220/211 106/222/213
f 42/221/212 106/222/213 105/223/214
f 105/223/214 104/224/215 42/221/212
f 42/221/212 104/224/215 103/225/216
f 42/221/212 103/225/216 102/226/217
f 102/226/217 101/227/218 42/221/212
f 42/221/212 41/228/219 183/218/209
f 74/229/75 214/230/220 51/231/64
f 51/231/64 214/230/220 209/232/221
f 51/233/64 209/234/221 52/235/62
f 52/235/62 209/234/221 324/236/222
f 52/235/62 324/236/222 53/237/60
f 53/237/60 324/236/222 319/238/223
f 53/237/60 319/238/223 54/239/59
f 54/239/59 319/238/223 314/240/224
f 54/239/59 314/240/224 55/241/57
f 55/241/57 314/240/224 309/242/225
f 55/241/57 309/242/225 56/243/55
f 56/243/55 309/242/225 304/244/226
f 56/243/55 304/244/226 57/245/53
f 57/245/53 304/244/226 299/246/227
f 57/245/53 299/246/227 58/247/51
f 58/247/51 299/246/227 294/248/228
f 58/247/51 294/248/228 59/249/49
f 59/249/49 294/248/228 289/250/229
f 59/249/49 289/250/229 60/251/48
f 60/251/48 289/250/229 284/252/230
f 60/251/48 284/252/230 61/253/46
f 61/253/46 284/252/230 279/254/231
f 61/253/46 279/254/231 62/255/44
f 62/255/44 279/254/231 274/256/232
f 62/255/44 274/256/232 63/257/38
f 63/257/38 274/256/232 269/258/233
f 63/257/38 269/258/233 64/259/36
f 64/259/36 269/258/233 264/260/234
f 64/259/36 264/260/234 65/261/34
f 65/261/34 264/260/234 259/262/235
f 65/261/34 259/262/235 66/263/33
f 66/263/33 259/262/235 254/264/236
f 66/263/33 254/264/236 67/265/31
f 67/265/31 254/264/236 249/266/237
f 67/265/31 249/266/237 68/267/29
f 68/267/29 249/266/237 244/268/238
f 68/267/29 244/268/238 69/269/28
f 69/269/28 244/268/238 239/270/239
f 69/269/28 239/270/239 70/271/82
f 70/271/82 239/270/239 234/272/240
f 70/271/82 234/272/240 71/273/80
f 71/273/80 234/272/240 229/274/241
f 71/273/80 229/274/241 72/275/79
f 72/275/79 229/274/241 224/276/242
f 72/275/79 224/276/242 73/277/77
f 73/277/77 224/276/242 219/278/243
f 73/277/77 219/278/243 74/229/75
f 74/229/75 219/278/243 214/230/220
f 186/279/244 328/280/245 185/281/246
f 185/281/246 328/280/245 213/282/247
f 185/283/246 213/284/247 208/285/248
f 208/285/248 213/284/247 218/286/249
f 208/285/248 218/286/249 207/287/250
f 207/287/250 218/286/249 223/288/251
f 207/287/250 223/288/251 206/289/252
f 206/289/252 223/288/251 228/290/253
f 206/289/252 228/290/253 205/291/254
f 205/291/254 228/290/253 233/292/255
f 205/291/254 233/292/255 204/293/256
f 204/293/256 233/292/255 238/294/257
f 204/293/256 238/294/257 203/295/258
f 203/295/258 238/294/257 243/296/259
f 203/295/258 243/296/259 202/297/260
f 202/297/260 243/296/259 248/298/261
f 202/297/260 248/298/261 201/299/262
f 201/299/262 248/298/261 253/300/263
f 201/299/262 253/300/263 200/301/264
f 200/301/264 253/300/263 258/302/265
f 200/301/264 258/302/265 199/303/266
f 199/303/266 258/302/265 263/304/267
f 199/303/266 263/304/267 198/305/268
f 198/305/268 263/304/267 268/306/269
f 198/305/268 268/306/269 197/307/270
f 197/307/270 268/306/269 273/308/271
f 197/307/270 273/308/271 196/309/272
f 196/309/272 273/308/271 278/310/273
f 196/309/272 278/310/273 195/311/274
f 195/311/274 278/310/273 283/312/275
f 195/311/274 283/312/275 194/313/276
f 194/313/276 283/312/275 288/314/277
f 194/313/276 288/314/277 193/315/278
f 193/315/278 288/314/277 293/316/279
f 193/315/278 293/316/279 192/317/280
f 192/317/280 293/316/279 298/318/281
f 192/317/280 298/318/281 191/319/282
f 191/319/282 298/318/281 303/320/283
f 191/319/282 303/320/283 190/321/284
f 190/321/284 303/320/283 308/322/285
f 190/321/284 308/322/285 189/323/286
f 189/323/286 308/322/285 313/324/287
f 189/323/286 313/324/287 188/325/288
f 188/325/288 313/324/287 318/326/289
f 188/325/288 318/326/289 187/327/290
f 187/327/290 318/326/289 323/328/291
f 187/327/290 323/328/291 186/279/244
f 186/279/244 323/328/291 328/280/245
f 209/234/221 210/329/292 324/236/222
f 324/236/222 210/329/292 325/330/293
f 324/236/222 325/330/293 319/238/223
f 319/238/223 325/330/293 320/331/294
f 319/238/223 320/331/294 314/240/224
f 314/240/224 320/331/294 315/332/295
f 314/240/224 315/332/295 309/242/225
f 309/242/225 315/332/295 310/333/296
f 309/242/225 310/333/296 304/244/226
f 304/244/226 310/333/296 305/334/297
f 304/244/226 305/334/297 299/246/227
f 299/246/227 305/334/297 300/335/298
f 299/246/227 300/335/298 294/248/228
f 294/248/228 300/335/298 295/336/299
f 294/248/228 295/336/299 289/250/229
f 289/250/229 295/336/299 290/337/300
f 289/250/229 290/337/300 284/252/230
f 284/252/230 290/337/300 285/338/301
f 284/252/230 285/338/301 279/254/231
f 279/254/231 285/338/301 280/339/302
f 279/254/231 280/339/302 274/256/232
f 274/256/232 280/339/302 275/340/303
f 274/256/232 275/340/303 269/258/233
f 269/258/233 275/340/303 270/341/304
f 269/258/233 270/341/304 264/260/234
f 264/260/234 270/341/304 265/342/305
f 264/260/234 265/342/305 259/262/235
f 259/262/235 265/342/305 260/343/306
f 259/262/235 260/343/306 254/264/236
f 254/264/236 260/343/306 255/344/307
f 254/264/236 255/344/307 249/266/237
f 249/266/237 255/344/307 250/345/308
f 249/266/237 250/345/308 244/268/238
f 244/268/238 250/345/308 245/346/309
f 244/268/238 245/346/309 239/270/239
f 239/270/239 245/346/309 240/347/310
f 239/270/239 240/347/310 234/272/240
f 234/272/240 240/347/310 235/348/311
f 234/272/240 235/348/311 229/274/241
f 229/274/241 235/348/311 230/349/312
f 229/274/241 230/349/312 224/276/242
f 224/276/242 230/349/312 225/350/313
f 224/276/242 225/350/313 219/278/243
f 219/278/243 225/350/313 220/351/314
f 219/278/243 220/351/314 214/230/220
f 214/230/220 220/351/314 215/352/315
f 214/230/220 215/352/315 209/232/221
f 209/232/221 215/352/315 210/353/292
f 210/329/292 211/354/316 325/330/293
f 325/330/293 211/354/316 326/355/317
f 325/330/293 326/355/317 320/331/294
f 320/331/294 326/355/317 321/356/318
f 320/331/294 321/356/318 315/332/295
f 315/332/295 321/356/318 316/357/319
f 315/332/295 316/357/319 310/333/296
f 310/333/296 316/357/319 311/358/320
f 310/333/296 311/358/320 305/334/297
f 305/334/297 311/358/320 306/359/321
f 305/334/297 306/359/321 300/335/298
f 300/335/298 306/359/321 301/360/322
f 300/335/298 301/360/322 295/336/299
f 295/336/299 301/360/322 296/361/323
f 295/336/299 296/361/323 290/337/300
f 290/337/300 296/361/323 291/362/324
f 290/337/300 291/362/324 285/338/301
f 285/338/301 291/362/324 286/363/325
f 285/338/301 286/363/325 280/339/302
f 280/339/302 286/363/325 281/364/326
f 280/339/302 281/364/326 275/340/303
f 275/340/303 281/364/326 276/365/327
f 275/340/303 276/365/327 270/341/304
f 270/341/304 276/365/327 271/366/328
f 270/341/304 271/366/328 265/342/305
f 265/342/305 271/366/328 266/367/329
f 265/342/305 266/367/329 260/343/306
f 260/343/306 266/367/329 261/368/330
f 260/343/306 261/368/330 255/344/307
f 255/344/307 261/368/330 256/369/331
f 255/344/307 256/369/331 250/345/308
f 250/345/308 256/369/331 251/370/332
f 250/345/308 251/370/332 245/346/309
f 245/346/309 251/370/332 246/371/333
f 245/346/309 246/371/333 240/347/310
f 240/347/310 246/371/333 241/372/334
f 240/347/310 241/372/334 235/348/311
f 235/348/311 241/372/334 236/373/335
f 235/348/311 236/373/335 230/349/312
f 230/349/312 236/373/335 231/374/336
f 230/349/312 231/374/336 225/350/313
f 225/350/313 231/374/336 226/375/337
f 225/350/313 226/375/337 220/351/314
f 220/351/314 226/375/337 221/376/338
f 220/351/314 221/376/338 215/352/315
f 215/352/315 221/376/338 216/377/339
f 215/352/315 216/377/339 210/353/292
f 210/353/292 216/377/339 211/378/316
f 211/354/316 212/379/340 326/355/317
f 326/355/317 212/379/340 327/380/341
f 326/355/317 327/380/341 321/356/318
f 321/356/318 327/380/341 322/381/342
f 321/356/318 322/381/342 316/357/319
f 316/357/319 322/381/342 317/382/343
f 316/357/319 317/382/343 311/358/320
f 311/358/320 317/382/343 312/383/344
f 311/358/320 312/383/344 306/359/321
f 306/359/321 312/383/344 307/384/345
f 306/359/321 307/384/345 301/360/322
f 301/360/322 307/384/345 302/385/346
f 301/360/322 302/385/346 296/361/323
f 296/361/323 302/385/346 297/386/347
f 296/361/323 297/386/347 291/362/324
f 291/362/324 297/386/347 292/387/348
f 291/362/324 292/387/348 286/363/325
f 286/363/325 292/387/348 287/388/349
f 286/363/325 287/388/349 281/364/326
f 281/364/326 287/388/349 282/389/350
f 281/364/326 282/389/350 276/365/327
f 276/365/327 282/389/350 277/390/351
f 276/365/327 277/390/351 271/366/328
f 271/366/328 277/390/351 272/391/352
f 271/366/328 272/391/352 266/367/329
f 266/367/329 272/391/352 267/392/353
f 266/367/329 267/392/353 261/368/330
f 261/368/330 267/392/353 262/393/354
f 261/368/330 262/393/354 256/369/331
f 256/369/331 262/393/354 257/394/355
f 256/369/331 257/394/355 251/370/332
f 251/370/332 257/394/355 252/395/356
f 251/370/332 252/395/356 246/371/333
f 246/371/333 252/395/356 247/396/357
f 246/371/333 247/396/357 241/372/334
f 241/372/334 247/396/357 242/397/358
f 241/372/334 242/397/358 236/373/335
f 236/373/335 242/397/358 237/398/359
f 236/373/335 237/398/359 231/374/336
f 231/374/336 237/398/359 232/399/360
f 231/374/336 232/399/360 226/375/337
f 226/375/337 232/399/360 227/400/361
f 226/375/337 227/400/361 221/376/338
f 221/376/338 227/400/361 222/401/362
f 221/376/338 222/401/362 216/377/339
f 216/377/339 222/401/362 217/402/363
f 216/377/339 217/402/363 211/378/316
f 211/378/316 217/402/363 212/403/340
f 212/379/340 213/282/247 327/380/341
f 327/380/341 213/282/247 328/280/245
f 327/380/341 328/280/245 322/381/342
f 322/381/342 328/280/245 323/328/291
f 322/381/342 323/328/291 317/382/343
f 317/382/343 323/328/291 318/326/289
f 317/382/343 318/326/289 312/383/344
f 312/383/344 318/326/289 313/324/287
f 312/383/344 313/324/287 307/384/345
f 307/384/345 313/324/287 308/322/285
f 307/384/345 308/322/285 302/385/346
f 302/385/346 308/322/285 303/320/283
f 302/385/346 303/320/283 297/386/347
f 297/386/347 303/320/283 298/318/281
f 297/386/347 298/318/281 292/387/348
f 292/387/348 298/318/281 293/316/279
f 292/387/348 293/316/279 287/388/349
f 287/388/349 293/316/279 288/314/277
f 287/388/349 288/314/277 282/389/350
f 282/389/350 288/314/277 283/312/275
f 282/389/350 283/312/275 277/390/351
f 277/390/351 283/312/275 278/310/273
f 277/390/351 278/310/273 272/391/352
f 272/391/352 278/310/273 273/308/271
f 272/391/352 273/308/271 267/392/353
f 267/392/353 273/308/271 268/306/269
f 267/392/353 268/306/269 262/393/354
f 262/393/354 268/306/269 263/304/267
f 262/393/354 263/304/267 257/394/355
f 257/394/355 263/304/267 258/302/265
f 257/394/355 258/302/265 252/395/356
f 252/395/356 258/302/265 253/300/263
f 252/395/356 253/300/263 247/396/357
f 247/396/357 253/300/263 248/298/261
f 247/396/357 248/298/261 242/397/358
f 242/397/358 248/298/261 243/296/259
f 242/397/358 243/296/259 237/398/359
f 237/398/359 243/296/259 238/294/257
f 237/398/359 238/294/257 232/399/360
f 232/399/360 238/294/257 233/292/255
f 232/399/360 233/292/255 227/400/361
f 227/400/361 233/292/255 228/290/253
f 227/400/361 228/290/253 222/401/362
f 222/401/362 228/290/253 223/288/251
f 222/401/362 223/288/251 217/402/363
f 217/402/363 223/288/251 218/286/249
f 217/402/363 218/286/249 212/403/340
f 212/403/340 218/286/249 213/284/247
f 330/404/364 354/405/365 329/406/366
f 329/406/366 354/405/365 353/407/367
f 329/408/366 353/409/367 352/410/368
f 352/410/368 353/409/367 376/411/369
f 352/410/368 376/411/369 351/412/370
f 351/412/370 376/411/369 375/413/371
f 351/412/370 375/413/371 350/414/372
f 350/414/372 375/413/371 374/415/373
f 350/414/372 374/415/373 349/416/374
f 349/416/374 374/415/373 373/417/375
f 349/416/374 373/417/375 348/418/376
f 348/418/376 373/417/375 372/419/377
f 348/418/376 372/419/377 347/420/378
f 347/420/378 372/419/377 371/421/379
f 347/420/378 371/421/379 346/422/380
f 346/422/380 371/421/379 370/423/381
f 346/422/380 370/423/381 345/424/382
f 345/424/382 370/423/381 369/425/383
f 345/424/382 369/425/383 344/426/384
f 344/426/384 369/425/383 368/427/385
f 344/426/384 368/427/385 343/428/386
f 343/428/386 368/427/385 367/429/387
f 343/428/386 367/429/387 342/430/388
f 342/430/388 367/429/387 366/431/389
f 342/430/388 366/431/389 341/432/390
f 341/432/390 366/431/389 365/433/391
f 341/432/390 365/433/391 340/434/392
f 340/434/392 365/433/391 364/435/393
f 340/434/392 364/435/393 339/436/394
f 339/436/394 364/435/393 363/437/395
f 339/436/394 363/437/395 338/438/396
f 338/438/396 363/437/395 362/439/397
f 338/438/396 362/439/397 337/440/398
f 337/440/398 362/439/397 361/441/399
f 337/440/398 361/441/399 336/442/400
f 336/442/400 361/441/399 360/443/401
f 336/442/400 360/443/401 335/444/402
f 335/444/402 360/443/401 359/445/403
f 335/444/402 359/445/403 334/446/404
f 334/446/404 359/445/403 358/447/405
f 334/446/404 358/447/405 333/448/406
f 333/448/406 358/447/405 357/449/407
f 333/448/406 357/449/407 332/450/408
f 332/450/408 357/449/407 356/451/409
f 332/450/408 356/451/409 331/452/410
f 331/452/410 356/451/409 355/453/411
f 331/452/410 355/453/411 330/404/364
f 330/404/364 355/453/411 354/405/365
f 208/454/248 376/411/369 185/455/246
f 185/455/246 376/411/369 353/409/367
f 185/456/246 353/407/367 186/457/244
f 186/457/244 353/407/367 354/405/365
f 186/457/244 354/405/365 187/458/290
f 187/458/290 354/405/365 355/453/411
f 187/458/290 355/453/411 188/459/288
f 188/459/288 355/453/411 356/451/409
f 188/459/288 356/451/409 189/460/286
f 189/460/286 356/451/409 357/449/407
f 189/460/286 357/449/407 190/461/284
f 190/461/284 357/449/407 358/447/405
f 190/461/284 358/447/405 191/462/282
f 191/462/282 358/447/405 359/445/403
f 191/462/282 359/445/403 192/463/280
f 192/463/280 359/445/403 360/443/401
f 192/463/280 360/443/401 193/464/278
f 193/464/278 360/443/401 361/441/399
f 193/464/278 361/441/399 194/465/276
f 194/465/276 361/441/399 362/439/397
f 194/465/276 362/439/397 195/466/274
f 195/466/274 362/439/397 363/437/395
f 195/466/274 363/437/395 196/467/272
f 196/467/272 363/437/395 364/435/393
f 196/467/272 364/435/393 197/468/270
f 197/468/270 364/435/393 365/433/391
f 197/468/270 365/433/391 198/469/268
f 198/469/268 365/433/391 366/431/389
f 198/469/268 366/431/389 199/470/266
f 199/470/266 366/431/389 367/429/387
f 199/470/266 367/429/387 200/471/264
f 200/471/264 367/429/387 368/427/385
f 200/471/264 368/427/385 201/472/262
f 201/472/262 368/427/385 369/425/383
f 201/472/262 369/425/383 202/473/260
f 202/473/260 369/425/383 370/423/381
f 202/473/260 370/423/381 203/474/258
f 203/474/258 370/423/381 371/421/379
f 203/474/258 371/421/379 204/475/256
f 204/475/256 371/421/379 372/419/377
f 204/475/256 372/419/377 205/476/254
f 205/476/254 372/419/377 373/417/375
f 205/476/254 373/417/375 206/477/252
f 206/477/252 373/417/375 374/415/373
f 206/477/252 374/415/373 207/478/250
f 207/478/250 374/415/373 375/413/371
f 207/478/250 375/413/371 208/454/248
f 208/454/248 375/413/371 376/411/369
f 16/479/17 15/480/23 382/481/412
f 382/481/412 15/480/23 50/482/413
f 382/481/412 50/482/413 381/483/414
f 381/483/414 50/482/413 49/484/415
f 381/483/414 49/484/415 380/485/416
f 380/485/416 49/484/415 48/486/417
f 380/485/416 48/486/417 379/487/418
f 379/487/418 48/486/417 47/488/419
f 379/487/418 47/488/419 378/489/420
f 378/489/420 47/488/419 46/490/421
f 378/489/420 46/490/421 377/491/422
f 377/491/422 46/490/421 45/492/423
f 119/493/424 117/494/425 44/495/426
f 44/495/426 117/494/425 116/496/427
f 44/495/426 116/496/427 115/497/428
f 119/493/424 118/498/429 117/494/425
f 115/497/428 114/499/430 44/495/426
f 44/495/426 114/499/430 113/500/431
f 44/495/426 113/500/431 112/501/432
f 44/495/426 112/501/432 377/502/422
f 377/502/422 112/501/432 111/503/433
f 377/502/422 111/503/433 383/504/434
f 377/502/422 45/505/423 44/495/426
f 87/506/97 32/507/103 389/508/435
f 389/508/435 32/507/103 31/509/436
f 389/508/435 31/509/436 388/510/437
f 388/510/437 31/509/436 30/511/438
f 388/510/437 30/511/438 387/512/439
f 387/512/439 30/511/438 29/513/440
f 387/512/439 29/513/440 386/514/441
f 386/514/441 29/513/440 28/515/442
f 386/514/441 28/515/442 385/516/443
f 385/516/443 28/515/442 27/517/444
f 385/516/443 27/517/444 384/518/445
f 384/518/445 27/517/444 26/519/446
f 93/520/447 92/521/448 25/522/449
f 25/522/449 92/521/448 91/523/450
f 25/522/449 91/523/450 384/524/445
f 384/524/445 91/523/450 90/525/451
f 384/524/445 90/525/451 89/526/452
f 89/526/452 88/527/453 384/524/445
f 384/524/445 26/528/446 25/522/449
f 183/529/209 41/530/219 395/531/454
f 395/531/454 41/530/219 40/532/455
f 395/531/454 40/532/455 394/533/456
f 394/533/456 40/532/455 39/534/457
f 394/533/456 39/534/457 393/535/458
f 393/535/458 39/534/457 38/536/459
f 393/535/458 38/536/459 392/537/460
f 392/537/460 38/536/459 37/538/461
f 392/537/460 37/538/461 391/539/462
f 391/539/462 37/538/461 36/540/463
f 391/539/462 36/540/463 390/541/464
f 390/541/464 36/540/463 35/542/465
f 80/543/466 79/544/467 34/545/468
f 34/545/468 79/544/467 78/546/469
f 34/545/468 78/546/469 390/547/464
f 390/547/464 78/546/469 77/548/470
f 390/547/464 77/548/470 76/549/471
f 76/549/471 75/550/472 390/547/464
f 390/547/464 35/551/465 34/545/468
f 100/552/118 23/553/124 401/554/473
f 401/554/473 23/553/124 22/555/474
f 401/554/473 22/555/474 400/556/475
f 400/556/475 22/555/474 21/557/476
f 400/556/475 21/557/476 399/558/477
f 399/558/477 21/557/476 20/559/478
f 399/558/477 20/559/478 398/560/479
f 398/560/479 20/559/478 19/561/480
f 398/560/479 19/561/480 397/562/481
f 397/562/481 19/561/480 18/563/482
f 397/562/481 18/563/482 396/564/483
f 396/564/483 18/563/482 17/565/484
f 6/566/485 5/567/486 7/568/487
f 7/568/487 5/567/486 4/569/488
f 7/568/487 4/569/488 396/570/483
f 396/570/483 4/569/488 3/571/489
f 396/570/483 3/571/489 2/572/490
f 2/572/490 1/573/491 396/570/483
f 396/570/483 17/574/484 7/568/487
f 111/575/154 110/576/164 383/577/492
f 383/577/492 110/576/164 184/578/493
f 184/578/493 110/576/164 109/579/163
f 75/580/494 86/581/495 390/582/496
f 390/582/496 86/581/495 87/583/497
f 390/582/496 87/583/497 391/584/498
f 391/584/498 87/583/497 389/585/499
f 391/584/498 389/585/499 392/586/500
f 392/586/500 389/585/499 388/587/501
f 392/586/500 388/587/501 393/588/502
f 393/588/502 388/587/501 387/589/503
f 393/588/502 387/589/503 380/590/504
f 380/590/504 387/589/503 399/591/505
f 380/590/504 399/591/505 381/592/506
f 381/592/506 399/591/505 398/593/507
f 381/592/506 398/593/507 382/594/508
f 382/594/508 398/593/507 397/595/509
f 382/594/508 397/595/509 16/596/510
f 16/596/510 397/595/509 396/597/511
f 16/596/510 396/597/511 14/598/512
f 14/598/512 396/597/511 1/599/513
f 387/589/503 386/600/514 399/591/505
f 399/591/505 386/600/514 400/601/515
f 400/601/515 386/600/514 385/602/516
f 400/601/515 385/602/516 401/603/517
f 401/603/517 385/602/516 384/604/518
f 401/603/517 384/604/518 100/605/519
f 100/605/519 384/604/518 88/606/520
f 100/605/519 88/606/520 99/607/521
f 380/590/504 379/608/522 393/588/502
f 393/588/502 379/608/522 394/609/523
f 394/609/523 379/608/522 395/610/524
f 395/610/524 379/608/522 378/611/525
f 395/610/524 378/611/525 183/612/526
f 183/612/526 378/611/525 377/613/527
f 183/612/526 377/613/527 383/614/528
f 383/614/528 184/615/529 183/612/526
f 352/616/368 465/617/530 329/618/366
f 329/618/366 465/617/530 434/619/531
f 329/620/366 434/621/531 728/622/532
f 728/622/532 434/621/531 435/623/533
f 728/622/532 435/623/533 729/624/534
f 729/624/534 435/623/533 436/625/535
f 729/624/534 436/625/535 730/626/536
f 730/626/536 436/625/535 437/627/537
f 730/626/536 437/627/537 731/628/538
f 731/628/538 437/627/537 438/629/539
f 731/628/538 438/629/539 732/630/540
f 732/630/540 438/629/539 439/631/541
f 732/630/540 439/631/541 733/632/542
f 733/632/542 439/631/541 440/633/543
f 733/632/542 440/633/543 734/634/544
f 734/634/544 440/633/543 402/635/545
f 734/634/544 402/635/545 403/636/546
f 465/617/530 352/616/368 442/637/547
f 442/637/547 352/616/368 351/638/370
f 442/637/547 351/638/370 489/639/548
f 489/639/548 351/638/370 443/640/549
f 489/639/548 443/640/549 478/641/550
f 478/641/550 443/640/549 501/642/551
f 478/641/550 501/642/551 500/643/552
f 500/643/552 501/642/551 491/644/553
f 500/643/552 491/644/553 492/645/554
f 492/645/554 491/644/553 511/646/555
f 492/645/554 511/646/555 510/647/556
f 510/647/556 511/646/555 506/648/557
f 510/647/556 506/648/557 507/649/558
f 507/649/558 506/648/557 523/650/559
f 507/649/558 523/650/559 522/651/560
f 522/651/560 523/650/559 521/652/561
f 522/651/560 521/652/561 427/653/562
f 427/653/562 521/652/561 426/654/563
f 426/654/563 521/652/561 536/655/564
f 426/654/563 536/655/564 535/656/565
f 535/656/565 536/655/564 537/657/566
f 535/656/565 537/657/566 534/658/567
f 534/658/567 537/657/566 538/659/568
f 534/658/567 538/659/568 533/660/569
f 533/660/569 538/659/568 539/661/570
f 533/660/569 539/661/570 532/662/571
f 532/662/571 539/661/570 540/663/572
f 532/662/571 540/663/572 531/664/573
f 531/664/573 540/663/572 541/665/574
f 531/664/573 541/665/574 530/666/575
f 530/666/575 541/665/574 542/667/576
f 530/666/575 542/667/576 529/668/577
f 529/668/577 542/667/576 347/669/378
f 529/668/577 347/669/378 346/670/380
f 351/638/370 350/671/372 443/640/549
f 443/640/549 350/671/372 502/672/578
f 443/640/549 502/672/578 501/642/551
f 501/642/551 502/672/578 490/673/579
f 501/642/551 490/673/579 491/644/553
f 491/644/553 490/673/579 512/674/580
f 491/644/553 512/674/580 511/646/555
f 511/646/555 512/674/580 505/675/581
f 511/646/555 505/675/581 506/648/557
f 506/648/557 505/675/581 524/676/582
f 506/648/557 524/676/582 523/650/559
f 523/650/559 524/676/582 520/677/583
f 523/650/559 520/677/583 521/652/561
f 521/652/561 520/677/583 536/655/564
f 502/672/578 350/671/372 445/678/584
f 445/678/584 350/671/372 349/679/374
f 445/678/584 349/679/374 514/680/585
f 514/680/585 349/679/374 446/681/586
f 514/680/585 446/681/586 503/682/587
f 503/682/587 446/681/586 527/683/588
f 503/682/587 527/683/588 526/684/589
f 526/684/589 527/683/588 517/685/590
f 526/684/589 517/685/590 518/686/591
f 518/686/591 517/685/590 539/661/570
f 518/686/591 539/661/570 538/659/568
f 349/679/374 348/687/376 446/681/586
f 446/681/586 348/687/376 528/688/592
f 446/681/586 528/688/592 527/683/588
f 527/683/588 528/688/592 516/689/593
f 527/683/588 516/689/593 517/685/590
f 517/685/590 516/689/593 540/663/572
f 517/685/590 540/663/572 539/661/570
f 528/688/592 348/687/376 515/690/594
f 515/690/594 348/687/376 347/669/378
f 515/690/594 347/669/378 542/667/576
f 529/668/577 346/670/380 448/691/595
f 448/691/595 346/670/380 345/692/382
f 448/691/595 345/692/382 560/693/596
f 560/693/596 345/692/382 449/694/597
f 560/693/596 449/694/597 549/695/598
f 549/695/598 449/694/597 572/696/599
f 549/695/598 572/696/599 571/697/600
f 571/697/600 572/696/599 562/698/601
f 571/697/600 562/698/601 563/699/602
f 563/699/602 562/698/601 582/700/603
f 563/699/602 582/700/603 581/701/604
f 581/701/604 582/700/603 577/702/605
f 581/701/604 577/702/605 578/703/606
f 578/703/606 577/702/605 594/704/607
f 578/703/606 594/704/607 593/705/608
f 593/705/608 594/704/607 592/706/609
f 593/705/608 592/706/609 419/707/610
f 419/707/610 592/706/609 418/708/611
f 418/708/611 592/706/609 607/709/612
f 418/708/611 607/709/612 606/710/613
f 606/710/613 607/709/612 608/711/614
f 606/710/613 608/711/614 605/712/615
f 605/712/615 608/711/614 609/713/616
f 605/712/615 609/713/616 604/714/617
f 604/714/617 609/713/616 610/715/618
f 604/714/617 610/715/618 603/716/619
f 603/716/619 610/715/618 611/717/620
f 603/716/619 611/717/620 602/718/621
f 602/718/621 611/717/620 612/719/622
f 602/718/621 612/719/622 601/720/623
f 601/720/623 612/719/622 613/721/624
f 601/720/623 613/721/624 600/722/625
f 600/722/625 613/721/624 341/723/390
f 600/722/625 341/723/390 340/724/392
f 345/692/382 344/725/384 449/694/597
f 449/694/597 344/725/384 573/726/626
f 449/694/597 573/726/626 572/696/599
f 572/696/599 573/726/626 561/727/627
f 572/696/599 561/727/627 562/698/601
f 562/698/601 561/727/627 583/728/628
f 562/698/601 583/728/628 582/700/603
f 582/700/603 583/728/628 576/729/629
f 582/700/603 576/729/629 577/702/605
f 577/702/605 576/729/629 595/730/630
f 577/702/605 595/730/630 594/704/607
f 594/704/607 595/730/630 591/731/631
f 594/704/607 591/731/631 592/706/609
f 592/706/609 591/731/631 607/709/612
f 573/726/626 344/725/384 451/732/632
f 451/732/632 344/725/384 343/733/386
f 451/732/632 343/733/386 585/734/633
f 585/734/633 343/733/386 452/735/634
f 585/734/633 452/735/634 574/736/635
f 574/736/635 452/735/634 598/737/636
f 574/736/635 598/737/636 597/738/637
f 597/738/637 598/737/636 588/739/638
f 597/738/637 588/739/638 589/740/639
f 589/740/639 588/739/638 610/715/618
f 589/740/639 610/715/618 609/713/616
f 343/733/386 342/741/388 452/735/634
f 452/735/634 342/741/388 599/742/640
f 452/735/634 599/742/640 598/737/636
f 598/737/636 599/742/640 587/743/641
f 598/737/636 587/743/641 588/739/638
f 588/739/638 587/743/641 611/717/620
f 588/739/638 611/717/620 610/715/618
f 599/742/640 342/741/388 586/744/642
f 586/744/642 342/741/388 341/723/390
f 586/744/642 341/723/390 613/721/624
f 600/722/625 340/724/392 454/745/643
f 454/745/643 340/724/392 339/746/394
f 454/745/643 339/746/394 631/747/644
f 631/747/644 339/746/394 455/748/645
f 631/747/644 455/748/645 620/749/646
f 620/749/646 455/748/645 643/750/647
f 620/749/646 643/750/647 642/751/648
f 642/751/648 643/750/647 633/752/649
f 642/751/648 633/752/649 634/753/650
f 634/753/650 633/752/649 653/754/651
f 634/753/650 653/754/651 652/755/652
f 652/755/652 653/754/651 648/756/653
f 652/755/652 648/756/653 649/757/654
f 649/757/654 648/756/653 665/758/655
f 649/757/654 665/758/655 664/759/656
f 664/759/656 665/758/655 663/760/657
f 664/759/656 663/760/657 411/761/658
f 411/761/658 663/760/657 410/762/659
f 410/762/659 663/760/657 678/763/660
f 410/762/659 678/763/660 677/764/661
f 677/764/661 678/763/660 679/765/662
f 677/764/661 679/765/662 676/766/663
f 676/766/663 679/765/662 680/767/664
f 676/766/663 680/767/664 675/768/665
f 675/768/665 680/767/664 681/769/666
f 675/768/665 681/769/666 674/770/667
f 674/770/667 681/769/666 682/771/668
f 674/770/667 682/771/668 673/772/669
f 673/772/669 682/771/668 683/773/670
f 673/772/669 683/773/670 672/774/671
f 672/774/671 683/773/670 684/775/672
f 672/774/671 684/775/672 671/776/673
f 671/776/673 684/775/672 335/777/402
f 671/776/673 335/777/402 334/778/404
f 339/746/394 338/779/396 455/748/645
f 455/748/645 338/779/396 644/780/674
f 455/748/645 644/780/674 643/750/647
f 643/750/647 644/780/674 632/781/675
f 643/750/647 632/781/675 633/752/649
f 633/752/649 632/781/675 654/782/676
f 633/752/649 654/782/676 653/754/651
f 653/754/651 654/782/676 647/783/677
f 653/754/651 647/783/677 648/756/653
f 648/756/653 647/783/677 666/784/678
f 648/756/653 666/784/678 665/758/655
f 665/758/655 666/784/678 662/785/679
f 665/758/655 662/785/679 663/760/657
f 663/760/657 662/785/679 678/763/660
f 644/780/674 338/779/396 457/786/680
f 457/786/680 338/779/396 337/787/398
f 457/786/680 337/787/398 656/788/681
f 656/788/681 337/787/398 458/789/682
f 656/788/681 458/789/682 645/790/683
f 645/790/683 458/789/682 669/791/684
f 645/790/683 669/791/684 668/792/685
f 668/792/685 669/791/684 659/793/686
f 668/792/685 659/793/686 660/794/687
f 660/794/687 659/793/686 681/769/666
f 660/794/687 681/769/666 680/767/664
f 337/787/398 336/795/400 458/789/682
f 458/789/682 336/795/400 670/796/688
f 458/789/682 670/796/688 669/791/684
f 669/791/684 670/796/688 658/797/689
f 669/791/684 658/797/689 659/793/686
f 659/793/686 658/797/689 682/771/668
f 659/793/686 682/771/668 681/769/666
f 670/796/688 336/795/400 657/798/690
f 657/798/690 336/795/400 335/777/402
f 657/798/690 335/777/402 684/775/672
f 671/776/673 334/778/404 460/799/691
f 460/799/691 334/778/404 333/800/406
f 460/799/691 333/800/406 702/801/692
f 702/801/692 333/800/406 461/802/693
f 702/801/692 461/802/693 691/803/694
f 691/803/694 461/802/693 714/804/695
f 691/803/694 714/804/695 713/805/696
f 713/805/696 714/804/695 704/806/697
f 713/805/696 704/806/697 705/807/698
f 705/807/698 704/806/697 724/808/699
f 705/807/698 724/808/699 723/809/700
f 723/809/700 724/808/699 719/810/701
f 723/809/700 719/810/701 720/811/702
f 720/811/702 719/810/701 736/812/703
f 720/811/702 736/812/703 735/813/704
f 735/813/704 736/812/703 734/634/544
f 735/813/704 734/634/544 403/636/546
f 333/800/406 332/814/408 461/802/693
f 461/802/693 332/814/408 715/815/705
f 461/802/693 715/815/705 714/804/695
f 714/804/695 715/815/705 703/816/706
f 714/804/695 703/816/706 704/806/697
f 704/806/697 703/816/706 725/817/707
f 704/806/697 725/817/707 724/808/699
f 724/808/699 725/817/707 718/818/708
f 724/808/699 718/818/708 719/810/701
f 719/810/701 718/818/708 737/819/709
f 719/810/701 737/819/709 736/812/703
f 736/812/703 737/819/709 733/632/542
f 736/812/703 733/632/542 734/634/544
f 715/815/705 332/814/408 463/820/710
f 463/820/710 332/814/408 331/821/410
f 463/820/710 331/821/410 727/822/711
f 727/822/711 331/821/410 464/823/712
f 727/822/711 464/823/712 716/824/713
f 716/824/713 464/823/712 740/825/714
f 716/824/713 740/825/714 739/826/715
f 739/826/715 740/825/714 730/626/536
f 739/826/715 730/626/536 731/628/538
f 331/821/410 330/827/364 464/823/712
f 464/823/712 330/827/364 741/828/716
f 464/823/712 741/828/716 740/825/714
f 740/825/714 741/828/716 729/624/534
f 740/825/714 729/624/534 730/626/536
f 741/828/716 330/827/364 728/622/532
f 728/622/532 330/827/364 329/620/366
f 403/636/546 404/829/717 735/813/704
f 735/813/704 404/829/717 462/830/718
f 735/813/704 462/830/718 720/811/702
f 720/811/702 462/830/718 722/831/719
f 720/811/702 722/831/719 723/809/700
f 723/809/700 722/831/719 706/832/720
f 723/809/700 706/832/720 705/807/698
f 705/807/698 706/832/720 712/833/721
f 705/807/698 712/833/721 713/805/696
f 713/805/696 712/833/721 692/834/722
f 713/805/696 692/834/722 691/803/694
f 691/803/694 692/834/722 701/835/723
f 691/803/694 701/835/723 702/801/692
f 702/801/692 701/835/723 460/799/691
f 404/829/717 405/836/724 462/830/718
f 462/830/718 405/836/724 721/837/725
f 462/830/718 721/837/725 722/831/719
f 722/831/719 721/837/725 707/838/726
f 722/831/719 707/838/726 706/832/720
f 706/832/720 707/838/726 711/839/727
f 706/832/720 711/839/727 712/833/721
f 712/833/721 711/839/727 693/840/728
f 712/833/721 693/840/728 692/834/722
f 692/834/722 693/840/728 700/841/729
f 692/834/722 700/841/729 701/835/723
f 701/835/723 700/841/729 685/842/730
f 701/835/723 685/842/730 460/799/691
f 460/799/691 685/842/730 671/776/673
f 721/837/725 405/836/724 708/843/731
f 708/843/731 405/836/724 406/844/732
f 708/843/731 406/844/732 709/845/733
f 709/845/733 406/844/732 407/846/734
f 709/845/733 407/846/734 696/847/735
f 696/847/735 407/846/734 459/848/736
f 696/847/735 459/848/736 697/849/737
f 697/849/737 459/848/736 689/850/738
f 697/849/737 689/850/738 688/851/739
f 688/851/739 689/850/738 675/768/665
f 688/851/739 675/768/665 674/770/667
f 407/846/734 408/852/740 459/848/736
f 459/848/736 408/852/740 690/853/741
f 459/848/736 690/853/741 689/850/738
f 689/850/738 690/853/741 676/766/663
f 689/850/738 676/766/663 675/768/665
f 408/852/740 409/854/742 690/853/741
f 690/853/741 409/854/742 677/764/661
f 690/853/741 677/764/661 676/766/663
f 409/854/742 410/762/659 677/764/661
f 411/761/658 412/855/743 664/759/656
f 664/759/656 412/855/743 456/856/744
f 664/759/656 456/856/744 649/757/654
f 649/757/654 456/856/744 651/857/745
f 649/757/654 651/857/745 652/755/652
f 652/755/652 651/857/745 635/858/746
f 652/755/652 635/858/746 634/753/650
f 634/753/650 635/858/746 641/859/747
f 634/753/650 641/859/747 642/751/648
f 642/751/648 641/859/747 621/860/748
f 642/751/648 621/860/748 620/749/646
f 620/749/646 621/860/748 630/861/749
f 620/749/646 630/861/749 631/747/644
f 631/747/644 630/861/749 454/745/643
f 412/855/743 413/862/750 456/856/744
f 456/856/744 413/862/750 650/863/751
f 456/856/744 650/863/751 651/857/745
f 651/857/745 650/863/751 636/864/752
f 651/857/745 636/864/752 635/858/746
f 635/858/746 636/864/752 640/865/753
f 635/858/746 640/865/753 641/859/747
f 641/859/747 640/865/753 622/866/754
f 641/859/747 622/866/754 621/860/748
f 621/860/748 622/866/754 629/867/755
f 621/860/748 629/867/755 630/861/749
f 630/861/749 629/867/755 614/868/756
f 630/861/749 614/868/756 454/745/643
f 454/745/643 614/868/756 600/722/625
f 650/863/751 413/862/750 637/869/757
f 637/869/757 413/862/750 414/870/758
f 637/869/757 414/870/758 638/871/759
f 638/871/759 414/870/758 415/872/760
f 638/871/759 415/872/760 625/873/761
f 625/873/761 415/872/760 453/874/762
f 625/873/761 453/874/762 626/875/763
f 626/875/763 453/874/762 618/876/764
f 626/875/763 618/876/764 617/877/765
f 617/877/765 618/876/764 604/714/617
f 617/877/765 604/714/617 603/716/619
f 415/872/760 416/878/766 453/874/762
f 453/874/762 416/878/766 619/879/767
f 453/874/762 619/879/767 618/876/764
f 618/876/764 619/879/767 605/712/615
f 618/876/764 605/712/615 604/714/617
f 416/878/766 417/880/768 619/879/767
f 619/879/767 417/880/768 606/710/613
f 619/879/767 606/710/613 605/712/615
f 417/880/768 418/708/611 606/710/613
f 419/707/610 420/881/769 593/705/608
f 593/705/608 420/881/769 450/882/770
f 593/705/608 450/882/770 578/703/606
f 578/703/606 450/882/770 580/883/771
f 578/703/606 580/883/771 581/701/604
f 581/701/604 580/883/771 564/884/772
f 581/701/604 564/884/772 563/699/602
f 563/699/602 564/884/772 570/885/773
f 563/699/602 570/885/773 571/697/600
f 571/697/600 570/885/773 550/886/774
f 571/697/600 550/886/774 549/695/598
f 549/695/598 550/886/774 559/887/775
f 549/695/598 559/887/775 560/693/596
f 560/693/596 559/887/775 448/691/595
f 420/881/769 421/888/776 450/882/770
f 450/882/770 421/888/776 579/889/777
f 450/882/770 579/889/777 580/883/771
f 580/883/771 579/889/777 565/890/778
f 580/883/771 565/890/778 564/884/772
f 564/884/772 565/890/778 569/891/779
f 564/884/772 569/891/779 570/885/773
f 570/885/773 569/891/779 551/892/780
f 570/885/773 551/892/780 550/886/774
f 550/886/774 551/892/780 558/893/781
f 550/886/774 558/893/781 559/887/775
f 559/887/775 558/893/781 543/894/782
f 559/887/775 543/894/782 448/691/595
f 448/691/595 543/894/782 529/668/577
f 579/889/777 421/888/776 566/895/783
f 566/895/783 421/888/776 422/896/784
f 566/895/783 422/896/784 567/897/785
f 567/897/785 422/896/784 423/898/786
f 567/897/785 423/898/786 554/899/787
f 554/899/787 423/898/786 447/900/788
f 554/899/787 447/900/788 555/901/789
f 555/901/789 447/900/788 547/902/790
f 555/901/789 547/902/790 546/903/791
f 546/903/791 547/902/790 533/660/569
f 546/903/791 533/660/569 532/662/571
f 423/898/786 424/904/792 447/900/788
f 447/900/788 424/904/792 548/905/793
f 447/900/788 548/905/793 547/902/790
f 547/902/790 548/905/793 534/658/567
f 547/902/790 534/658/567 533/660/569
f 424/904/792 425/906/794 548/905/793
f 548/905/793 425/906/794 535/656/565
f 548/905/793 535/656/565 534/658/567
f 425/906/794 426/654/563 535/656/565
f 427/653/562 428/907/795 522/651/560
f 522/651/560 428/907/795 444/908/796
f 522/651/560 444/908/796 507/649/558
f 507/649/558 444/908/796 509/909/797
f 507/649/558 509/909/797 510/647/556
f 510/647/556 509/909/797 493/910/798
f 510/647/556 493/910/798 492/645/554
f 492/645/554 493/910/798 499/911/799
f 492/645/554 499/911/799 500/643/552
f 500/643/552 499/911/799 479/912/800
f 500/643/552 479/912/800 478/641/550
f 478/641/550 479/912/800 488/913/801
f 478/641/550 488/913/801 489/639/548
f 489/639/548 488/913/801 442/637/547
f 428/907/795 429/914/802 444/908/796
f 444/908/796 429/914/802 508/915/803
f 444/908/796 508/915/803 509/909/797
f 509/909/797 508/915/803 494/916/804
f 509/909/797 494/916/804 493/910/798
f 493/910/798 494/916/804 498/917/805
f 493/910/798 498/917/805 499/911/799
f 499/911/799 498/917/805 480/918/806
f 499/911/799 480/918/806 479/912/800
f 479/912/800 480/918/806 487/919/807
f 479/912/800 487/919/807 488/913/801
f 488/913/801 487/919/807 472/920/808
f 488/913/801 472/920/808 442/637/547
f 442/637/547 472/920/808 465/617/530
f 508/915/803 429/914/802 495/921/809
f 495/921/809 429/914/802 430/922/810
f 495/921/809 430/922/810 496/923/811
f 496/923/811 430/922/810 431/924/812
f 496/923/811 431/924/812 483/925/813
f 483/925/813 431/924/812 441/926/814
f 483/925/813 441/926/814 484/927/815
f 484/927/815 441/926/814 476/928/816
f 484/927/815 476/928/816 475/929/817
f 475/929/817 476/928/816 469/930/818
f 475/929/817 469/930/818 468/931/819
f 468/931/819 469/930/818 437/932/537
f 468/931/819 437/932/537 436/933/535
f 431/924/812 432/934/820 441/926/814
f 441/926/814 432/934/820 477/935/821
f 441/926/814 477/935/821 476/928/816
f 476/928/816 477/935/821 470/936/822
f 476/928/816 470/936/822 469/930/818
f 469/930/818 470/936/822 438/937/539
f 469/930/818 438/937/539 437/932/537
f 432/934/820 433/938/823 477/935/821
f 477/935/821 433/938/823 471/939/824
f 477/935/821 471/939/824 470/936/822
f 470/936/822 471/939/824 439/940/541
f 470/936/822 439/940/541 438/937/539
f 433/938/823 402/941/545 471/939/824
f 471/939/824 402/941/545 440/942/543
f 471/939/824 440/942/543 439/940/541
f 435/943/533 434/619/531 466/944/825
f 466/944/825 434/619/531 465/617/530
f 466/944/825 465/617/530 472/920/808
f 436/933/535 435/943/533 467/945/826
f 467/945/826 435/943/533 466/944/825
f 467/945/826 466/944/825 473/946/827
f 473/946/827 466/944/825 472/920/808
f 473/946/827 472/920/808 487/919/807
f 436/933/535 467/945/826 468/931/819
f 468/931/819 467/945/826 474/947/828
f 468/931/819 474/947/828 475/929/817
f 475/929/817 474/947/828 485/948/829
f 475/929/817 485/948/829 484/927/815
f 484/927/815 485/948/829 482/949/830
f 484/927/815 482/949/830 483/925/813
f 483/925/813 482/949/830 496/923/811
f 474/947/828 467/945/826 473/946/827
f 474/947/828 473/946/827 486/950/831
f 486/950/831 473/946/827 487/919/807
f 486/950/831 487/919/807 480/918/806
f 480/918/806 481/951/832 486/950/831
f 486/950/831 481/951/832 485/948/829
f 486/950/831 485/948/829 474/947/828
f 485/948/829 481/951/832 482/949/830
f 482/949/830 481/951/832 497/952/833
f 482/949/830 497/952/833 496/923/811
f 496/923/811 497/952/833 495/921/809
f 497/952/833 481/951/832 498/917/805
f 498/917/805 481/951/832 480/918/806
f 502/672/578 445/678/584 490/673/579
f 490/673/579 445/678/584 513/953/834
f 490/673/579 513/953/834 512/674/580
f 512/674/580 513/953/834 504/954/835
f 512/674/580 504/954/835 505/675/581
f 505/675/581 504/954/835 525/955/836
f 505/675/581 525/955/836 524/676/582
f 524/676/582 525/955/836 519/956/837
f 524/676/582 519/956/837 520/677/583
f 520/677/583 519/956/837 537/657/566
f 520/677/583 537/657/566 536/655/564
f 497/952/833 498/917/805 494/916/804
f 508/915/803 495/921/809 494/916/804
f 494/916/804 495/921/809 497/952/833
f 514/680/585 503/682/587 513/953/834
f 513/953/834 503/682/587 504/954/835
f 525/955/836 504/954/835 526/684/589
f 526/684/589 504/954/835 503/682/587
f 445/678/584 514/680/585 513/953/834
f 528/688/592 515/690/594 516/689/593
f 516/689/593 515/690/594 541/665/574
f 516/689/593 541/665/574 540/663/572
f 542/667/576 541/665/574 515/690/594
f 525/955/836 526/684/589 518/686/591
f 525/955/836 518/686/591 519/956/837
f 519/956/837 518/686/591 538/659/568
f 519/956/837 538/659/568 537/657/566
f 529/668/577 543/894/782 530/666/575
f 530/666/575 543/894/782 544/957/838
f 530/666/575 544/957/838 531/664/573
f 531/664/573 544/957/838 545/958/839
f 531/664/573 545/958/839 532/662/571
f 532/662/571 545/958/839 546/903/791
f 543/894/782 558/893/781 544/957/838
f 544/957/838 558/893/781 557/959/840
f 544/957/838 557/959/840 545/958/839
f 545/958/839 557/959/840 556/960/841
f 545/958/839 556/960/841 546/903/791
f 546/903/791 556/960/841 555/901/789
f 557/959/840 558/893/781 551/892/780
f 556/960/841 557/959/840 552/961/842
f 552/961/842 557/959/840 551/892/780
f 552/961/842 551/892/780 569/891/779
f 555/901/789 556/960/841 553/962/843
f 553/962/843 556/960/841 552/961/842
f 553/962/843 552/961/842 568/963/844
f 568/963/844 552/961/842 569/891/779
f 568/963/844 569/891/779 565/890/778
f 567/897/785 554/899/787 553/962/843
f 553/962/843 554/899/787 555/901/789
f 567/897/785 553/962/843 568/963/844
f 573/726/626 451/732/632 561/727/627
f 561/727/627 451/732/632 584/964/845
f 561/727/627 584/964/845 583/728/628
f 583/728/628 584/964/845 575/965/846
f 583/728/628 575/965/846 576/729/629
f 576/729/629 575/965/846 596/966/847
f 576/729/629 596/966/847 595/730/630
f 595/730/630 596/966/847 590/967/848
f 595/730/630 590/967/848 591/731/631
f 591/731/631 590/967/848 608/711/614
f 591/731/631 608/711/614 607/709/612
f 567/897/785 568/963/844 566/895/783
f 566/895/783 568/963/844 565/890/778
f 566/895/783 565/890/778 579/889/777
f 585/734/633 574/736/635 584/964/845
f 584/964/845 574/736/635 575/965/846
f 596/966/847 575/965/846 597/738/637
f 597/738/637 575/965/846 574/736/635
f 451/732/632 585/734/633 584/964/845
f 599/742/640 586/744/642 587/743/641
f 587/743/641 586/744/642 612/719/622
f 587/743/641 612/719/622 611/717/620
f 613/721/624 612/719/622 586/744/642
f 596/966/847 597/738/637 589/740/639
f 596/966/847 589/740/639 590/967/848
f 590/967/848 589/740/639 609/713/616
f 590/967/848 609/713/616 608/711/614
f 600/722/625 614/868/756 601/720/623
f 601/720/623 614/868/756 615/968/849
f 601/720/623 615/968/849 602/718/621
f 602/718/621 615/968/849 616/969/850
f 602/718/621 616/969/850 603/716/619
f 603/716/619 616/969/850 617/877/765
f 614/868/756 629/867/755 615/968/849
f 615/968/849 629/867/755 628/970/851
f 615/968/849 628/970/851 616/969/850
f 616/969/850 628/970/851 627/971/852
f 616/969/850 627/971/852 617/877/765
f 617/877/765 627/971/852 626/875/763
f 628/970/851 629/867/755 622/866/754
f 627/971/852 628/970/851 623/972/853
f 623/972/853 628/970/851 622/866/754
f 623/972/853 622/866/754 640/865/753
f 626/875/763 627/971/852 624/973/854
f 624/973/854 627/971/852 623/972/853
f 624/973/854 623/972/853 639/974/855
f 639/974/855 623/972/853 640/865/753
f 639/974/855 640/865/753 636/864/752
f 638/871/759 625/873/761 624/973/854
f 624/973/854 625/873/761 626/875/763
f 638/871/759 624/973/854 639/974/855
f 644/780/674 457/786/680 632/781/675
f 632/781/675 457/786/680 655/975/856
f 632/781/675 655/975/856 654/782/676
f 654/782/676 655/975/856 646/976/857
f 654/782/676 646/976/857 647/783/677
f 647/783/677 646/976/857 667/977/858
f 647/783/677 667/977/858 666/784/678
f 666/784/678 667/977/858 661/978/859
f 666/784/678 661/978/859 662/785/679
f 662/785/679 661/978/859 679/765/662
f 662/785/679 679/765/662 678/763/660
f 638/871/759 639/974/855 637/869/757
f 637/869/757 639/974/855 636/864/752
f 637/869/757 636/864/752 650/863/751
f 656/788/681 645/790/683 655/975/856
f 655/975/856 645/790/683 646/976/857
f 667/977/858 646/976/857 668/792/685
f 668/792/685 646/976/857 645/790/683
f 457/786/680 656/788/681 655/975/856
f 670/796/688 657/798/690 658/797/689
f 658/797/689 657/798/690 683/773/670
f 658/797/689 683/773/670 682/771/668
f 684/775/672 683/773/670 657/798/690
f 667/977/858 668/792/685 660/794/687
f 667/977/858 660/794/687 661/978/859
f 661/978/859 660/794/687 680/767/664
f 661/978/859 680/767/664 679/765/662
f 671/776/673 685/842/730 672/774/671
f 672/774/671 685/842/730 686/979/860
f 672/774/671 686/979/860 673/772/669
f 673/772/669 686/979/860 687/980/861
f 673/772/669 687/980/861 674/770/667
f 674/770/667 687/980/861 688/851/739
f 685/842/730 700/841/729 686/979/860
f 686/979/860 700/841/729 699/981/862
f 686/979/860 699/981/862 687/980/861
f 687/980/861 699/981/862 698/982/863
f 687/980/861 698/982/863 688/851/739
f 688/851/739 698/982/863 697/849/737
f 699/981/862 700/841/729 693/840/728
f 698/982/863 699/981/862 694/983/864
f 694/983/864 699/981/862 693/840/728
f 694/983/864 693/840/728 711/839/727
f 697/849/737 698/982/863 695/984/865
f 695/984/865 698/982/863 694/983/864
f 695/984/865 694/983/864 710/985/866
f 710/985/866 694/983/864 711/839/727
f 710/985/866 711/839/727 707/838/726
f 709/845/733 696/847/735 695/984/865
f 695/984/865 696/847/735 697/849/737
f 709/845/733 695/984/865 710/985/866
f 715/815/705 463/820/710 703/816/706
f 703/816/706 463/820/710 726/986/867
f 703/816/706 726/986/867 725/817/707
f 725/817/707 726/986/867 717/987/868
f 725/817/707 717/987/868 718/818/708
f 718/818/708 717/987/868 738/988/869
f 718/818/708 738/988/869 737/819/709
f 737/819/709 738/988/869 732/630/540
f 737/819/709 732/630/540 733/632/542
f 709/845/733 710/985/866 708/843/731
f 708/843/731 710/985/866 707/838/726
f 708/843/731 707/838/726 721/837/725
f 727/822/711 716/824/713 726/986/867
f 726/986/867 716/824/713 717/987/868
f 738/988/869 717/987/868 739/826/715
f 739/826/715 717/987/868 716/824/713
f 463/820/710 727/822/711 726/986/867
f 728/622/532 729/624/534 741/828/716
f 738/988/869 739/826/715 731/628/538
f 731/628/538 732/630/540 738/988/869
f 780/989/870 742/990/871 418/991/611
f 418/991/611 742/990/871 743/992/872
f 418/991/611 743/992/872 419/993/610
f 419/993/610 743/992/872 744/994/873
f 419/993/610 744/994/873 420/995/769
f 420/995/769 744/994/873 745/996/874
f 420/995/769 745/996/874 421/997/776
f 421/997/776 745/996/874 746/998/875
f 421/997/776 746/998/875 422/999/784
f 422/999/784 746/998/875 747/1000/876
f 422/999/784 747/1000/876 423/1001/786
f 423/1001/786 747/1000/876 748/1002/877
f 423/1001/786 748/1002/877 749/1003/878
f 423/1001/786 749/1003/878 424/1004/792
f 424/1004/792 749/1003/878 750/1005/879
f 424/1004/792 750/1005/879 425/1006/794
f 425/1006/794 750/1005/879 751/1007/880
f 425/1006/794 751/1007/880 426/1008/563
f 426/1008/563 751/1007/880 752/1009/881
f 426/1008/563 752/1009/881 427/1010/562
f 427/1010/562 752/1009/881 753/1011/882
f 427/1010/562 753/1011/882 754/1012/883
f 427/1010/562 754/1012/883 428/1013/795
f 428/1013/795 754/1012/883 755/1014/884
f 428/1013/795 755/1014/884 429/1015/802
f 429/1015/802 755/1014/884 756/1016/885
f 429/1015/802 756/1016/885 430/1017/810
f 430/1017/810 756/1016/885 757/1018/886
f 430/1017/810 757/1018/886 431/1019/812
f 431/1019/812 757/1018/886 758/1020/887
f 431/1019/812 758/1020/887 432/1021/820
f 432/1021/820 758/1020/887 759/1022/888
f 432/1021/820 759/1022/888 760/1023/889
f 432/1021/820 760/1023/889 433/1024/823
f 433/1024/823 760/1023/889 761/1025/890
f 433/1024/823 761/1025/890 402/1026/545
f 402/1026/545 761/1025/890 762/1027/891
f 402/1026/545 762/1027/891 403/1028/546
f 403/1028/546 762/1027/891 763/1029/892
f 403/1028/546 763/1029/892 404/1030/717
f 404/1030/717 763/1029/892 764/1031/893
f 404/1030/717 764/1031/893 765/1032/894
f 404/1030/717 765/1032/894 405/1033/724
f 405/1033/724 765/1032/894 766/1034/895
f 405/1033/724 766/1034/895 406/1035/732
f 406/1035/732 766/1034/895 767/1036/896
f 406/1035/732 767/1036/896 407/1037/734
f 407/1037/734 767/1036/896 768/1038/897
f 407/1037/734 768/1038/897 408/1039/740
f 408/1039/740 768/1038/897 769/1040/898
f 408/1039/740 769/1040/898 409/1041/742
f 409/1041/742 769/1040/898 770/1042/899
f 409/1041/742 770/1042/899 771/1043/900
f 409/1041/742 771/1043/900 410/1044/659
f 410/1044/659 771/1043/900 772/1045/901
f 410/1044/659 772/1045/901 411/1046/658
f 411/1046/658 772/1045/901 773/1047/902
f 411/1046/658 773/1047/902 412/1048/743
f 412/1048/743 773/1047/902 774/1049/903
f 412/1048/743 774/1049/903 413/1050/750
f 413/1050/750 774/1049/903 775/1051/904
f 413/1050/750 775/1051/904 776/1052/905
f 413/1050/750 776/1052/905 414/1053/758
f 414/1053/758 776/1052/905 777/1054/906
f 414/1053/758 777/1054/906 415/1055/760
f 415/1055/760 777/1054/906 778/1056/907
f 415/1055/760 778/1056/907 416/1057/766
f 416/1057/766 778/1056/907 779/1058/908
f 416/1057/766 779/1058/908 417/1059/768
f 417/1059/768 779/1058/908 780/989/870
f 417/1059/768 780/989/870 418/991/611
f 819/1060/909 781/1061/910 871/1062/911
f 871/1062/911 781/1061/910 782/1063/912
f 871/1062/911 782/1063/912 862/1064/913
f 862/1064/913 782/1063/912 783/1065/914
f 862/1064/913 783/1065/914 872/1066/915
f 872/1066/915 783/1065/914 784/1067/916
f 872/1066/915 784/1067/916 877/1068/917
f 877/1068/917 784/1067/916 785/1069/918
f 877/1068/917 785/1069/918 882/1070/919
f 882/1070/919 785/1069/918 786/1071/920
f 882/1070/919 786/1071/920 887/1072/921
f 887/1072/921 786/1071/920 787/1073/922
f 887/1072/921 787/1073/922 892/1074/923
f 892/1074/923 787/1073/922 788/1075/924
f 892/1074/923 788/1075/924 897/1076/925
f 897/1076/925 788/1075/924 789/1077/926
f 897/1076/925 789/1077/926 902/1078/927
f 902/1078/927 789/1077/926 790/1079/928
f 902/1078/927 790/1079/928 907/1080/929
f 907/1080/929 790/1079/928 791/1081/930
f 907/1080/929 791/1081/930 912/1082/931
f 912/1082/931 791/1081/930 792/1083/932
f 912/1082/931 792/1083/932 917/1084/933
f 917/1084/933 792/1083/932 793/1085/934
f 917/1084/933 793/1085/934 922/1086/935
f 922/1086/935 793/1085/934 794/1087/936
f 922/1086/935 794/1087/936 927/1088/937
f 927/1088/937 794/1087/936 795/1089/938
f 927/1088/937 795/1089/938 932/1090/939
f 932/1090/939 795/1089/938 796/1091/940
f 932/1090/939 796/1091/940 937/1092/941
f 937/1092/941 796/1091/940 797/1093/942
f 937/1092/941 797/1093/942 942/1094/943
f 942/1094/943 797/1093/942 798/1095/944
f 942/1094/943 798/1095/944 947/1096/945
f 947/1096/945 798/1095/944 799/1097/946
f 947/1096/945 799/1097/946 952/1098/947
f 952/1098/947 799/1097/946 800/1099/948
f 952/1098/947 800/1099/948 857/1100/949
f 857/1101/949 800/1102/948 801/1103/950
f 857/1101/949 801/1103/950 957/1104/951
f 957/1104/951 801/1103/950 802/1105/952
f 957/1104/951 802/1105/952 962/1106/953
f 962/1106/953 802/1105/952 803/1107/954
f 962/1106/953 803/1107/954 967/1108/955
f 967/1108/955 803/1107/954 804/1109/956
f 967/1108/955 804/1109/956 972/1110/957
f 972/1110/957 804/1109/956 805/1111/958
f 972/1110/957 805/1111/958 977/1112/959
f 977/1112/959 805/1111/958 806/1113/960
f 977/1112/959 806/1113/960 982/1114/961
f 982/1114/961 806/1113/960 807/1115/962
f 982/1114/961 807/1115/962 987/1116/963
f 987/1116/963 807/1115/962 808/1117/964
f 987/1116/963 808/1117/964 992/1118/965
f 992/1118/965 808/1117/964 809/1119/966
f 992/1118/965 809/1119/966 997/1120/967
f 997/1120/967 809/1119/966 810/1121/968
f 997/1120/967 810/1121/968 1002/1122/969
f 1002/1122/969 810/1121/968 811/1123/970
f 1002/1122/969 811/1123/970 1007/1124/971
f 1007/1124/971 811/1123/970 812/1125/972
f 1007/1124/971 812/1125/972 1012/1126/973
f 1012/1126/973 812/1125/972 813/1127/974
f 1012/1126/973 813/1127/974 1017/1128/975
f 1017/1128/975 813/1127/974 814/1129/976
f 1017/1128/975 814/1129/976 1022/1130/977
f 1022/1130/977 814/1129/976 815/1131/978
f 1022/1130/977 815/1131/978 1027/1132/979
f 1027/1132/979 815/1131/978 816/1133/980
f 1027/1132/979 816/1133/980 1032/1134/981
f 1032/1134/981 816/1133/980 817/1135/982
f 1032/1134/981 817/1135/982 1037/1136/983
f 1037/1136/983 817/1135/982 818/1137/984
f 1037/1136/983 818/1137/984 1042/1138/985
f 1042/1138/985 818/1137/984 819/1060/909
f 1042/1138/985 819/1060/909 871/1062/911
f 821/1139/986 1046/1140/987 820/1141/988
f 820/1141/988 1046/1140/987 867/1142/989
f 820/1141/988 867/1142/989 866/1143/990
f 866/1143/990 867/1142/989 868/1144/991
f 866/1143/990 868/1144/991 865/1145/992
f 865/1145/992 868/1144/991 869/1146/993
f 865/1145/992 869/1146/993 864/1147/994
f 864/1147/994 869/1146/993 870/1148/995
f 864/1147/994 870/1148/995 863/1149/996
f 863/1149/996 870/1148/995 871/1062/911
f 863/1149/996 871/1062/911 862/1064/913
f 1046/1140/987 821/1139/986 1041/1150/997
f 1041/1150/997 821/1139/986 822/1151/998
f 1041/1150/997 822/1151/998 1036/1152/999
f 1036/1152/999 822/1151/998 823/1153/1000
f 1036/1152/999 823/1153/1000 1031/1154/1001
f 1031/1154/1001 823/1153/1000 824/1155/1002
f 1031/1154/1001 824/1155/1002 1026/1156/1003
f 1026/1156/1003 824/1155/1002 825/1157/1004
f 1026/1156/1003 825/1157/1004 1021/1158/1005
f 1021/1158/1005 825/1157/1004 826/1159/1006
f 1021/1158/1005 826/1159/1006 1016/1160/1007
f 1016/1160/1007 826/1159/1006 827/1161/1008
f 1016/1160/1007 827/1161/1008 1011/1162/1009
f 1011/1162/1009 827/1161/1008 828/1163/1010
f 1011/1162/1009 828/1163/1010 1006/1164/1011
f 1006/1164/1011 828/1163/1010 829/1165/1012
f 1006/1164/1011 829/1165/1012 1001/1166/1013
f 1001/1166/1013 829/1165/1012 830/1167/1014
f 1001/1166/1013 830/1167/1014 996/1168/1015
f 996/1168/1015 830/1167/1014 831/1169/1016
f 996/1168/1015 831/1169/1016 991/1170/1017
f 991/1170/1017 831/1169/1016 832/1171/1018
f 991/1170/1017 832/1171/1018 986/1172/1019
f 986/1172/1019 832/1171/1018 833/1173/1020
f 986/1172/1019 833/1173/1020 981/1174/1021
f 981/1174/1021 833/1173/1020 834/1175/1022
f 981/1174/1021 834/1175/1022 976/1176/1023
f 976/1176/1023 834/1175/1022 835/1177/1024
f 976/1176/1023 835/1177/1024 971/1178/1025
f 971/1178/1025 835/1177/1024 836/1179/1026
f 971/1178/1025 836/1179/1026 966/1180/1027
f 966/1180/1027 836/1179/1026 837/1181/1028
f 966/1180/1027 837/1181/1028 961/1182/1029
f 961/1182/1029 837/1181/1028 838/1183/1030
f 961/1182/1029 838/1183/1030 861/1184/1031
f 861/1185/1031 838/1186/1030 839/1187/1032
f 861/1185/1031 839/1187/1032 956/1188/1033
f 956/1188/1033 839/1187/1032 840/1189/1034
f 956/1188/1033 840/1189/1034 951/1190/1035
f 951/1190/1035 840/1189/1034 841/1191/1036
f 951/1190/1035 841/1191/1036 946/1192/1037
f 946/1192/1037 841/1191/1036 842/1193/1038
f 946/1192/1037 842/1193/1038 941/1194/1039
f 941/1194/1039 842/1193/1038 843/1195/1040
f 941/1194/1039 843/1195/1040 936/1196/1041
f 936/1196/1041 843/1195/1040 844/1197/1042
f 936/1196/1041 844/1197/1042 931/1198/1043
f 931/1198/1043 844/1197/1042 845/1199/1044
f 931/1198/1043 845/1199/1044 926/1200/1045
f 926/1200/1045 845/1199/1044 846/1201/1046
f 926/1200/1045 846/1201/1046 921/1202/1047
f 921/1202/1047 846/1201/1046 847/1203/1048
f 921/1202/1047 847/1203/1048 916/1204/1049
f 916/1204/1049 847/1203/1048 848/1205/1050
f 916/1204/1049 848/1205/1050 911/1206/1051
f 911/1206/1051 848/1205/1050 849/1207/1052
f 911/1206/1051 849/1207/1052 906/1208/1053
f 906/1208/1053 849/1207/1052 850/1209/1054
f 906/1208/1053 850/1209/1054 901/1210/1055
f 901/1210/1055 850/1209/1054 851/1211/1056
f 901/1210/1055 851/1211/1056 896/1212/1057
f 896/1212/1057 851/1211/1056 852/1213/1058
f 896/1212/1057 852/1213/1058 891/1214/1059
f 891/1214/1059 852/1213/1058 853/1215/1060
f 891/1214/1059 853/1215/1060 886/1216/1061
f 886/1216/1061 853/1215/1060 854/1217/1062
f 886/1216/1061 854/1217/1062 881/1218/1063
f 881/1218/1063 854/1217/1062 855/1219/1064
f 881/1218/1063 855/1219/1064 876/1220/1065
f 876/1220/1065 855/1219/1064 856/1221/1066
f 876/1220/1065 856/1221/1066 866/1143/990
f 866/1143/990 856/1221/1066 820/1141/988
f 857/1100/949 858/1222/1067 952/1098/947
f 952/1098/947 858/1222/1067 953/1223/1068
f 952/1098/947 953/1223/1068 947/1096/945
f 947/1096/945 953/1223/1068 948/1224/1069
f 947/1096/945 948/1224/1069 942/1094/943
f 942/1094/943 948/1224/1069 943/1225/1070
f 942/1094/943 943/1225/1070 937/1092/941
f 937/1092/941 943/1225/1070 938/1226/1071
f 937/1092/941 938/1226/1071 932/1090/939
f 932/1090/939 938/1226/1071 933/1227/1072
f 932/1090/939 933/1227/1072 927/1088/937
f 927/1088/937 933/1227/1072 928/1228/1073
f 927/1088/937 928/1228/1073 922/1086/935
f 922/1086/935 928/1228/1073 923/1229/1074
f 922/1086/935 923/1229/1074 917/1084/933
f 917/1084/933 923/1229/1074 918/1230/1075
f 917/1084/933 918/1230/1075 912/1082/931
f 912/1082/931 918/1230/1075 913/1231/1076
f 912/1082/931 913/1231/1076 907/1080/929
f 907/1080/929 913/1231/1076 908/1232/1077
f 907/1080/929 908/1232/1077 902/1078/927
f 902/1078/927 908/1232/1077 903/1233/1078
f 902/1078/927 903/1233/1078 897/1076/925
f 897/1076/925 903/1233/1078 898/1234/1079
f 897/1076/925 898/1234/1079 892/1074/923
f 892/1074/923 898/1234/1079 893/1235/1080
f 892/1074/923 893/1235/1080 887/1072/921
f 887/1072/921 893/1235/1080 888/1236/1081
f 887/1072/921 888/1236/1081 882/1070/919
f 882/1070/919 888/1236/1081 883/1237/1082
f 882/1070/919 883/1237/1082 877/1068/917
f 877/1068/917 883/1237/1082 878/1238/1083
f 877/1068/917 878/1238/1083 872/1066/915
f 872/1066/915 878/1238/1083 873/1239/1084
f 872/1066/915 873/1239/1084 862/1064/913
f 862/1064/913 873/1239/1084 863/1149/996
f 858/1222/1067 859/1240/1085 953/1223/1068
f 953/1223/1068 859/1240/1085 954/1241/1086
f 953/1223/1068 954/1241/1086 948/1224/1069
f 948/1224/1069 954/1241/1086 949/1242/1087
f 948/1224/1069 949/1242/1087 943/1225/1070
f 943/1225/1070 949/1242/1087 944/1243/1088
f 943/1225/1070 944/1243/1088 938/1226/1071
f 938/1226/1071 944/1243/1088 939/1244/1089
f 938/1226/1071 939/1244/1089 933/1227/1072
f 933/1227/1072 939/1244/1089 934/1245/1090
f 933/1227/1072 934/1245/1090 928/1228/1073
f 928/1228/1073 934/1245/1090 929/1246/1091
f 928/1228/1073 929/1246/1091 923/1229/1074
f 923/1229/1074 929/1246/1091 924/1247/1092
f 923/1229/1074 924/1247/1092 918/1230/1075
f 918/1230/1075 924/1247/1092 919/1248/1093
f 918/1230/1075 919/1248/1093 913/1231/1076
f 913/1231/1076 919/1248/1093 914/1249/1094
f 913/1231/1076 914/1249/1094 908/1232/1077
f 908/1232/1077 914/1249/1094 909/1250/1095
f 908/1232/1077 909/1250/1095 903/1233/1078
f 903/1233/1078 909/1250/1095 904/1251/1096
f 903/1233/1078 904/1251/1096 898/1234/1079
f 898/1234/1079 904/1251/1096 899/1252/1097
f 898/1234/1079 899/1252/1097 893/1235/1080
f 893/1235/1080 899/1252/1097 894/1253/1098
f 893/1235/1080 894/1253/1098 888/1236/1081
f 888/1236/1081 894/1253/1098 889/1254/1099
f 888/1236/1081 889/1254/1099 883/1237/1082
f 883/1237/1082 889/1254/1099 884/1255/1100
f 883/1237/1082 884/1255/1100 878/1238/1083
f 878/1238/1083 884/1255/1100 879/1256/1101
f 878/1238/1083 879/1256/1101 873/1239/1084
f 873/1239/1084 879/1256/1101 874/1257/1102
f 873/1239/1084 874/1257/1102 863/1149/996
f 863/1149/996 874/1257/1102 864/1147/994
f 858/1258/1067 857/1101/949 958/1259/1103
f 958/1259/1103 857/1101/949 957/1104/951
f 958/1259/1103 957/1104/951 963/1260/1104
f 963/1260/1104 957/1104/951 962/1106/953
f 963/1260/1104 962/1106/953 968/1261/1105
f 968/1261/1105 962/1106/953 967/1108/955
f 968/1261/1105 967/1108/955 973/1262/1106
f 973/1262/1106 967/1108/955 972/1110/957
f 973/1262/1106 972/1110/957 978/1263/1107
f 978/1263/1107 972/1110/957 977/1112/959
f 978/1263/1107 977/1112/959 983/1264/1108
f 983/1264/1108 977/1112/959 982/1114/961
f 983/1264/1108 982/1114/961 988/1265/1109
f 988/1265/1109 982/1114/961 987/1116/963
f 988/1265/1109 987/1116/963 993/1266/1110
f 993/1266/1110 987/1116/963 992/1118/965
f 993/1266/1110 992/1118/965 998/1267/1111
f 998/1267/1111 992/1118/965 997/1120/967
f 998/1267/1111 997/1120/967 1003/1268/1112
f 1003/1268/1112 997/1120/967 1002/1122/969
f 1003/1268/1112 1002/1122/969 1008/1269/1113
f 1008/1269/1113 1002/1122/969 1007/1124/971
f 1008/1269/1113 1007/1124/971 1013/1270/1114
f 1013/1270/1114 1007/1124/971 1012/1126/973
f 1013/1270/1114 1012/1126/973 1018/1271/1115
f 1018/1271/1115 1012/1126/973 1017/1128/975
f 1018/1271/1115 1017/1128/975 1023/1272/1116
f 1023/1272/1116 1017/1128/975 1022/1130/977
f 1023/1272/1116 1022/1130/977 1028/1273/1117
f 1028/1273/1117 1022/1130/977 1027/1132/979
f 1028/1273/1117 1027/1132/979 1033/1274/1118
f 1033/1274/1118 1027/1132/979 1032/1134/981
f 1033/1274/1118 1032/1134/981 1038/1275/1119
f 1038/1275/1119 1032/1134/981 1037/1136/983
f 1038/1275/1119 1037/1136/983 1043/1276/1120
f 1043/1276/1120 1037/1136/983 1042/1138/985
f 1043/1276/1120 1042/1138/985 870/1148/995
f 870/1148/995 1042/1138/985 871/1062/911
f 859/1240/1085 860/1277/1121 954/1241/1086
f 954/1241/1086 860/1277/1121 955/1278/1122
f 954/1241/1086 955/1278/1122 949/1242/1087
f 949/1242/1087 955/1278/1122 950/1279/1123
f 949/1242/1087 950/1279/1123 944/1243/1088
f 944/1243/1088 950/1279/1123 945/1280/1124
f 944/1243/1088 945/1280/1124 939/1244/1089
f 939/1244/1089 945/1280/1124 940/1281/1125
f 939/1244/1089 940/1281/1125 934/1245/1090
f 934/1245/1090 940/1281/1125 935/1282/1126
f 934/1245/1090 935/1282/1126 929/1246/1091
f 929/1246/1091 935/1282/1126 930/1283/1127
f 929/1246/1091 930/1283/1127 924/1247/1092
f 924/1247/1092 930/1283/1127 925/1284/1128
f 924/1247/1092 925/1284/1128 919/1248/1093
f 919/1248/1093 925/1284/1128 920/1285/1129
f 919/1248/1093 920/1285/1129 914/1249/1094
f 914/1249/1094 920/1285/1129 915/1286/1130
f 914/1249/1094 915/1286/1130 909/1250/1095
f 909/1250/1095 915/1286/1130 910/1287/1131
f 909/1250/1095 910/1287/1131 904/1251/1096
f 904/1251/1096 910/1287/1131 905/1288/1132
f 904/1251/1096 905/1288/1132 899/1252/1097
f 899/1252/1097 905/1288/1132 900/1289/1133
f 899/1252/1097 900/1289/1133 894/1253/1098
f 894/1253/1098 900/1289/1133 895/1290/1134
f 894/1253/1098 895/1290/1134 889/1254/1099
f 889/1254/1099 895/1290/1134 890/1291/1135
f 889/1254/1099 890/1291/1135 884/1255/1100
f 884/1255/1100 890/1291/1135 885/1292/1136
f 884/1255/1100 885/1292/1136 879/1256/1101
f 879/1256/1101 885/1292/1136 880/1293/1137
f 879/1256/1101 880/1293/1137 874/1257/1102
f 874/1257/1102 880/1293/1137 875/1294/1138
f 874/1257/1102 875/1294/1138 864/1147/994
f 864/1147/994 875/1294/1138 865/1145/992
f 859/1295/1085 858/1258/1067 959/1296/1139
f 959/1296/1139 858/1258/1067 958/1259/1103
f 959/1296/1139 958/1259/1103 964/1297/1140
f 964/1297/1140 958/1259/1103 963/1260/1104
f 964/1297/1140 963/1260/1104 969/1298/1141
f 969/1298/1141 963/1260/1104 968/1261/1105
f 969/1298/1141 968/1261/1105 974/1299/1142
f 974/1299/1142 968/1261/1105 973/1262/1106
f 974/1299/1142 973/1262/1106 979/1300/1143
f 979/1300/1143 973/1262/1106 978/1263/1107
f 979/1300/1143 978/1263/1107 984/1301/1144
f 984/1301/1144 978/1263/1107 983/1264/1108
f 984/1301/1144 983/1264/1108 989/1302/1145
f 989/1302/1145 983/1264/1108 988/1265/1109
f 989/1302/1145 988/1265/1109 994/1303/1146
f 994/1303/1146 988/1265/1109 993/1266/1110
f 994/1303/1146 993/1266/1110 999/1304/1147
f 999/1304/1147 993/1266/1110 998/1267/1111
f 999/1304/1147 998/1267/1111 1004/1305/1148
f 1004/1305/1148 998/1267/1111 1003/1268/1112
f 1004/1305/1148 1003/1268/1112 1009/1306/1149
f 1009/1306/1149 1003/1268/1112 1008/1269/1113
f 1009/1306/1149 1008/1269/1113 1014/1307/1150
f 1014/1307/1150 1008/1269/1113 1013/1270/1114
f 1014/1307/1150 1013/1270/1114 1019/1308/1151
f 1019/1308/1151 1013/1270/1114 1018/1271/1115
f 1019/1308/1151 1018/1271/1115 1024/1309/1152
f 1024/1309/1152 1018/1271/1115 1023/1272/1116
f 1024/1309/1152 1023/1272/1116 1029/1310/1153
f 1029/1310/1153 1023/1272/1116 1028/1273/1117
f 1029/1310/1153 1028/1273/1117 1034/1311/1154
f 1034/1311/1154 1028/1273/1117 1033/1274/1118
f 1034/1311/1154 1033/1274/1118 1039/1312/1155
f 1039/1312/1155 1033/1274/1118 1038/1275/1119
f 1039/1312/1155 1038/1275/1119 1044/1313/1156
f 1044/1313/1156 1038/1275/1119 1043/1276/1120
f 1044/1313/1156 1043/1276/1120 869/1146/993
f 869/1146/993 1043/1276/1120 870/1148/995
f 860/1277/1121 861/1185/1031 955/1278/1122
f 955/1278/1122 861/1185/1031 956/1188/1033
f 955/1278/1122 956/1188/1033 950/1279/1123
f 950/1279/1123 956/1188/1033 951/1190/1035
f 950/1279/1123 951/1190/1035 945/1280/1124
f 945/1280/1124 951/1190/1035 946/1192/1037
f 945/1280/1124 946/1192/1037 940/1281/1125
f 940/1281/1125 946/1192/1037 941/1194/1039
f 940/1281/1125 941/1194/1039 935/1282/1126
f 935/1282/1126 941/1194/1039 936/1196/1041
f 935/1282/1126 936/1196/1041 930/1283/1127
f 930/1283/1127 936/1196/1041 931/1198/1043
f 930/1283/1127 931/1198/1043 925/1284/1128
f 925/1284/1128 931/1198/1043 926/1200/1045
f 925/1284/1128 926/1200/1045 920/1285/1129
f 920/1285/1129 926/1200/1045 921/1202/1047
f 920/1285/1129 921/1202/1047 915/1286/1130
f 915/1286/1130 921/1202/1047 916/1204/1049
f 915/1286/1130 916/1204/1049 910/1287/1131
f 910/1287/1131 916/1204/1049 911/1206/1051
f 910/1287/1131 911/1206/1051 905/1288/1132
f 905/1288/1132 911/1206/1051 906/1208/1053
f 905/1288/1132 906/1208/1053 900/1289/1133
f 900/1289/1133 906/1208/1053 901/1210/1055
f 900/1289/1133 901/1210/1055 895/1290/1134
f 895/1290/1134 901/1210/1055 896/1212/1057
f 895/1290/1134 896/1212/1057 890/1291/1135
f 890/1291/1135 896/1212/1057 891/1214/1059
f 890/1291/1135 891/1214/1059 885/1292/1136
f 885/1292/1136 891/1214/1059 886/1216/1061
f 885/1292/1136 886/1216/1061 880/1293/1137
f 880/1293/1137 886/1216/1061 881/1218/1063
f 880/1293/1137 881/1218/1063 875/1294/1138
f 875/1294/1138 881/1218/1063 876/1220/1065
f 875/1294/1138 876/1220/1065 865/1145/992
f 865/1145/992 876/1220/1065 866/1143/990
f 860/1314/1121 859/1295/1085 960/1315/1157
f 960/1315/1157 859/1295/1085 959/1296/1139
f 960/1315/1157 959/1296/1139 965/1316/1158
f 965/1316/1158 959/1296/1139 964/1297/1140
f 965/1316/1158 964/1297/1140 970/1317/1159
f 970/1317/1159 964/1297/1140 969/1298/1141
f 970/1317/1159 969/1298/1141 975/1318/1160
f 975/1318/1160 969/1298/1141 974/1299/1142
f 975/1318/1160 974/1299/1142 980/1319/1161
f 980/1319/1161 974/1299/1142 979/1300/1143
f 980/1319/1161 979/1300/1143 985/1320/1162
f 985/1320/1162 979/1300/1143 984/1301/1144
f 985/1320/1162 984/1301/1144 990/1321/1163
f 990/1321/1163 984/1301/1144 989/1302/1145
f 990/1321/1163 989/1302/1145 995/1322/1164
f 995/1322/1164 989/1302/1145 994/1303/1146
f 995/1322/1164 994/1303/1146 1000/1323/1165
f 1000/1323/1165 994/1303/1146 999/1304/1147
f 1000/1323/1165 999/1304/1147 1005/1324/1166
f 1005/1324/1166 999/1304/1147 1004/1305/1148
f 1005/1324/1166 1004/1305/1148 1010/1325/1167
f 1010/1325/1167 1004/1305/1148 1009/1306/1149
f 1010/1325/1167 1009/1306/1149 1015/1326/1168
f 1015/1326/1168 1009/1306/1149 1014/1307/1150
f 1015/1326/1168 1014/1307/1150 1020/1327/1169
f 1020/1327/1169 1014/1307/1150 1019/1308/1151
f 1020/1327/1169 1019/1308/1151 1025/1328/1170
f 1025/1328/1170 1019/1308/1151 1024/1309/1152
f 1025/1328/1170 1024/1309/1152 1030/1329/1171
f 1030/1329/1171 1024/1309/1152 1029/1310/1153
f 1030/1329/1171 1029/1310/1153 1035/1330/1172
f 1035/1330/1172 1029/1310/1153 1034/1311/1154
f 1035/1330/1172 1034/1311/1154 1040/1331/1173
f 1040/1331/1173 1034/1311/1154 1039/1312/1155
f 1040/1331/1173 1039/1312/1155 1045/1332/1174
f 1045/1332/1174 1039/1312/1155 1044/1313/1156
f 1045/1332/1174 1044/1313/1156 868/1144/991
f 868/1144/991 1044/1313/1156 869/1146/993
f 861/1184/1031 860/1314/1121 961/1182/1029
f 961/1182/1029 860/1314/1121 960/1315/1157
f 961/1182/1029 960/1315/1157 966/1180/1027
f 966/1180/1027 960/1315/1157 965/1316/1158
f 966/1180/1027 965/1316/1158 971/1178/1025
f 971/1178/1025 965/1316/1158 970/1317/1159
f 971/1178/1025 970/1317/1159 976/1176/1023
f 976/1176/1023 970/1317/1159 975/1318/1160
f 976/1176/1023 975/1318/1160 981/1174/1021
f 981/1174/1021 975/1318/1160 980/1319/1161
f 981/1174/1021 980/1319/1161 986/1172/1019
f 986/1172/1019 980/1319/1161 985/1320/1162
f 986/1172/1019 985/1320/1162 991/1170/1017
f 991/1170/1017 985/1320/1162 990/1321/1163
f 991/1170/1017 990/1321/1163 996/1168/1015
f 996/1168/1015 990/1321/1163 995/1322/1164
f 996/1168/1015 995/1322/1164 1001/1166/1013
f 1001/1166/1013 995/1322/1164 1000/1323/1165
f 1001/1166/1013 1000/1323/1165 1006/1164/1011
f 1006/1164/1011 1000/1323/1165 1005/1324/1166
f 1006/1164/1011 1005/1324/1166 1011/1162/1009
f 1011/1162/1009 1005/1324/1166 1010/1325/1167
f 1011/1162/1009 1010/1325/1167 1016/1160/1007
f 1016/1160/1007 1010/1325/1167 1015/1326/1168
f 1016/1160/1007 1015/1326/1168 1021/1158/1005
f 1021/1158/1005 1015/1326/1168 1020/1327/1169
f 1021/1158/1005 1020/1327/1169 1026/1156/1003
f 1026/1156/1003 1020/1327/1169 1025/1328/1170
f 1026/1156/1003 1025/1328/1170 1031/1154/1001
f 1031/1154/1001 1025/1328/1170 1030/1329/1171
f 1031/1154/1001 1030/1329/1171 1036/1152/999
f 1036/1152/999 1030/1329/1171 1035/1330/1172
f 1036/1152/999 1035/1330/1172 1041/1150/997
f 1041/1150/997 1035/1330/1172 1040/1331/1173
f 1041/1150/997 1040/1331/1173 1046/1140/987
f 1046/1140/987 1040/1331/1173 1045/1332/1174
f 1046/1140/987 1045/1332/1174 867/1142/989
f 867/1142/989 1045/1332/1174 868/1144/991
f 1048/1333/1175 839/1334/1032 1047/1335/1176
f 1047/1335/1176 839/1334/1032 838/1336/1030
f 1047/1335/1176 838/1336/1030 1079/1337/1177
f 1079/1337/1177 838/1336/1030 837/1338/1028
f 1079/1337/1177 837/1338/1028 1078/1339/1178
f 1078/1339/1178 837/1338/1028 836/1340/1026
f 1078/1339/1178 836/1340/1026 1077/1341/1179
f 1077/1341/1179 836/1340/1026 835/1342/1024
f 1077/1341/1179 835/1342/1024 1076/1343/1180
f 1076/1343/1180 835/1342/1024 834/1344/1022
f 1076/1343/1180 834/1344/1022 833/1345/1020
f 839/1334/1032 1048/1333/1175 840/1346/1034
f 840/1346/1034 1048/1333/1175 1049/1347/1181
f 840/1346/1034 1049/1347/1181 841/1348/1036
f 841/1348/1036 1049/1347/1181 1050/1349/1182
f 841/1348/1036 1050/1349/1182 842/1350/1038
f 842/1350/1038 1050/1349/1182 1051/1351/1183
f 842/1350/1038 1051/1351/1183 843/1352/1040
f 843/1352/1040 1051/1351/1183 844/1353/1042
f 844/1353/1042 1051/1351/1183 1052/1354/1184
f 844/1353/1042 1052/1354/1184 845/1355/1044
f 845/1355/1044 1052/1354/1184 1053/1356/1185
f 845/1355/1044 1053/1356/1185 846/1357/1046
f 846/1357/1046 1053/1356/1185 1054/1358/1186
f 846/1357/1046 1054/1358/1186 847/1359/1048
f 847/1359/1048 1054/1358/1186 1055/1360/1187
f 847/1359/1048 1055/1360/1187 848/1361/1050
f 848/1361/1050 1055/1360/1187 1056/1362/1188
f 848/1361/1050 1056/1362/1188 849/1363/1052
f 849/1363/1052 1056/1362/1188 1057/1364/1189
f 849/1363/1052 1057/1364/1189 850/1365/1054
f 850/1365/1054 1057/1364/1189 1058/1366/1190
f 850/1365/1054 1058/1366/1190 851/1367/1056
f 851/1367/1056 1058/1366/1190 1059/1368/1191
f 851/1367/1056 1059/1368/1191 852/1369/1058
f 852/1369/1058 1059/1368/1191 853/1370/1060
f 853/1370/1060 1059/1368/1191 1060/1371/1192
f 853/1370/1060 1060/1371/1192 854/1372/1062
f 854/1372/1062 1060/1371/1192 1061/1373/1193
f 854/1372/1062 1061/1373/1193 855/1374/1064
f 855/1374/1064 1061/1373/1193 1062/1375/1194
f 855/1374/1064 1062/1375/1194 856/1376/1066
f 856/1376/1066 1062/1375/1194 1063/1377/1195
f 856/1376/1066 1063/1377/1195 820/1378/988
f 820/1378/988 1063/1377/1195 1064/1379/1196
f 820/1378/988 1064/1379/1196 821/1380/986
f 821/1380/986 1064/1379/1196 1065/1381/1197
f 821/1380/986 1065/1381/1197 822/1382/998
f 822/1382/998 1065/1381/1197 1066/1383/1198
f 822/1382/998 1066/1383/1198 823/1384/1000
f 823/1384/1000 1066/1383/1198 1067/1385/1199
f 823/1384/1000 1067/1385/1199 824/1386/1002
f 824/1386/1002 1067/1385/1199 1068/1387/1200
f 824/1386/1002 1068/1387/1200 825/1388/1004
f 825/1388/1004 1068/1387/1200 826/1389/1006
f 826/1389/1006 1068/1387/1200 1069/1390/1201
f 826/1389/1006 1069/1390/1201 827/1391/1008
f 827/1391/1008 1069/1390/1201 1070/1392/1202
f 827/1391/1008 1070/1392/1202 828/1393/1010
f 828/1393/1010 1070/1392/1202 1071/1394/1203
f 828/1393/1010 1071/1394/1203 829/1395/1012
f 829/1395/1012 1071/1394/1203 1072/1396/1204
f 829/1395/1012 1072/1396/1204 830/1397/1014
f 830/1397/1014 1072/1396/1204 1073/1398/1205
f 830/1397/1014 1073/1398/1205 831/1399/1016
f 831/1399/1016 1073/1398/1205 1074/1400/1206
f 831/1399/1016 1074/1400/1206 832/1401/1018
f 832/1401/1018 1074/1400/1206 1075/1402/1207
f 832/1401/1018 1075/1402/1207 833/1345/1020
f 833/1345/1020 1075/1402/1207 1076/1343/1180
f 780/1403/1208 782/1404/912 742/1405/1209
f 742/1405/1209 782/1404/912 781/1406/910
f 742/1407/1209 781/1408/910 743/1409/1210
f 743/1409/1210 781/1408/910 819/1410/909
f 743/1409/1210 819/1410/909 818/1411/984
f 780/1403/1208 779/1412/1211 782/1404/912
f 782/1404/912 779/1412/1211 783/1413/914
f 783/1413/914 779/1412/1211 778/1414/1212
f 783/1413/914 778/1414/1212 784/1415/916
f 784/1415/916 778/1414/1212 777/1416/1213
f 784/1415/916 777/1416/1213 785/1417/918
f 785/1417/918 777/1416/1213 776/1418/1214
f 785/1417/918 776/1418/1214 786/1419/920
f 786/1419/920 776/1418/1214 775/1420/1215
f 786/1419/920 775/1420/1215 787/1421/922
f 787/1421/922 775/1420/1215 774/1422/1216
f 787/1421/922 774/1422/1216 788/1423/924
f 788/1423/924 774/1422/1216 773/1424/1217
f 788/1423/924 773/1424/1217 789/1425/926
f 789/1425/926 773/1424/1217 772/1426/1218
f 789/1425/926 772/1426/1218 790/1427/928
f 790/1427/928 772/1426/1218 771/1428/1219
f 790/1427/928 771/1428/1219 791/1429/930
f 791/1429/930 771/1428/1219 770/1430/1220
f 791/1429/930 770/1430/1220 792/1431/932
f 792/1431/932 770/1430/1220 769/1432/1221
f 792/1431/932 769/1432/1221 793/1433/934
f 793/1433/934 769/1432/1221 768/1434/1222
f 793/1433/934 768/1434/1222 794/1435/936
f 794/1435/936 768/1434/1222 767/1436/1223
f 794/1435/936 767/1436/1223 795/1437/938
f 795/1437/938 767/1436/1223 766/1438/1224
f 795/1437/938 766/1438/1224 796/1439/940
f 796/1439/940 766/1438/1224 765/1440/1225
f 796/1439/940 765/1440/1225 797/1441/942
f 797/1441/942 765/1440/1225 764/1442/1226
f 797/1441/942 764/1442/1226 798/1443/944
f 798/1443/944 764/1442/1226 763/1444/1227
f 798/1443/944 763/1444/1227 799/1445/946
f 799/1445/946 763/1444/1227 762/1446/1228
f 799/1445/946 762/1446/1228 800/1447/948
f 800/1447/948 762/1446/1228 761/1448/1229
f 800/1447/948 761/1448/1229 801/1449/950
f 801/1449/950 761/1448/1229 760/1450/1230
f 801/1449/950 760/1450/1230 802/1451/952
f 802/1451/952 760/1450/1230 759/1452/1231
f 802/1451/952 759/1452/1231 803/1453/954
f 803/1453/954 759/1452/1231 758/1454/1232
f 803/1453/954 758/1454/1232 804/1455/956
f 804/1455/956 758/1454/1232 757/1456/1233
f 804/1455/956 757/1456/1233 805/1457/958
f 805/1457/958 757/1456/1233 756/1458/1234
f 805/1457/958 756/1458/1234 806/1459/960
f 806/1459/960 756/1458/1234 755/1460/1235
f 806/1459/960 755/1460/1235 807/1461/962
f 807/1461/962 755/1460/1235 754/1462/1236
f 807/1461/962 754/1462/1236 808/1463/964
f 808/1463/964 754/1462/1236 753/1464/1237
f 808/1463/964 753/1464/1237 809/1465/966
f 809/1465/966 753/1464/1237 752/1466/1238
f 809/1465/966 752/1466/1238 810/1467/968
f 810/1467/968 752/1466/1238 751/1468/1239
f 810/1467/968 751/1468/1239 811/1469/970
f 811/1469/970 751/1468/1239 750/1470/1240
f 811/1469/970 750/1470/1240 812/1471/972
f 812/1471/972 750/1470/1240 749/1472/1241
f 812/1471/972 749/1472/1241 813/1473/974
f 813/1473/974 749/1472/1241 748/1474/1242
f 813/1473/974 748/1474/1242 814/1475/976
f 814/1475/976 748/1474/1242 747/1476/1243
f 814/1475/976 747/1476/1243 815/1477/978
f 815/1477/978 747/1476/1243 746/1478/1244
f 815/1477/978 746/1478/1244 816/1479/980
f 816/1479/980 746/1478/1244 745/1480/1245
f 816/1479/980 745/1480/1245 817/1481/982
f 817/1481/982 745/1480/1245 744/1482/1246
f 817/1481/982 744/1482/1246 818/1411/984
f 818/1411/984 744/1482/1246 743/1409/1210
f 1081/1483/1247 1107/1484/1248 1080/1485/1249
f 1080/1485/1249 1107/1484/1248 1104/1486/1250
f 1080/1487/1249 1104/1488/1250 1219/1489/1251
f 1219/1489/1251 1104/1488/1250 1105/1490/1252
f 1219/1489/1251 1105/1490/1252 1218/1491/1253
f 1218/1491/1253 1105/1490/1252 1047/1492/1176
f 1218/1491/1253 1047/1492/1176 1079/1493/1177
f 1082/1494/1254 1158/1495/1255 1081/1483/1247
f 1081/1483/1247 1158/1495/1255 1160/1496/1256
f 1081/1483/1247 1160/1496/1256 1107/1484/1248
f 1107/1484/1248 1160/1496/1256 1159/1497/1257
f 1107/1484/1248 1159/1497/1257 1157/1498/1258
f 1157/1498/1258 1159/1497/1257 1048/1499/1175
f 1157/1498/1258 1048/1499/1175 1047/1500/1176
f 1083/1501/1259 1111/1502/1260 1082/1494/1254
f 1082/1494/1254 1111/1502/1260 1162/1503/1261
f 1082/1494/1254 1162/1503/1261 1109/1504/1262
f 1109/1504/1262 1162/1503/1261 1108/1505/1263
f 1109/1504/1262 1108/1505/1263 1229/1506/1264
f 1229/1506/1264 1108/1505/1263 1049/1507/1181
f 1229/1506/1264 1049/1507/1181 1106/1508/1265
f 1106/1508/1265 1049/1507/1181 1048/1499/1175
f 1106/1508/1265 1048/1499/1175 1159/1497/1257
f 1084/1509/1266 1163/1510/1267 1083/1501/1259
f 1083/1501/1259 1163/1510/1267 1165/1511/1268
f 1083/1501/1259 1165/1511/1268 1111/1502/1260
f 1111/1502/1260 1165/1511/1268 1110/1512/1269
f 1111/1502/1260 1110/1512/1269 1161/1513/1270
f 1161/1513/1270 1110/1512/1269 1050/1514/1182
f 1161/1513/1270 1050/1514/1182 1108/1505/1263
f 1108/1505/1263 1050/1514/1182 1049/1507/1181
f 1085/1515/1271 1166/1516/1272 1084/1509/1266
f 1084/1509/1266 1166/1516/1272 1168/1517/1273
f 1084/1509/1266 1168/1517/1273 1114/1518/1274
f 1114/1518/1274 1168/1517/1273 1167/1519/1275
f 1114/1518/1274 1167/1519/1275 1112/1520/1276
f 1112/1520/1276 1167/1519/1275 1052/1521/1184
f 1112/1520/1276 1052/1521/1184 1051/1522/1183
f 1086/1523/1277 1118/1524/1278 1085/1515/1271
f 1085/1515/1271 1118/1524/1278 1170/1525/1279
f 1085/1515/1271 1170/1525/1279 1116/1526/1280
f 1116/1526/1280 1170/1525/1279 1169/1527/1281
f 1116/1526/1280 1169/1527/1281 1115/1528/1282
f 1115/1528/1282 1169/1527/1281 1054/1529/1186
f 1115/1528/1282 1054/1529/1186 1053/1530/1185
f 1087/1531/1283 1171/1532/1284 1086/1523/1277
f 1086/1523/1277 1171/1532/1284 1173/1533/1285
f 1086/1523/1277 1173/1533/1285 1118/1524/1278
f 1118/1524/1278 1173/1533/1285 1172/1534/1286
f 1118/1524/1278 1172/1534/1286 1117/1535/1287
f 1117/1535/1287 1172/1534/1286 1055/1536/1187
f 1117/1535/1287 1055/1536/1187 1054/1529/1186
f 1088/1537/1288 1122/1538/1289 1087/1531/1283
f 1087/1531/1283 1122/1538/1289 1175/1539/1290
f 1087/1531/1283 1175/1539/1290 1121/1540/1291
f 1121/1540/1291 1175/1539/1290 1120/1541/1292
f 1121/1540/1291 1120/1541/1292 1228/1542/1293
f 1228/1542/1293 1120/1541/1292 1056/1543/1188
f 1228/1542/1293 1056/1543/1188 1119/1544/1294
f 1119/1544/1294 1056/1543/1188 1055/1536/1187
f 1119/1544/1294 1055/1536/1187 1172/1534/1286
f 1089/1545/1295 1124/1546/1296 1088/1537/1288
f 1088/1537/1288 1124/1546/1296 1178/1547/1297
f 1088/1537/1288 1178/1547/1297 1227/1548/1298
f 1227/1548/1298 1178/1547/1297 1177/1549/1299
f 1227/1548/1298 1177/1549/1299 1226/1550/1300
f 1226/1550/1300 1177/1549/1299 1058/1551/1190
f 1226/1550/1300 1058/1551/1190 1057/1552/1189
f 1090/1553/1301 1179/1554/1302 1089/1545/1295
f 1089/1545/1295 1179/1554/1302 1181/1555/1303
f 1089/1545/1295 1181/1555/1303 1124/1546/1296
f 1124/1546/1296 1181/1555/1303 1180/1556/1304
f 1124/1546/1296 1180/1556/1304 1176/1557/1305
f 1176/1557/1305 1180/1556/1304 1059/1558/1191
f 1176/1557/1305 1059/1558/1191 1058/1551/1190
f 1091/1559/1306 1128/1560/1307 1090/1553/1301
f 1090/1553/1301 1128/1560/1307 1183/1561/1308
f 1090/1553/1301 1183/1561/1308 1126/1562/1309
f 1126/1562/1309 1183/1561/1308 1125/1563/1310
f 1126/1562/1309 1125/1563/1310 1225/1564/1311
f 1225/1564/1311 1125/1563/1310 1060/1565/1192
f 1225/1564/1311 1060/1565/1192 1123/1566/1312
f 1123/1566/1312 1060/1565/1192 1059/1558/1191
f 1123/1566/1312 1059/1558/1191 1180/1556/1304
f 1092/1567/1313 1184/1568/1314 1091/1559/1306
f 1091/1559/1306 1184/1568/1314 1186/1569/1315
f 1091/1559/1306 1186/1569/1315 1128/1560/1307
f 1128/1560/1307 1186/1569/1315 1127/1570/1316
f 1128/1560/1307 1127/1570/1316 1182/1571/1317
f 1182/1571/1317 1127/1570/1316 1061/1572/1193
f 1182/1571/1317 1061/1572/1193 1125/1563/1310
f 1125/1563/1310 1061/1572/1193 1060/1565/1192
f 1093/1573/1318 1187/1574/1319 1092/1567/1313
f 1092/1567/1313 1187/1574/1319 1189/1575/1320
f 1092/1567/1313 1189/1575/1320 1131/1576/1321
f 1131/1576/1321 1189/1575/1320 1188/1577/1322
f 1131/1576/1321 1188/1577/1322 1129/1578/1323
f 1129/1578/1323 1188/1577/1322 1063/1579/1195
f 1129/1578/1323 1063/1579/1195 1062/1580/1194
f 1094/1581/1324 1135/1582/1325 1093/1573/1318
f 1093/1573/1318 1135/1582/1325 1191/1583/1326
f 1093/1573/1318 1191/1583/1326 1133/1584/1327
f 1133/1584/1327 1191/1583/1326 1190/1585/1328
f 1133/1584/1327 1190/1585/1328 1132/1586/1329
f 1132/1586/1329 1190/1585/1328 1065/1587/1197
f 1132/1586/1329 1065/1587/1197 1064/1588/1196
f 1095/1589/1330 1192/1590/1331 1094/1581/1324
f 1094/1581/1324 1192/1590/1331 1194/1591/1332
f 1094/1581/1324 1194/1591/1332 1135/1582/1325
f 1135/1582/1325 1194/1591/1332 1193/1592/1333
f 1135/1582/1325 1193/1592/1333 1134/1593/1334
f 1134/1593/1334 1193/1592/1333 1066/1594/1198
f 1134/1593/1334 1066/1594/1198 1065/1587/1197
f 1096/1595/1335 1139/1596/1336 1095/1589/1330
f 1095/1589/1330 1139/1596/1336 1196/1597/1337
f 1095/1589/1330 1196/1597/1337 1138/1598/1338
f 1138/1598/1338 1196/1597/1337 1137/1599/1339
f 1138/1598/1338 1137/1599/1339 1224/1600/1340
f 1224/1600/1340 1137/1599/1339 1067/1601/1199
f 1224/1600/1340 1067/1601/1199 1136/1602/1341
f 1136/1602/1341 1067/1601/1199 1066/1594/1198
f 1136/1602/1341 1066/1594/1198 1193/1592/1333
f 1097/1603/1342 1141/1604/1343 1096/1595/1335
f 1096/1595/1335 1141/1604/1343 1199/1605/1344
f 1096/1595/1335 1199/1605/1344 1223/1606/1345
f 1223/1606/1345 1199/1605/1344 1198/1607/1346
f 1223/1606/1345 1198/1607/1346 1222/1608/1347
f 1222/1608/1347 1198/1607/1346 1069/1609/1201
f 1222/1608/1347 1069/1609/1201 1068/1610/1200
f 1098/1611/1348 1200/1612/1349 1097/1603/1342
f 1097/1603/1342 1200/1612/1349 1202/1613/1350
f 1097/1603/1342 1202/1613/1350 1141/1604/1343
f 1141/1604/1343 1202/1613/1350 1201/1614/1351
f 1141/1604/1343 1201/1614/1351 1197/1615/1352
f 1197/1615/1352 1201/1614/1351 1070/1616/1202
f 1197/1615/1352 1070/1616/1202 1069/1609/1201
f 1099/1617/1353 1145/1618/1354 1098/1611/1348
f 1098/1611/1348 1145/1618/1354 1204/1619/1355
f 1098/1611/1348 1204/1619/1355 1143/1620/1356
f 1143/1620/1356 1204/1619/1355 1142/1621/1357
f 1143/1620/1356 1142/1621/1357 1221/1622/1358
f 1221/1622/1358 1142/1621/1357 1071/1623/1203
f 1221/1622/1358 1071/1623/1203 1140/1624/1359
f 1140/1624/1359 1071/1623/1203 1070/1616/1202
f 1140/1624/1359 1070/1616/1202 1201/1614/1351
f 1100/1625/1360 1205/1626/1361 1099/1617/1353
f 1099/1617/1353 1205/1626/1361 1207/1627/1362
f 1099/1617/1353 1207/1627/1362 1145/1618/1354
f 1145/1618/1354 1207/1627/1362 1144/1628/1363
f 1145/1618/1354 1144/1628/1363 1203/1629/1364
f 1203/1629/1364 1144/1628/1363 1072/1630/1204
f 1203/1629/1364 1072/1630/1204 1142/1621/1357
f 1142/1621/1357 1072/1630/1204 1071/1623/1203
f 1101/1631/1365 1208/1632/1366 1100/1625/1360
f 1100/1625/1360 1208/1632/1366 1210/1633/1367
f 1100/1625/1360 1210/1633/1367 1148/1634/1368
f 1148/1634/1368 1210/1633/1367 1209/1635/1369
f 1148/1634/1368 1209/1635/1369 1146/1636/1370
f 1146/1636/1370 1209/1635/1369 1074/1637/1206
f 1146/1636/1370 1074/1637/1206 1073/1638/1205
f 1102/1639/1371 1152/1640/1372 1101/1631/1365
f 1101/1631/1365 1152/1640/1372 1212/1641/1373
f 1101/1631/1365 1212/1641/1373 1150/1642/1374
f 1150/1642/1374 1212/1641/1373 1211/1643/1375
f 1150/1642/1374 1211/1643/1375 1149/1644/1376
f 1149/1644/1376 1211/1643/1375 1076/1645/1180
f 1149/1644/1376 1076/1645/1180 1075/1646/1207
f 1103/1647/1377 1213/1648/1378 1102/1639/1371
f 1102/1639/1371 1213/1648/1378 1215/1649/1379
f 1102/1639/1371 1215/1649/1379 1152/1640/1372
f 1152/1640/1372 1215/1649/1379 1214/1650/1380
f 1152/1640/1372 1214/1650/1380 1151/1651/1381
f 1151/1651/1381 1214/1650/1380 1077/1652/1179
f 1151/1651/1381 1077/1652/1179 1076/1645/1180
f 1080/1487/1249 1156/1653/1382 1103/1647/1377
f 1103/1647/1377 1156/1653/1382 1217/1654/1383
f 1103/1647/1377 1217/1654/1383 1155/1655/1384
f 1155/1655/1384 1217/1654/1383 1154/1656/1385
f 1155/1655/1384 1154/1656/1385 1220/1657/1386
f 1220/1657/1386 1154/1656/1385 1078/1658/1178
f 1220/1657/1386 1078/1658/1178 1153/1659/1387
f 1153/1659/1387 1078/1658/1178 1077/1652/1179
f 1153/1659/1387 1077/1652/1179 1214/1650/1380
f 1078/1658/1178 1154/1656/1385 1079/1493/1177
f 1079/1493/1177 1154/1656/1385 1216/1660/1388
f 1079/1493/1177 1216/1660/1388 1218/1491/1253
f 1218/1491/1253 1216/1660/1388 1156/1653/1382
f 1218/1491/1253 1156/1653/1382 1219/1489/1251
f 1219/1489/1251 1156/1653/1382 1080/1487/1249
f 1149/1644/1376 1075/1646/1207 1147/1661/1389
f 1147/1661/1389 1075/1646/1207 1074/1637/1206
f 1147/1661/1389 1074/1637/1206 1209/1635/1369
f 1072/1630/1204 1144/1628/1363 1073/1638/1205
f 1073/1638/1205 1144/1628/1363 1206/1662/1390
f 1073/1638/1205 1206/1662/1390 1146/1636/1370
f 1146/1636/1370 1206/1662/1390 1205/1626/1361
f 1146/1636/1370 1205/1626/1361 1148/1634/1368
f 1148/1634/1368 1205/1626/1361 1100/1625/1360
f 1067/1601/1199 1137/1599/1339 1068/1610/1200
f 1068/1610/1200 1137/1599/1339 1195/1663/1391
f 1068/1610/1200 1195/1663/1391 1222/1608/1347
f 1222/1608/1347 1195/1663/1391 1139/1596/1336
f 1222/1608/1347 1139/1596/1336 1223/1606/1345
f 1223/1606/1345 1139/1596/1336 1096/1595/1335
f 1132/1586/1329 1064/1588/1196 1130/1664/1392
f 1130/1664/1392 1064/1588/1196 1063/1579/1195
f 1130/1664/1392 1063/1579/1195 1188/1577/1322
f 1061/1572/1193 1127/1570/1316 1062/1580/1194
f 1062/1580/1194 1127/1570/1316 1185/1665/1393
f 1062/1580/1194 1185/1665/1393 1129/1578/1323
f 1129/1578/1323 1185/1665/1393 1184/1568/1314
f 1129/1578/1323 1184/1568/1314 1131/1576/1321
f 1131/1576/1321 1184/1568/1314 1092/1567/1313
f 1056/1543/1188 1120/1541/1292 1057/1552/1189
f 1057/1552/1189 1120/1541/1292 1174/1666/1394
f 1057/1552/1189 1174/1666/1394 1226/1550/1300
f 1226/1550/1300 1174/1666/1394 1122/1538/1289
f 1226/1550/1300 1122/1538/1289 1227/1548/1298
f 1227/1548/1298 1122/1538/1289 1088/1537/1288
f 1115/1528/1282 1053/1530/1185 1113/1667/1395
f 1113/1667/1395 1053/1530/1185 1052/1521/1184
f 1113/1667/1395 1052/1521/1184 1167/1519/1275
f 1050/1514/1182 1110/1512/1269 1051/1522/1183
f 1051/1522/1183 1110/1512/1269 1164/1668/1396
f 1051/1522/1183 1164/1668/1396 1112/1520/1276
f 1112/1520/1276 1164/1668/1396 1163/1510/1267
f 1112/1520/1276 1163/1510/1267 1114/1518/1274
f 1114/1518/1274 1163/1510/1267 1084/1509/1266
f 1047/1500/1176 1105/1669/1252 1157/1498/1258
f 1157/1498/1258 1105/1669/1252 1104/1486/1250
f 1157/1498/1258 1104/1486/1250 1107/1484/1248
f 1158/1495/1255 1082/1494/1254 1109/1504/1262
f 1166/1516/1272 1085/1515/1271 1116/1526/1280
f 1171/1532/1284 1087/1531/1283 1121/1540/1291
f 1058/1551/1190 1177/1549/1299 1176/1557/1305
f 1176/1557/1305 1177/1549/1299 1178/1547/1297
f 1176/1557/1305 1178/1547/1297 1124/1546/1296
f 1179/1554/1302 1090/1553/1301 1126/1562/1309
f 1187/1574/1319 1093/1573/1318 1133/1584/1327
f 1192/1590/1331 1095/1589/1330 1138/1598/1338
f 1069/1609/1201 1198/1607/1346 1197/1615/1352
f 1197/1615/1352 1198/1607/1346 1199/1605/1344
f 1197/1615/1352 1199/1605/1344 1141/1604/1343
f 1200/1612/1349 1098/1611/1348 1143/1620/1356
f 1208/1632/1366 1101/1631/1365 1150/1642/1374
f 1213/1648/1378 1103/1647/1377 1155/1655/1384
f 1159/1497/1257 1160/1496/1256 1106/1508/1265
f 1106/1508/1265 1160/1496/1256 1158/1495/1255
f 1106/1508/1265 1158/1495/1255 1229/1506/1264
f 1229/1506/1264 1158/1495/1255 1109/1504/1262
f 1108/1505/1263 1162/1503/1261 1161/1513/1270
f 1161/1513/1270 1162/1503/1261 1111/1502/1260
f 1110/1512/1269 1165/1511/1268 1164/1668/1396
f 1164/1668/1396 1165/1511/1268 1163/1510/1267
f 1167/1519/1275 1168/1517/1273 1113/1667/1395
f 1113/1667/1395 1168/1517/1273 1166/1516/1272
f 1113/1667/1395 1166/1516/1272 1115/1528/1282
f 1115/1528/1282 1166/1516/1272 1116/1526/1280
f 1169/1527/1281 1170/1525/1279 1117/1535/1287
f 1117/1535/1287 1170/1525/1279 1118/1524/1278
f 1054/1529/1186 1169/1527/1281 1117/1535/1287
f 1172/1534/1286 1173/1533/1285 1119/1544/1294
f 1119/1544/1294 1173/1533/1285 1171/1532/1284
f 1119/1544/1294 1171/1532/1284 1228/1542/1293
f 1228/1542/1293 1171/1532/1284 1121/1540/1291
f 1120/1541/1292 1175/1539/1290 1174/1666/1394
f 1174/1666/1394 1175/1539/1290 1122/1538/1289
f 1180/1556/1304 1181/1555/1303 1123/1566/1312
f 1123/1566/1312 1181/1555/1303 1179/1554/1302
f 1123/1566/1312 1179/1554/1302 1225/1564/1311
f 1225/1564/1311 1179/1554/1302 1126/1562/1309
f 1125/1563/1310 1183/1561/1308 1182/1571/1317
f 1182/1571/1317 1183/1561/1308 1128/1560/1307
f 1127/1570/1316 1186/1569/1315 1185/1665/1393
f 1185/1665/1393 1186/1569/1315 1184/1568/1314
f 1188/1577/1322 1189/1575/1320 1130/1664/1392
f 1130/1664/1392 1189/1575/1320 1187/1574/1319
f 1130/1664/1392 1187/1574/1319 1132/1586/1329
f 1132/1586/1329 1187/1574/1319 1133/1584/1327
f 1190/1585/1328 1191/1583/1326 1134/1593/1334
f 1134/1593/1334 1191/1583/1326 1135/1582/1325
f 1065/1587/1197 1190/1585/1328 1134/1593/1334
f 1193/1592/1333 1194/1591/1332 1136/1602/1341
f 1136/1602/1341 1194/1591/1332 1192/1590/1331
f 1136/1602/1341 1192/1590/1331 1224/1600/1340
f 1224/1600/1340 1192/1590/1331 1138/1598/1338
f 1137/1599/1339 1196/1597/1337 1195/1663/1391
f 1195/1663/1391 1196/1597/1337 1139/1596/1336
f 1201/1614/1351 1202/1613/1350 1140/1624/1359
f 1140/1624/1359 1202/1613/1350 1200/1612/1349
f 1140/1624/1359 1200/1612/1349 1221/1622/1358
f 1221/1622/1358 1200/1612/1349 1143/1620/1356
f 1142/1621/1357 1204/1619/1355 1203/1629/1364
f 1203/1629/1364 1204/1619/1355 1145/1618/1354
f 1144/1628/1363 1207/1627/1362 1206/1662/1390
f 1206/1662/1390 1207/1627/1362 1205/1626/1361
f 1209/1635/1369 1210/1633/1367 1147/1661/1389
f 1147/1661/1389 1210/1633/1367 1208/1632/1366
f 1147/1661/1389 1208/1632/1366 1149/1644/1376
f 1149/1644/1376 1208/1632/1366 1150/1642/1374
f 1211/1643/1375 1212/1641/1373 1151/1651/1381
f 1151/1651/1381 1212/1641/1373 1152/1640/1372
f 1076/1645/1180 1211/1643/1375 1151/1651/1381
f 1214/1650/1380 1215/1649/1379 1153/1659/1387
f 1153/1659/1387 1215/1649/1379 1213/1648/1378
f 1153/1659/1387 1213/1648/1378 1220/1657/1386
f 1220/1657/1386 1213/1648/1378 1155/1655/1384
f 1154/1656/1385 1217/1654/1383 1216/1660/1388
f 1216/1660/1388 1217/1654/1383 1156/1653/1382
f 1103/1670/1397 1093/1671/1398 1080/1672/1399
f 1080/1672/1399 1093/1671/1398 1092/1673/1400
f 1080/1672/1399 1092/1673/1400 1081/1674/1401
f 1081/1674/1401 1092/1673/1400 1091/1675/1402
f 1081/1674/1401 1091/1675/1402 1082/1676/1403
f 1082/1676/1403 1091/1675/1402 1090/1677/1404
f 1082/1676/1403 1090/1677/1404 1083/1678/1405
f 1083/1678/1405 1090/1677/1404 1089/1679/1406
f 1083/1678/1405 1089/1679/1406 1084/1680/1407
f 1084/1680/1407 1089/1679/1406 1088/1681/1408
f 1084/1680/1407 1088/1681/1408 1085/1682/1409
f 1085/1682/1409 1088/1681/1408 1087/1683/1410
f 1085/1682/1409 1087/1683/1410 1086/1684/1411
f 1093/1671/1398 1103/1670/1397 1094/1685/1412
f 1094/1685/1412 1103/1670/1397 1102/1686/1413
f 1094/1685/1412 1102/1686/1413 1095/1687/1414
f 1095/1687/1414 1102/1686/1413 1101/1688/1415
f 1095/1687/1414 1101/1688/1415 1096/1689/1416
f 1096/1689/1416 1101/1688/1415 1100/1690/1417
f 1096/1689/1416 1100/1690/1417 1097/1691/1418
f 1097/1691/1418 1100/1690/1417 1099/1692/1419
f 1097/1691/1418 1099/1692/1419 1098/1693/1420
# 1229 vertices
# 1693 texture params
# 1420 normals
# 2454 facets

# 1 groups
